Unnamed: 0,text,label
0,itemnya bagus buku buku mahal dikurangi suka buku membeli buku terima kasih,Love
1,samain packing ikan,Anger
2,instruksi rakitnya ginana item berbeda pesan,Anger
3,packing oke banget ikannya mantebbb langganan nih,Love
4,susah bikinnya ga ngerti ribet packing yg lecek robek kertasnya ya uda,Anger
5,jos mantap udah tes nya normal tinggal coba hasil suaranya aja moga suaranya kendala,Happy
6,order datangnya ketahuan nya dibongkar diberesin masuk kotak kemasan yg isinya complain ditolak krn gaada video unboxing unilever official account dipercaya,Fear
7,tebal berkualitas jaketnya stylish keren modelnya,Happy
8,permintaan posisi rumah bentaru cilane jakarta piccasi celera pidato cepat mengambil,Anger
9,,Anger
10,barang nya selamat coba lumayan bagus sesuai harga next beli alat packaging aman bagus,Love
11,pengepakan dijamin bersemangat bungkus gelembung cepat proses senin malam periksa pagi kirim rabu sore cepat puas terima kasih sukses,Love
12,original amazon proses pesanan cepat packaging aman packaging rapi respon penjualnya top gampang enak baca,Happy
13,jamnya berfungsi normal bahannya bagus ukuran sesuai nyaman dipakai,Happy
14,pengiriman kilat cepet banget nyampenya beli malem langsung dikirim harga lbh murah terima kasih,Love
15,mkshhhh klien syukkkaaaa,Love
16,hidup,Fear
17,barang bagus kebocoran outlet dioperasikan,Sadness
18,bagasi sesuai beban mohon pendataan bagasi cermat,Fear
19,build kokoh kakinya gampang diatur berfungsi berfungsi,Happy
20,gumush bgt cutternyaa warna pinkkknya cutee seneng bangedddd lochh thank deliii peralatannya lengkap keren,Love
21,barang sesuai gambar packing rapi pengiriman cepat,Happy
22,keluhan,Fear
23,penjual mengirim elemen membeli alih menuduh pembeli perbedaan perbedaan upaya memverifikasi sistem penyortiran,Anger
24,pengiriman standart buku aman,Happy
25,pdhl beli tanggla bilang souvenir dtg cm susu nya genting,Anger
26,kotaknya pembungkus penyok jelek,Anger
27,deskripsi warna sesuai,Fear
28,ikan betta hebat menyantuni wujud menyesuaikan air sirip ekor akuarium bgt,Love
29,kecewa banget pengiriman dibungkus buble wrap doang sehinga ptodak yg pecah prodak yg bocor dikirim dikomplain disuruh kirim bayar ongkosnya rp ribu dikembalikan rp ribu sj quality kontrolnya jelek pengemasan nya seadanya sj,Fear
30,beli stik alhamdulillah packingnya pakai bubble wrap rapi stik coba pakai stik nya berfungsi normal catatan pakai main game yg ringan game yg bertipe membutuhkan ritme kecepatan menggerakkan analog menekan tombol yg keras berkali game fighting main game bertipe casual terimakasih,Happy
31,gambar penawaran alternatif berisi hadiah harga berbeda,Fear
32,ga jujur orang dagang,Anger
33,barang sesuai pesanan gold d kirim warna putih merk,Anger
34,harga terjangkau adaptor yg berfungsi power cek engineering jg betulkan please check properly sent packages make sure item works,Fear
35,sesuai gambar ok trims,Happy
36,defect dikit ujungnya tp gpp,Happy
37,pesanan diproses,Sadness
38,barang pecah rusak diterima,Fear
39,dipenjualan tertulis obeng magnet bohong obengnya ga magnet sengit melancarkan hidup perlengkapan lengkap parah,Sadness
40,deskripsi diameter kandidat salah cocok lensa lensa,Sadness
41,jahitan rapi modelnya cantik nyaman dipakai bahannya adem menerawang,Love
42,mantap langsung,Happy
43,packing rapi n aman produk sesuai pesanan seller responsif utk dendeng ny blm dicoba ya enak thanks,Happy
44,istimewa,Love
45,upload transfer file komputer player padalhan gonti usb cable pelajaran yg termulia update usb drive nya beli external memory card tertulis internal,Sadness
46,packaging barang utuh dikirim anggoto keluarga isoman semoga membantu pemulihan promo ya real food sukses,Happy
47,tali krng,Sadness
48,barang sdh diterima dlm kondisi packing bagus rapi pengiriman cepat mksh,Happy
49,barang sesuai gambar payah,Anger
50,bubel ud atc,Fear
51,packing sesuai deskripsi kardussss bekassssss,Anger
52,memesan harga murah kemasan super aman rusak menerimanya,Love
53,salah kirim bawaan dibantu retur retur bawaan yg dikirim usang retak bobot eye shadow nya menunggu utk retur semoga dibantu utk retur,Fear
54,barang terima yg bocor yg tren barang padu deskripsi,Sadness
55,lidah kerudung kelebaran,Sadness
56,nympe,Anger
57,penjual gak jujur respon kebanyakan bot,Anger
58,penjual teliti saran kpd pembeli hasil embossed nama berwarna putih kontras jelek perpaduannya nomor diembose sdh tercatat penjual lalai mengkomentari shg hasilnya jg tdk diembosed mengecewakan ga ksh foto krn nama nya tercetak,Sadness
59,celana memasuki kaki anak pesannya menaikkan ukurannya,Sadness
60,respon cepat barang original terbaik recomended packing sukses ya,Love
61,dimsum setia menemani kehangatan musim gigitannya mak,Love
62,kurma matang sempurna mantap pokoknya pas anak orang tua sukses smoga berkah gan aamiinn,Happy
63,kecewa berat kardus rusak kado,Sadness
64,build quality ok,Sadness
65,bahannya enak,Happy
66,pelayanan toko jelek proses barang lambat chat barang,Anger
67,belanja kecewa berbelanja kali,Fear
68,barang kaku jelek jelek elastis sesuai harga kecewa membeli,Sadness
69,toko rekomended pelayanan pengiriman sesuai kenyataan yg tertulis deskripsi barang yg kirim memilih kembalikan dana pembeli,Fear
70,mantap jiwo thx gan product terima sukses slalu,Love
71,minggu packing alasan overload minggu loh mingguuuuu,Anger
72,menjual jujur bro item cocok gambar item membeli sesuai gambar tampilan memesan harapan gambar item asli sesuai tampilan,Sadness
73,produk layak dimakan jamuran pcs kolom expired date asan qc ulang produk makanannya layak dimakan konsumen,Fear
74,kotak penutup buruk,Anger
75,kecewa krn pd brg tsb tdk dirmh kurir paketnya dilempar yg mengakibatkan bodi wajan tsb penyok,Sadness
76,isinya air ban keluhan,Anger
77,memuaskan pengiriman,Sadness
78,jelek jelek jelek jelek jelek kopi kopi,Sadness
79,mantap bagus teba,Happy
80,pengemasan ditingkatkan,Sadness
81,harga struk dimasukkan kotaknya beda harga ditampilkan tokopedia harganya mahal ya struk beda harganya,Fear
82,keren disukai anak,Love
83,mengecewakan pengepakan aman,Love
84,packing kacau bubble wrap tipis koper rusak,Sadness
85,makasih ka barang ok,Happy
86,barang nya rusak yah harga kualitas,Sadness
87,barang sesuai foto kualitas lumayan sesuai harga oke kalo brgtuu sukses,Happy
88,barang sepikiran deskripsi pengiriman kunjung,Love
89,barang dipesan barang sesuai,Fear
90,pengiriman aman lmyn cepat barang diterima jg bagus,Happy
91,pesen playdogh dikirim pesen stamp tp ga dikirim byr full ga cfm ga rekomended tokonya pembebasan sy ksh bintang anak sungai hrs amanah kl jual,Fear
92,bos hebat,Love
93,bahannya tipis bgt dipake panas sablonan jelek,Anger
94,roda mencapai perintah perbaikan tokopedia penutupnya robek ok dsini,Anger
95,bubur,Anger
96,yg dipesan yg dtg barangnya beda ga konfirmasi retur mahal ongkos,Fear
97,pelanggan,Love
98,kecewa sekelas p g packingnya kayak gini dilapisi plastik bening udah tau pembalut wanita sifatnya privasi pengirimannya,Sadness
99,beli pcs rusak,Fear
100,toko,Fear
101,desainnya cantik warnanya cantik kualitas produk bagus,Happy
102,good seller ramah proses cepat,Happy
103,mantab barang nya oke,Happy
104,produk sgt bgt bedanya sm foto dgn realnya pknya resleting bahan kasar,Fear
105,perampokan sesuai deskripsi ekstensi,Anger
106,pujian barang barang berguna membeli pesanan proses,Love
107,pengiriman cepat berfungsi dikaretin klo ngga longgar ngga pake,Fear
108,gimbal cocok utk iphone hp flagship memiliki stabilisasi bagus gimbal penambah support lbh stabil samsung note berfungsi catatan tdk casing casing bantalan pad nya dilepas bs foto fungsi zoom berfungsi fungsi mode video kamera berfungsi ganti kamera dg berfungsi hp murah xiaomi note gambarnya goyang ketimbang pake hp flagship stabilisasi tongkat tongsis dipanjangkan direkomendasikan berjalan hasilnya stabil tongsisnya dimajukan hasilnya ga bgt stabil,Happy
109,pesen dikirim,Fear
110,barang selamat cuman packing aja yg nambah buble buble nya dikit banget aja kaya packing,Fear
111,barang samping bonyok terbuka pas bongkar sekat yg terkelupas terkena gesekan sekat rapi press resin nya sekat depannya yg penyok resinnya semoga kedepannya check quality controlnya tingkatkan,Fear
112,pesan sdh mints tolong dikirimkan dgn nota iyakan penjual pesan nota,Fear
113,teksturnya keras hasilnya tebal gampang dipakai gampang packaging aman proses pesanan cepat,Happy
114,udah langgganan banget belanja imboost semoga laris manis jualannya ya kak terima kasih,Love
115,seller komunikatif pesan warna biru dikirim warna pink pemberitahuan beli kado utk mohon kedepannya diperbaiki,Fear
116,proses pengiriman gak recomended yg cepat vitamin pandemic kaya skrg,Fear
117,sesuai ditarik,Fear
118,istimewa ane langganan trus ama toko agan barang ber kualitas packing perhatikan keamanan nya barang kerusakan bentuk apapun,Love
119,pesennya tosca yg ungu hehehe tp produk tdk diragukan lg memuaskan kualitas product bagus,Happy
120,admin ga niat kerja komplain berpisah bintang ya bintang kasihan bosnya karyawan yg empati komplain update perkembangan komplain,Sadness
121,barang tergores penyok penyangga nya,Fear
122,baterai boros,Sadness
123,sial gak wangi wangi nya gak biji kopinya gak sesuai judul biji kopi kecewa banget pantesan murah dikasih sampah penipu,Anger
124,produk laba bagus paket buruk kotak,Fear
125,brg berfungsi dg terkendala diawal stlah jam mncba awet,Happy
126,diterima tutup wajan ad yg bermasalah wajannya ad goresan bermasalahnya krn proses pengiriman emang sononya cacat kecewa respon penjual bilang goresannya g beli beli wajan anti gores terima bergores kualitas bermasalah lgs ajukan komplain sdh terima wajannya gores tetep bbrp yg mengecewakan kecewa repot ngurus pengembalian barangnya mw jual diskon kasih kualitasnya g bagus aja produknya ad bbrp bermasalah dikasih diskon resiko beli online semoga awet,Sadness
127,ga nyala suaranya,Sadness
128,barang setara diskripsi indra peraba muka jd bersih lembut halus rekomen bwt cowok mantabs,Love
129,paket selamat pertahankan kualitas pelayanan harganya thanks seller tokped,Happy
130,barang udah diterima sesuai pesanan top markotop gan mantap pkk nya gan thx u gan,Happy
131,fast respon next order thank,Love
132,putar sebelah baut gampang kalah obeng,Fear
133,barang sesuai terima kasih,Happy
134,pengiriman cepat packing rapi aman sesuai dgn yg diorder terimakasih seller,Happy
135,gunanya atc gelembung,Anger
136,sprti barang bekas,Anger
137,arah dikirim,Anger
138,pengiriman laptop dr toko dicek laptop yg dikasih pembeli layar pecah kerdus rusak packingan yg rusak menghabiskan klaim tokpedia berminggu minggu berhasil klaim asuransi toko yg verified menjamin pelayanan toko buruk respon cepat beli aja dikomplen tanggung komplainan langsung dihari berikutny paket dibuka yg seharusny langsung tuker unit langsung dr toko trus gunany ditulis deskripsi garansi toko beli thanks,Fear
139,yg dino unicorn mlh yg dtg mickey mouse anak kecewa loh mba,Sadness
140,cakep bangetttt mulus sesuai ekspektasi thank ya,Love
141,pake berperan pakai duamya kepencet,Fear
142,suriah bintang pengirimannya salah dikirim departemen pengiriman,Sadness
143,bad admin opportunity lost pesanan tp diabaikan admin jd minat tata usaha wingsfood,Fear
144,mantab sesuai pesanan respon sigap informatif package rapih aman kondisi barang bagus segel kendala gosend error jd besoknya sabtu proses sigap bantu proses cepat bs diantar sabtu thanks,Happy
145,referensi sangka kren kecewa batre senternya hnya bertahan skitar jam aja,Sadness
146,bahan adem tipis terawang klo dipakai sesuai dg harga bahannya adem,Happy
147,cinta terima kasih adikku,Love
148,pelayanan tokonya sampah,Anger
149,sesuai gambar kardus kayu,Anger
150,aplikasi gak kebuka cm bs youtube aja wirelles keyboard arah back angka kecewa pengecekan dlu dikirim niat nonton bein remote mi boxnya jg tdk,Sadness
151,kendaraan kinclong mantap kendaraan kinclong mantap suka cita home servicenya suka cita pasangin bengkelnya,Love
152,item berfungsi berfungsi transaksi langsung klik selesai kesalahannya sisi penjual pertanyaannya pertanyaannya kesalahan produk setlh diklik dikembalikan paksa tinjauan diedit bintang model kabel,Fear
153,barang gak penipuan,Fear
154,asli bagus bgt,Love
155,sepatu elemennya pengemasan aman sesuai permintaannya vermicelli lezat variabel luxa singapura,Love
156,janjinya kaleng kaleng orang kaleng kecewa,Sadness
157,salah kirim barang dibantu retur retur barang yg dikirim rusak retak isi eye shadow nya menunggu utk retur semoga dibantu utk retur,Fear
158,mainannya normal nian,Love
159,bahannya murah,Fear
160,suaranya jernih tp keras casnya gk berfungsi tp gpp sy cas sndri proses pesanan cepat packaging aman packaging rapi,Happy
161,produk sesuai,Happy
162,bagus barangnya cocok latihan sticking anak,Happy
163,respon cepat memuaskan,Love
164,langganan,Love
165,seller responsif dlm mengupdate status pesanan packing produk rapi essential oilnya pure aromanya,Happy
166,bukunya asli ga sih kualitas kertas jelek ga berwarna ucapan terimakasihnya disecarik kertas terpisah gitu ga dijilid bersamaan delivery ok bgt cepat respon penjual cepat kecewa kualitas barangnya harga segitu kualitas jelek,Fear
167,udah pesen pke dus gak dus nya mending gak udah pke dus dah,Anger
168,toko barang buruk konsumen penjual gelembung dibebankan pembeli,Anger
169,kualitas buruk isi penuh lapis merata hasilnya rugi bayar ongkos tukang beli cat merk deh harga bohong,Sadness
170,produk berfungsi toko gak amanah pembeli disuruh balikkin produk buang ongkir aza toko gak beli,Fear
171,masker cocok aktivitas,Happy
172,warna hitam doff dikirim warna warni konfirmasi,Sadness
173,ga suka barangnya,Sadness
174,harga bersahabat dpt bonus jg,Happy
175,kecewa barang rejectan jual pelayanan buruk kya ga butuh uang respon buruk barang ga konfirmasi dlu gak kirim yg dibeli yg dikirim,Sadness
176,toko gimana pakai udah mati kaum kali jg bener jualan,Fear
177,full proses pesanan cepat packaging aman awet seharian,Happy
178,barangnya bagus pengirimannya kekurangan bagus ramah pengiriman minggu tuhan memberkati sehat sukses terima kasih,Love
179,mantabbb dahhh topp,Love
180,paking barangnya bagus nyampe barang adaptor didalam udah dicoba,Sadness
181,elemen dikirim diperiksa konsumen membayar nama membebaskan sekrup sungai sebelah penutup penahan penutup penutup dihapus menggunakannya,Anger
182,respon pengiriman cepat prduk ok harga relatif thx ya,Happy
183,barangnya ga dikirim,Fear
184,belom udah gak nyala baterai udah diganti gak nyala kecewa udah kerjain logitech,Sadness
185,menerawang mudah dibentuk jahitan rapi bahannya adem nyaman dipakai modelnya cantik warnanya cantik,Love
186,rusak,Anger
187,bahan bahannya bagus penutup lubang mudah menarik sekolah menengah,Fear
188,toko terbodoh packing ancur packing barang rusak pesanan sesuai tujuan membeli toko bodoh membeli usb mini fan order barang ready toko ready hasilnya sero sampe rumah selipin uang refund usb mini fan klk barang keleluasaan cancel aja tolol asan customer berpikir berkali kali belanja toko tolol kecewa membeli nya terimakasih,Anger
189,penjual ok barang nya bagus kurirnya juara mantap deh sukses ya kaaa,Love
190,hasil potongan produk rapih kancing pengait pas latar background kekecilan batok charger lampu cepat panas mengakibatkan lampunya pemakaian menit,Sadness
191,barang bagus panas,Happy
192,menerawang jahitan rapi mudah dibentuk warnanya cantik nyaman dipakai,Happy
193,pesan kurir instan posisi rumah bintaro jaksel kurirnya kearah bekasi penjual bilang tukang gojeknya ambil jalan alternatif helllooowwww kurirnya ojek online sampe rumah nganterin orang tuanya tukang urut bantu anak sungai penjual pastikan kalo barang langsung diantar kurir yg ambil apalagj kurir instan lepas tangan pesan kurir instan menjaga kualitas makanan terjaga barang rumah seal rapat,Anger
194,auhh bgt sma yg gambar pngguna dpt grtisan eh dpt nya daster loak lucu tokped toko nya nih gak rugi gak smpet foto sya ksihkan sma nenek dah,Anger
195,barang rusak ga nyala coba dikirim,Anger
196,barang sesuai pesanan paking standar bagus pengiriman cepat tks gan,Happy
197,beda sma yg gambar pdahal udh pernh pesen skali sni,Sadness
198,barang sesuai pengiriman cepat,Happy
199,beli ssd diterima kondisi rusak,Sadness
200,cepat paketnya bahan satin bagus bagus,Love
201,item membeli barang,Fear
202,kainnya adem lembut tipis nyaman klo tidur terimakasih,Happy
203,pcs ngiket rambut ga kekencengan ya kalo saran tambahin bubble wrap semoga safety pouch nya kegunting pengemasan,Fear
204,keren barang kirimannya,Love
205,respon seller proses pengiriman kurir pengiriman cepat produk stock semoga cocok pakai,Happy
206,packing nya cegak bngt cepat kurirnya jg ramah recommended,Love
207,m,Love
208,produk nya bagus sesuai deskripsi,Happy
209,buruk yg blg exp nya sekelas unilever suruh refund barangnya udh sampe ongkir nya ganti ganti yg kebuang nunggu paket packingnya anter nya g kerjaan ya semoga unilever yg sadar kesalahan nya kelalaiannya tolong menyusahkan pembeli beli gratisan,Anger
210,pengirimannya sih cepat barangnya bruntusan gitu teman beli drum pad bahan karet malang alus yg beli bruntusan ekspetasi bagus dapatnya yg jelekkan tdk sesuai foto yg pajang penjual,Fear
211,penjualan obeng magnetik obeng magnetik sulit hidup alat lengkap parah,Sadness
212,jual menjual toko saudara,Anger
213,harga segini barang yg memuaskan,Happy
214,udah botol refill beli biar dpt botol yg sticker dermatologically tested nya,Love
215,slamnya bonus cepat byk semoga penjual sukses,Love
216,bahannya bagus aja,Sadness
217,xxl nya kekecilan,Fear
218,love product bagus worth thank,Love
219,beli barang tujuan memuaskan,Happy
220,bahan tebal barang sesuai deskripsi pengiriman cepat,Happy
221,respon admin oke ekspedisi kurir aman packing ergonomis selamat tujuan minus perbandingan barang sesuai foto testi harga barang sesuai baterai normal ya gan,Happy
222,barang bagus pengiriman smg awett,Happy
223,barang bagus sesuai,Happy
224,respon seller lambat dl barang dikirim,Fear
225,bagus pas fotonya,Sadness
226,elemennya bagus buku mahal berkurang,Love
227,mantab bahannya tenang ukuran sesuai modelnya mujur warnanya mujur jahitan rapi menerawang,Love
228,ga ngerti konsepnya gimana dibuka pensilnya infinit patah gini hadeh,Anger
229,negative bgt botol nya gak praktis gitu berilmu bocor jegang review emang botol ehh bener paraaaah sih botolnya oil nya lumayan,Sadness
230,recommended seller fast respons kualitas barang harga terimakasih,Happy
231,sorry kasih bintang bintang tp krn respon adminnya yg ramah sm cepat sengaja beli official shop berharap cepat kado temen tp bikin kecewa salah kirim novel retur makan proses jd gagal kado yah know maybe human error cm pesen salah semoga teliti kedepannya yamin,Sadness
232,timernya,Sadness
233,sebenernya kualitasnya oke sih tp nggak masuk kamera yg pake phantom power,Sadness
234,pengiriman cepat persis mengirim lensa makro mata ikan sudut lebar lensa makro verifikasi mengirimkannya kekecewaan,Sadness
235,berat barang deskripsi berat asli barang kurir diterima ongkir mahal kenyataan mengajukan komplain dll refund ongkir merepotkan,Anger
236,bahannya enak lembut gel dalamnya talinya diatur gk mengganggu pas tidur packing rapih pengiriman cepat langsung proses jam kerja respon seller cepat ramah,Happy
237,roti keras,Anger
238,bahan produk direkomendasikan rumah nyaman penjual murah penjual pemulihan tunai diklarifikasi menghubungkan uang memperlakukan pengiriman gratis berbelanja yah poinnya kali terima kasih mendengarkan ulasannya terima kasih,Love
239,stick ga dikirim pake dus nya kyk beli barang bekas ga sesuai deskripsi,Fear
240,kualitas bahan bagus nyaman dipakai jahitannya rapi ukuran sesuai warnanya cantik bahannya lembut bahannya adem menerawang bahan menyerap keringat,Happy
241,diple ps buka cantelannya patah,Sadness
242,produk bagus,Sadness
243,uda noted tulung cek drivernya kali ya yg patahin j hook patah rusak kyk keteken kucel duit pdhal pembelian memuaskan knpa yg x tulung cek teliti yah,Fear
244,pesanan posisi rumah bentaru selatan jakarta bekasi penjual pengemudi gojek mengambil jalan alternatif hellowwww surat cepat tarif sepeda motor internet rumah dibutuhkan rumah dibutuhkan ras tuanya penjual tolong anak sungai penjual barang dikirim langsung surat cepat mengambil,Anger
245,bahan bagus berukuran keren model warna indah jahitan rapi indah melamun,Love
246,kecewa banget barang lecet noda sampul pengiriman banget pake kurir antaraja hih adminnya kalo barang jelek gini dikirim malas mo baca bukunya,Sadness
247,pesan yg bentuk ikan dikirim yg donat kucing mencret,Fear
248,trima kasih respon cepat barang dgn selamat,Happy
249,buntut kabel colokan gagang telepon pesawat telepon terpasang ahsan,Sadness
250,kalo udah bayar dicuekin penjualnya chat januari respon order januari jam siang kurir grab barang januari jam sore kalo ujung ujungnya gak tujuan yg ngapain bayar ongkir mahal pakai grab,Anger
251,gajelas,Anger
252,itemnya lengket lemah,Anger
253,fast respond sellernya ramah packing rapi pengiriman cepat recommended,Love
254,ukuran singlet anak pas newborn gedean singlet newborn anak leterangan size nya th sayang banget lucu,Sadness
255,gak sesuai ekspektasi ol shop harga banget murah,Sadness
256,layanan desain ramah maksimum sesuai harapan disarankan,Love
257,mungil bntukny tp bnyak fungsi kualitas mantaapppp,Love
258,bahanny ga enak,Sadness
259,barang ok batrai bocor parah tdk niat batrai yg x maen ga jam lngsng cas jg lampu slalu merah,Sadness
260,bahannya kuat pasang quick mount patah mekanisme penguncinya,Sadness
261,hipseat terhubung mengecewakan pembawa anak kunci pengaman hipseat gendongan bayi pelindung anak tersedia,Fear
262,nggak terima paketnya lacak respon,Sadness
263,ga dikasih adaptor gepeng nya ketipu,Anger
264,barang diterima diwrapping bubble aman,Happy
265,langsung dicobain berfungsi suka lembut modelnya lho keren banget puas semoga awet respon proses pengiriman toko cepat kemasan aman terima kasih bonusnya ya,Love
266,lampunya terang pancaran cahaya lampu yg produk original,Happy
267,good friendly warna menarik anak bahagia,Love
268,barang berkualitas buruk patah kaki pecah rusak dilepas menggunakannya membuangnya,Anger
269,mantab fast response terima kasih,Happy
270,muatan lapuk kirim,Anger
271,pengiriman cepat persis dikirim lensa makro mata ikan sudut lebar lensa makro periksa dikirim kecewa,Sadness
272,packing buble warp tebal pengemasan cepat pengiriman kurir standar produk segel exp msh terima kasih,Happy
273,repeat order,Love
274,barang pengiriman sesuai suara alarm kenceng alarm clock mengarah keatas jd display pd jam lbh posisi mata qta lbh dr posisi jam,Happy
275,bawaan selamat,Love
276,maaf kecewa pengguna fahhampton membeli isi tes tester farhampton jatuh cinta langsung membeli berubah hak bertahan proyek penguji baunya jatuh cinta tes aroma,Sadness
277,terbaik respons cepat proses harga terbaik cepat dibantu tanggal tanggal pemesanan mendadak hambatan tiket hangus tiket membantu,Love
278,hot wheels asli bahan plastik harap keterangan barang tdk original,Fear
279,produk pengemasan rapi,Happy
280,barangnya jelek cepet usang pake sehari talinya ayun,Anger
281,pengiriman cepat kualitas barang bagus wanginya oke,Happy
282,sayang dipertukarkan kualitas negatif rusak maaf kecewa,Sadness
283,pengisi daya pengiriman dikenakan biaya cepat,Fear
284,alamak elegan penutup plastik putih transparan penutup plastik hitam elegan,Anger
285,barang sesuai ekpektasi terimakasih,Happy
286,barang sesuai deskripsi produk original mudah dipasang barang oke kiriman cepat original ongkir tokopedia barang sesuai pesanan seller mantap paking amaan senteso enak belanja ditokopedia dapaat bebas ongkir bebas ongkir extra,Love
287,jelek jgn beli kecewa hikmat murah emang murahan bahannya nyesal penjualnya,Anger
288,barang jelek belom pake udah patah,Sadness
289,barang dobel bungkus plastik bubble wrap hancur diterima beruntung isinya lengkap besi nya penyok,Fear
290,box hancur customer beli kado mengecewakan bungkus pake plastik tipis toko gak modal bubble wrap,Anger
291,kirim celananya ga sesuai ukuran,Sadness
292,pesan tanggal maret jam pakai pengiriman instant nya tanggal maret bayar mahal dikirimnya keesokan harinya salah pengantarnya driver nya mengantarkan paket durasi proses toko butuhnya tanggal maret pilih pengiriman instant toko paket dikirim jawabannya kenyataannya paket dikirim dikirim ya bilang ajukan cancel pesanan respon penjual pelayanan buruk recommended semoga kedepannya,Fear
293,seller komunikatif pengerjaan cepat udh repeat order,Love
294,bagus lembut,Happy
295,produk sesuai deskripsi sdh diterima aman tks,Happy
296,menggunakannya merobek bahan tipis,Sadness
297,normal xl baju oke celananya tdk xl kekecilan baju pakai celana baju yg dikirim celananya robek jahitan tdk check sblm kirim,Sadness
298,barang sesuai deksripsi pengiriman cepat rapi terima kasih,Happy
299,produk cantik toko gak mengambang pembeli disuruh balikkin produk campak ongkir aza toko gak beli,Fear
300,barang cocok dikirim murah perbedaan harga barang,Sadness
301,berat foam gram ditulis gram beli foam data kg timbang fisik yg curang penjual utk dpt uang ongkir yg pembeli bayarkan,Fear
302,,Anger
303,elemen terkoyak,Anger
304,udah sampenya bgd semingguan trs pas barangnya coba patah sialan,Anger
305,bocor sambungan karet keran bocor dri drat karna gk rapat rapatkan gk karna mentok,Sadness
306,mohon maaf dikasih rating segini barang yg dikirim sesuai follow penggantian barang semoga kedepan ditindak lanjuti terima kasih,Fear
307,kecewa sih barangnya ngk sesuai ekpektasi ngk dilempar,Sadness
308,yg dikirim russakkkkk guys maaf dahh,Anger
309,shieldnya retak penjual bertanggung coba bicara inbox merekomendasikan toko,Fear
310,pecah gagang seller ga tanggung sampe tokopedia memutuskan direfund,Anger
311,barang dikirimkan berfungsi pipa pendek dipasang baut lengkap,Fear
312,msker tipis aja krg berasa aman tuk pndemi mlh lbh ccok yg sy bli pkai mhalll hrganya tuk produk lokal kualitas,Anger
313,kerenn ponsel korea uang receh,Love
314,bawaan yg dikirim hrsnya cek konsumen byr gratis paku rivert nya yg sepotong tutup penahannya yg sebelahnya nggak tutup penahannya copotlah klo pake gimana sih,Anger
315,buruk,Anger
316,sepatu dikirim cocok pesan warna jenis keluhan rumit pesanan disimpan,Anger
317,banget sampenya pas nyampe jamuran gini haduuh parah deh,Anger
318,mengecewakan,Sadness
319,produk setimbang hikmat terjangkau bagus,Love
320,gps adas gak berfungsi penjual jt cm kamera mahal,Anger
321,berkulit hitam komputer pribadi orang black berlawanan,Sadness
322,terima barang tgl pdhl tanggal status pengiriman pembeli update aja uang aja,Fear
323,ukuran dekrit,Fear
324,rintang sabun manjur apagi dipakai olahraga,Love
325,terima kasih produk diterima pengiriman cepat packaging,Happy
326,baunya jahat pusing,Sadness
327,bau bgt kayak bau sampah,Anger
328,beli ngepasin uang dikasih nya dlm kondisi bekas ya ga perekat bekas lekukan iya murah cuman profesional jualannya,Fear
329,penjual beban gak diterima diajukan pengembalian dana hr notif sdh finis dana diteruskan penjual woi balikan dana,Anger
330,pink merah kirim merah untung anaknya seller arogan jualnya memaksa warna yg sesuai kapok deh gak,Sadness
331,gak recomended produk sih ok spt tp packing pk amplop kondangan putih dibungkus plastik ya jebol obatnya stok najong banget dah chat ga dibales kapok gw belanja,Fear
332,tdk sesuai warna pesanan,Fear
333,udah beli ga awet banget yg rusak rel nya macet beli eh relnya kendor ga kenceng beltnya,Anger
334,ditinjau dr kesesuaian dg deskripsi fungsional produk rekomendasi produk sesuai,Love
335,pengemudi barangnya pintar,Anger
336,bangke sampe rumah mati beli,Fear
337,cepet kelupas br pake jam doang mnding revlon sklian terjamin bgs,Fear
338,gak spt pembelian yg asin kebangetan udah gitu packingannya dibuble wrap tdk dos spt kripiknya yg hancur,Anger
339,okeeee siiipps kereeennn abis utk tempatbhotwhealsnya gan,Love
340,bagus packing barangnya,Happy
341,yg biru kasih toska,Sadness
342,produk original packing aman kardus engga penyok mantabs,Happy
343,kualitas foto asli cetakan foto digital dgn kretas kualitas rendah exhibition kualitasnya rendah,Fear
344,seminggu udah ga fungsi,Sadness
345,toko terbodoh packing ancur packing barang busuk pesanan sesuai tujuan membeli toko bodoh membeli usb mini fan anggaran dasar barang ready toko ready hasilnya sero sampe rumah selipin uang refund usb mini fan klk barang keleluasaan cancel aja tolol asan customer berpikir berkali kali belanja toko tolol kecewa membeli nya terimakasih,Anger
346,barang ga dipake lampunya ga nyala sensornya rusak,Anger
347,lampu indikator tdk,Sadness
348,suka sabun enak apagi dipakai olahraga,Love
349,kekecewaan kualitasnya,Sadness
350,pengalaman beli kulkas online alhamdulillah pengiriman pengemasan produk diterima dng kerusakan kualitas produk bagus harga miring dibanding beli langsung toko,Happy
351,tutupnya beli harga murah tp gabisa dibawa kemana karna barang rusak,Sadness
352,kereeeeennnnnn mantab,Love
353,maaf produk kecewa salah toples merah toples merah berjamur toples bagus,Sadness
354,murah mudah nya bermanfaat packing aman tebal bubble wrapnya see,Happy
355,tombol kempot parah pabrikan jaga mutu,Fear
356,bagus banget barang nya pake promo nya terjangkau banget anak sekolah kaya,Love
357,terima kasihh boss mantappss smoga lancarr n berkah rezekinya smngttt boss,Love
358,bahan model bagus size udah size ngepas kekinian,Happy
359,memesan posisi rumah bentaru selatan jakarta bekasi seller pengemudi gojek mengambil jalan alternatif hellowwww surat cepat tarif sepeda motor internet rumah rumah rumah penjual mohon penjual barang dikirim langsung surat cepat mengambil,Anger
360,si penipu peringatan ditipu balasan mengirim bukti tambahan wa ruang tokped mengirim bukti,Anger
361,jir sehari pake udah rusak quality control yg bener ahelah,Anger
362,layanan,Anger
363,mantap puas pake bangeeeey,Love
364,ujung kabel steker pegangan telepon telepon terpasang sempurna,Sadness
365,gak sesuai gambar promo contoh nya gbar promo pcs warna yg berbeda trus pas barang nya warnanya,Fear
366,barang dateng sesuai pesanan beda warna,Sadness
367,beli barangnya asli penjualnya terima kasih kak,Happy
368,barang ok pengiriman lamaa konfirmasi aja butuh packing ga banget ga pake buble,Happy
369,menyesaalllll bahan aja harga,Sadness
370,maskernya rapet packaging rapi lengkap kotak berprelastik,Happy
371,penjual berkualitas terbaik kemajuan barang langsung diinformasikan obrolan pembeli,Love
372,mantaaff,Love
373,mantap pastelnya pemesanan utk yg kesekian kalinya langganan n puas sm penjualnya jg ramah banget rekomend pokoknya,Happy
374,thanks respon nya informasi yg product nya oke bgt uda order kesini barang yg kirim rapi n cpt sampe nya,Love
375,warna gak sesuai hijau muda,Fear
376,puas gercep banget seller nya pesan kartu duanya berfungsi aman terima kasih,Happy
377,sepatu nya kulit,Anger
378,imei terdaftar kemenperin barangnya original penjualnya ramahbanget barangnya mulus proses pesanan cepat berfungsi packaging rapi garansi ibox,Happy
379,maaf kasih bintang paketnya langsung nyasar penerimanya nama untungnya penerimanya langsung menghubungi pas ambil isi nya box sesuai foto pesan box si penerima mengaku mengambil box sisanya alamat label alamatnya dibungkus pakai lakban kertas bening berdebu kena air pudar,Fear
380,warna difoto,Sadness
381,dicoba semoga bagus hasilnya drpd yg shampoo noni mokeru packing mantull respon seller cepat goodlah,Love
382,produk yg dikirim tdk alias mati produk rusak yg dikirim sbg konsumen sy dirugikan,Sadness
383,ujung kabel colokan gagang telepon pesawat telepon terpasang sempurna,Sadness
384,item penyokkkkk diganti catatan unboxing,Fear
385,sedih ga dapet gratisannya padhl yg pd dapet,Sadness
386,sy pesan shampoo body yg sy terima body shampoo tdk sy terima salah sy tdk video unboxing percaya sj dgn seller official win win solution sy bintang terima ksh,Fear
387,wanginya menyengat lengket ditangan cepat girang packing tebal pakai dus buble wrap langganan beli produk recommended seller,Love
388,jahitannya rapi bahannya lembut,Happy
389,ukurannya sesuai anak bahannya bagus anak suka makasih ya,Love
390,dateng coba udah copot yg kanan udah coba perbaiki trus coba pake copot,Fear
391,chat read dibalas krn foto paket jedai barang yg kecewa pertanggung balas chat etikat,Fear
392,barang ori bagus segel berfungsi,Happy
393,not recomended seller toko surprise ultah moment yg hancur gitu aja parahhhhh nyesel banget banget belanja ditoko,Sadness
394,pembelian kecewa pas beli kali suka banget parfumnya order wanginya gak konsisten beda yg kemasan jga keliatan kayak luntur gitu tulisannya pas dipegang cat botol parfumnya luntur tangan,Sadness
395,layanan lemah respons berpakaian washington mengobrol gg ditopang respons berbeda beli toko,Sadness
396,layanan memuaskan seller rekomended,Love
397,admin menghubungkan jawabannya,Anger
398,barangnya ga rapih jahitannya benang yg ga beraturan,Sadness
399,ancur dah pelayanannya gausah kesini dah kalo gak kapok,Anger
400,alhamdulillah barang berfaedah beli kali pesanan proses acap,Love
401,barang berlubang model persegi nya kirim buyer nya model bulat warnanya berantakan jelek,Sadness
402,pengantaran packaging rapih barang kondisi bagus,Happy
403,suaranya gk bs bersih noise hasilnya bagus ngerekam pakai headset iphone drpd pakai,Sadness
404,barang selamat dompet nya keren bingkisan premium dompet mahal,Happy
405,pilih varian hitam yg dikirim putih setuju kalo gaib komunikasikan kpda buyer fitur chat jgn kirim aja komplen males ribet,Anger
406,barang sampah bilang authentic barang kw beli box kepastian authentic pakai jam pahit barang kw,Anger
407,pembelian salah dipertukarkan mencobanya klaim garansi membalas tai bot,Anger
408,menjalin,Love
409,zaman dah metong,Sadness
410,,Fear
411,barang diterima terimakasihh ya semoga bermanfaat,Happy
412,modelnya keren kecewa baterai senter bertahan,Sadness
413,halus dikirim kasar laen ngopi duli biar melek admin yg ngurusin orderan,Anger
414,salah kasih wrna ak pesen brown grey huhu,Sadness
415,mantaaff,Love
416,balon sesuai gambar bagus kualitas kecurangan gambar kecewa,Sadness
417,barang sesuai harapan muat barang meja rias rapi,Happy
418,toko barang rusak dibebankan konsumen penjual gelembung dibebankan pembeli,Anger
419,kualitas barang rusak dibuka,Anger
420,pengemasannya rapi kurir pengiriman cepat direkomendasikan,Love
421,ukuran sesuai rapi,Happy
422,roti keras gak enak,Anger
423,datar sesuai pengiriman emas alih mengirim merek putih merek,Anger
424,ga layak ga dibuang aja,Anger
425,bawaan perincian dikirim,Anger
426,lucu bgt warnanya recommended harga murah ngga murahan next order,Love
427,item toko songgong rombeng dibebankan konsumen penjual gelembung dibebankan pembeli,Anger
428,topeng longgar,Fear
429,luntur sdh bbrp kali cuci,Sadness
430,kecewa tdk spt yg diharapkan basah airnya udah diputer dr yg plg yg besarrr,Sadness
431,pesan nut slider,Fear
432,barang sesuai selamat,Happy
433,terbaik respons cepat proses harga terbaik cepat bantuan berguna sejarah tanggal reservasi mendadak hambatan tiketnya panas tiket dibantu,Love
434,pesan godly grey nya lovely brown gak teliti banget admin nya,Fear
435,kali spons lem efisien,Sadness
436,kualitas product bagus material bagus recomended terimakasih tokopedia miniso tong sampah plastik nya gratis semoga berkah tokopedia miniso tong sampah nya utuh bagus nyaman mungil bahan nya lembut soft doft yaa dimainkan anak melukai rusak pecah semoga awet menemaniku,Happy
437,pengiriman sehari beli krn ekspektasi kaya review youtuber yg bilang awet ga kering ga lengket kalo ketup ga bnr ringan wrn oxidize turun menggelap makan nasi ayam aja udh ilang bener bibir,Anger
438,dikirim lapuk,Anger
439,jelak yg patah pedang meletot warna ya yg salah fatal,Anger
440,tenteram barangnya sesuai murah pengemasan aman dus wrap next time order sukses lapaknya gan,Love
441,beli tp gak dikirim,Fear
442,puas banget seller helpfull responsif cepet banget nya recomended,Happy
443,mantap bgt aroma bkn sekedar isu mantul dn mempesona pas lidah dn irit kantong makasih gan,Love
444,kualitas bagus kertasnya tipis buku original,Fear
445,kecewa beli masker pcs yg dtg karna ga video unboxing foto jd ga diklaim lumayan ambil untung dr yg ga bikin video unboxing ya ka teliti mengirim,Sadness
446,bahannya enak bagus nyaman,Happy
447,penjual barang dagangan diterima pembaruan kebalikan sumber daya manusia diselesaikan uang dikirim penjual uang,Anger
448,barang cepet pengirimanya sesuai pesanan,Happy
449,kerennn objek ponsel korea daim,Love
450,barang sesuai urutan proses pengaduan lma berbelit,Anger
451,barang sdh diterima kondisi semoga bs berfungsi spt yg diharapkan pengiriman cepat tks seller,Happy
452,g dikirim sm bubble wrap,Fear
453,warna lucu direkomendasikan nilai murah murah aturannya,Love
454,maaf kualitas buruk bahan tipis lingkar kepala gak disetel,Sadness
455,powerbank nya berfungsi baterai full charge disambungkan handphone handphone tercharge,Fear
456,kondisi ikan cupang sehat dipacking rapi apik,Happy
457,sungguh barang sesuai kemasan murah aman membungkus kali sukses sukses saudara,Love
458,semangat mancing,Happy
459,keren cepet kirimnya ga sampe menit bayar langsung pesanan perjalanan packaging rapih,Happy
460,barang bagus sesuai pengiriman cepat positive job,Happy
461,barang sesuai pesanan gambar etalase penjelasan penjual bayi,Happy
462,bawaan sampe sobek gw kasih bawaan rijek balau ni seller,Anger
463,jari sulit hidup terkadang sendok membekukan kekosongan komputer menggantikan gk tanggapan jaminan seumur hidup,Fear
464,puas seller tineco fast response barang yg dikirimkan jg quality proper,Love
465,dikirim lilin nya sdh beli,Fear
466,barang bagus estimasi dilokasi sesuai aplikasi semoga pelayanannya ditingkatkan,Fear
467,ancuuuurrrr bubukkkk remukkk berbentukkkkkkkkkkkkkkkkkkllkl,Anger
468,kualitas barang mengecewakan,Sadness
469,mevvah bro thx u fast respon fast delivery,Love
470,packing bocor oil kecewa,Sadness
471,kekecewaan elemen kotak dibuka pecahnya botolnya rusak tersisa,Sadness
472,lucu bahannya tipis penjual hebat,Love
473,mencoba varian air misel mudah cocok varian esensi mikro loreal didiskon pulak pengiriman cinta aman terima kasih tokped loreal,Love
474,admin cs nya ga nyambung nya,Anger
475,berlangganan cetakan layar hasil ajib seller ajib,Love
476,barang dikirim penjual janji dikirim permintaan penjual penjual,Anger
477,barang tujuan resi nyangkut agen kurir kontak cs cs rekannya kejelasan sayang untung barang murah sy jg,Fear
478,beli ngepasin uang dikasih nya dlm kondisi bekas baiklah ga perekat bekas lekukan iya murah cuman kompeten jualannya,Fear
479,bagus nih sensor nya ok bgt pilihan suara utk alarm jg oke akirnya dpt alarm clock yg sesuaiiii,Love
480,menghabiskan inventaris buruk kualitas buruk cairannya berbeda cairan cair menyukai produk menurun dicampur cairan,Fear
481,lumayan bagus bahan cpt jga proses pengiriman,Happy
482,kecewa,Anger
483,sesuai pesanan bahan nyaman fast respon packing rapiii,Happy
484,penjual bertanggung celana keren disarankan,Love
485,itemnya lengket lemah,Anger
486,bahan jelek mudah patah x pakai patah jarumnya pegangannya keras sungguh merepotkaan membuta kerja lambat beli mahal berkualitas,Fear
487,bagus semuaaaaanyaaaaaa,Love
488,pesannya warna putih datengnya kalinya yg balikin gudang sarinah trs warna putih nggak refund uang yg pesen lg warna putih datengnya tp ya lelah,Sadness
489,keliru putarannya kunci los kunci jd tdk terpakai tp sy males return sesuai harga x ya utk respon sich acc tp tdk say sorry dr penjual,Fear
490,suaranya mantap packaging aman barang mudah,Happy
491,maaf bs kasih bintang dpt barang yg penyok pelor hilang respon pengiriman jg lambat,Sadness
492,barang cepat tp ad keteken kardus hpnya semoga gk hpnya,Happy
493,informasi konfirmasi terkait membeli kali sesuai sesuai toko e buruk,Fear
494,kualitas bahan mantap berfungsi pengiriman cepat respon cepat paking rapi dijamin termurah,Love
495,menggunakannya rusak terbalik toko memintanya cepat mengirim orang pulang rumah menanggapi,Fear
496,mengerti konsep membuka pensil rusak,Anger
497,produk tdk paket,Fear
498,beli benih telepon toko barang memiliki penggantian murah,Anger
499,mengisi daya pengisian cepat kecewa kepala pengisi daya mengisi colokan laptop terhubung pengisian daya,Sadness
500,jelek banget orderan ga keterangan nya sdh order order barang ga,Fear
501,sambungannya rapih,Sadness
502,kotor cangkan ga terima retur hati,Fear
503,rapi universitas qc diskon item rusak kecewa,Sadness
504,prosesnya berharap studi tim logitech,Fear
505,sesuai gambar kayu kardus,Anger
506,instalasi mudah pengangkutan cpt respon cpt trims seller smoga lestari aamiin sukses seller tokopedia,Love
507,gak dpat tefal info gak konfirmasi terkait udah beli beberp kali proporsional tp kali proporsional mending official store ecommerce rongsok rongsok,Fear
508,barang sesuai permintaan silakan kumpulkan barang hati,Fear
509,wow murah pengemasan produk elegan keren uhuy pisan hehehehehe,Love
510,aja beli barang dikirim order chat gak direspon packaging terkesan tau aja,Fear
511,packing aman pengiriman cepat barang berfungsi,Happy
512,suka banget ama slamenya bonusnya byk pengiriman cepat semoga sukses seller,Love
513,highly not recomended seller pesan dikirim itikad tanggung dr seller mohon ya,Fear
514,toko gimana pakai kasih udah mati kali jg bener jualan,Fear
515,bawaan sesuai lamaran kumpulkan bawaan bagus,Fear
516,layanan toko sampah,Anger
517,lumayan positive,Happy
518,thankyou madame gie barang sesuai pesanan suka,Happy
519,semoga cepat awet barang sesuai,Happy
520,beli bolpen isi ulang mainan anak dikirim tanggung toko,Anger
521,pengiriman cepat barang bagus murah,Happy
522,barang dikirim berbeda gambar dibocorkan merek kuas penipuan,Fear
523,beli pesanan tgl lengkap mengeluh tanggal kerusakan,Anger
524,cover buku gak bagus lem nya kualitas buruk cover bukunya lepas kualitas tulisan fotokopi rekomended beli,Fear
525,beli simcard response cepat penjual terima kasih,Love
526,barang aman sesuai pesanan,Happy
527,beli pack yg dikirim pack kecewa,Sadness
528,nyaman dipakai,Happy
529,sesuai harga kualitas nol,Anger
530,elemen penyokkkk diganti catatan pembatalan,Fear
531,drone sulit dikendalikan take miring wlpun ud kalibrasi sesuai kertas petunjuk menu app android bhs inggris pesan errornya bahasa mandarin gak baca,Sadness
532,nyaman mengenakan kemasan bagus pengiriman super,Love
533,beli peti penyalut plastik berbeda engah robek,Fear
534,warna tdk sesuai dg yg,Sadness
535,alhamdulillah barang dtg dlam aman pecah,Happy
536,berbohong efektif,Anger
537,penjual menyetujui pengisian barang impor cepat,Fear
538,barang trima dlm lecek sperti pesen lembar dlm melitut bungkus bareng dgn list pesenan sya kecewa banged not rekomend seller,Sadness
539,penjual angkuh namanya pembeli raja layani mestinya kepuasan pembeli prioritas utama loh angkuh sombong makan tuh duet haram gue belanja olshop loh cuih,Anger
540,produk diterima lengkap lampunya terang pas kepala gak sempet foto barang bagus proses kunjung penjual respon nya melambay cabut kasih,Love
541,colokannya gk sesuai mic nya berfungsi dilubang headset lubang micnya berfungsu,Sadness
542,kualitasnya jelek sebanding harganya minggu pakai,Anger
543,nyaman dipakai kemasan bagus pengiriman super,Love
544,pilih varian hitam yg dikirim putih acc kalo lelap komunikasikan kpda buyer fitur chat jgn kirim aja komplen males ribet,Anger
545,review jujur ya port kontroler player nya nggak berfungsi coba seller no respon coba reset colok cabut kontroler tp nggak berfungsi thanks,Sadness
546,zonk packaging bottle zonk bgt,Anger
547,dikirim sesuai pengaturan proses,Fear
548,roda permintaan ditetapkan tokopedia terima kasih dsini,Anger
549,direkomendasikan penjual,Fear
550,elemen kemasan asli bagus penjualnya cepat,Love
551,ga sesuai foto bahan kulit lembu bohong,Anger
552,kesan gak parkiran gojek tanggung pembeli kapok ah beli ditoko lancar aja bos,Fear
553,enak banget pulen teksturnya nasi gampang buatnya,Love
554,tas nya bagus banget bahannya tebel pengiriman barang cepat,Love
555,,Anger
556,pembelian puas barang disukai salah produk disukai anabul,Love
557,barang selamat cakep modelnya kecewa produk eiger,Happy
558,bagussss sukakakkk ntah udh brp kali order bahannya bagus adem n nyaman harga promonya mantulll,Love
559,respons penjual lambat menyajikan bahan selang mudah melentur mesin cuci,Sadness
560,rekomended suara ancur nois nya kacau nyesel kualitas ga bagus ga kepake,Sadness
561,keacakan artikel harapan terima kasih,Love
562,gatal tenggorokan membelikan menyesalinya,Fear
563,thanks sukses,Happy
564,obrolan tangkisan memasuki bidang dijanjikan,Anger
565,tdk sesuai,Sadness
566,packaging simpel proses pesanan cepat packaging aman packaging rapi,Happy
567,kaca yg lecet barang retur jual,Sadness
568,nyaman kulit packaging simpel proses pesanan cepat packaging aman packaging rapi,Happy
569,stelah pemakaian rutin kutu anjing spot spray kutunya doang nyesal produk,Sadness
570,black dipesan dikirim putih parah diburu barang hadiah ulang silakan periksa mengirimnya dikirim,Anger
571,kulit cerah cepat meresap cocok kulit kombinasi cocok kulit berminyak kemasannya lucu penjualnya ramah banget cocok kulit normal proses pesanan cepat cocok kulit kering respon penjualnya top cocok kulit berminyak packaging rapi packaging aman,Love
572,responsnya cocok deskripsi solusi respons penjual,Sadness
573,obrolan tanggapan sero dijanjikan memasuki parah hancur,Anger
574,kecewa tanggapan penjual,Sadness
575,gak pengaruh kutu msih hidup sdh tes langsung ditipu nih semoga karma dah lu,Anger
576,barang dikirim deli raja drama ecom atupun oranye beli kalo ngadain promo complain kekurangan barang dikirim acc alasan stok kosong dana dikembalikan sesuai harga promo kalo ga niat bikin promo tolong ga bikin kalo nama deli jelek deli rugi bye ga beli deli,Anger
577,pengemasan bergaya disarankan,Love
578,bahan produk kualitas produk produk asli produk asli direkomendasikan thx,Love
579,pengaruh kutu hidup memiliki tes ditipu semoga karma,Fear
580,standarnya transportasi skala dikirim,Sadness
581,tulis motif iron cement ga save penjual ga motif qadim kirim motif serampangan,Fear
582,bahan alami nggak memicu alergi bahan pengawet,Happy
583,barang packing bagus,Happy
584,beli obat diikrim dus kosong maksdya nh tipu konsumen masdya,Anger
585,kelipet yg pakai mata ayam print gak rapi kecewa sih,Sadness
586,bagus bagusss warnanya menarik bikin anak senang gambarnya,Love
587,super kereen seller deh terima kasih bantuannya,Love
588,kemasan lapuk kotak memesan bra bra lapuk,Anger
589,bagus banget barang nya,Love
590,kualitas lem mahal aibon,Anger
591,buruk,Anger
592,mainannya bagus,Love
593,barang udah maaf konfirmasi sesuai review yt barangnya rekomended menekan cost,Love
594,orang voucher ramah dikirim email transfer langsung dikirimkan bro terima kasih ya langganan,Love
595,suka box nya ciamik dehhhhhhhhhhhhhhhhhhhhh,Love
596,mantap gk kecewa belanja figure sesuai foto kawaii banget wangy wangyyy hehe becanda om,Love
597,barang sesuai,Sadness
598,barang sesuai build qualitynya oke respon seller jg cepat overall puas belanja thx,Happy
599,maaf kekecewaan pengguna fahhampton membeli isi tes tester farhampton jatuh cinta langsung membeli berbelok hak bertahan hidup proyek pemeriksa baunya jatuh cinta tes aroma,Sadness
600,mic speakernya rusak suaranya terlampau banget gak dengar hmm worth gak cek kirim,Anger
601,terbiasa berbelanja abbott kali goresan tawaran promosi stok goresan sub diragukan berbelanja toko cabang,Anger
602,jahitannya rapi ukuran sesuai modelnya cantik warnanya cantik nyaman dipakai bahannya adem,Happy
603,pdhl tangsa membeli suvenir susu cm buruk,Anger
604,baso nya asemmm basi ngga bermanfaat banget spesies beda beda yah pulau deh klau beli jamin basiii,Anger
605,lupa memasukkan warna obrolan lgs penjual permintaan warna dikirim obrolan obrolan ikan kirim parkir warna putih sederhana mahal mengirim orang langka kecewa,Sadness
606,njir dikasih barang pecah guoblok yg dagang,Anger
607,trimkasih bonus nya,Happy
608,beli windows saranin coba windows mencet mencet stik coba,Fear
609,dlm ordernya sdh sy wrap rp tp dikirimnya bubble ordernya n spy dikirimnya lbh cepat instant tibanya jam,Sadness
610,pengiriman menilai pejabat warna tabir hbs memilih warna ujungnya warna pilih stok periode bandung pejabat japri elemen diskon wa layanan membuatnya kecewa,Anger
611,barang jelek pake udah gosong segel udh kebuka,Anger
612,pakingnya aman pakein dus tipis doang pdahal elektronik dg barang riskan pecah kalo tumpuk brng,Sadness
613,istimewa akurat dicetak sempurna,Happy
614,pesan dikasih ar colouring book nya lg diganti ludo pengemasan paket buruk hadiahnya,Sadness
615,pesan warna dikirim warna yg kecewa seh tp ya sdhlah,Sadness
616,sesuai pesanan barang yg kirim penjual paking teliti,Anger
617,elemen menggandakan pembungkusnya penyalut plastik balon dihancurkan menerimanya keberuntungan,Fear
618,beli buah warna pink dikirimnya ungu konfirmasi ty dm dibalas gantungan masker yg putus seller membalas dm,Sadness
619,toko penipu tipu harga tipu merk semoga karmanya amin,Anger
620,udah ngikutin prosedur penggunaannya lemnya nggak pupus lem udah kering udah dikasih lakban kaya prosedur sandal dilem ditarik menjengkelkan,Anger
621,aplikasinya gak kalo pintu buka automationnya lumayan lengkapnlah,Happy
622,official store aja spt gmn klo beli toko udh smp taun ga penyelesaian dr pembelian desember sy udh ingatkan pdhl pastikan brg bgs pas besoknya lgsg sy keluhkan tutupnya ga bs dipasang tgl toko bersedia kirim tutup yg buktinya chat tp main ga menawarkan solusi nyata beli pan krn butuh yg tutup kacanya dikirim tutup yg ga bs dipasang brand pelayanan kualitas rendah pengalaman yg mengecewakan mengirim barang ga berfungsi namanya penipuan ga beli carote lg ga rekomendasi,Fear
623,beli telepon toko muatan penyerahan murah,Anger
624,kecewa barang yg terima segel samsung terbuka sananya dlm plasti segel kartu byu buka segel pelaatiknya yg parah layar sidik jari tertinggal buka curiga curang tokonya barang mukin yg kw kepala carger kabel dll toko waspada detail penjelasan gak bilang gak tau kaka kalo samsung asli sesuai pembicaraan samsung segel tulisan terima segel rusak pokonya toko ngerasa barang bekas,Sadness
625,lingkaran besi dipindai ujung diputar,Fear
626,pengiriman baramg sesuai yg diharapkan,Happy
627,item kemasan asli bagus penjual cepat respons cepat,Love
628,jilbabya lecek benang jahitan,Anger
629,kecepatan pengiriman packing rapi pesanan sesuai tx seller,Happy
630,prod dikirim dgn dilipat tdk digulung utk background foto bekas lipatan permananen,Sadness
631,mainannya bagus,Love
632,pelayanan top beli maling slalu toko best seller,Happy
633,barangnya original garansi resmi kemasan disegel spesifikasi sesuai barangnya mulus kelengkapan sesuai warna sesuai pesanan berfungsi penjualnya ramah banget proses pesanan cepat packaging aman packaging rapi,Happy
634,bahan konstruksi kuat rusak,Fear
635,recommend banget pelayanan ngk bagus sesuai foto beli lampu mati lengkap,Fear
636,karungnya super tipis sesuai gambar,Anger
637,barang dah benyek benyek kerusakan ga diganti pengemasan susut asan pelajaran,Sadness
638,pesan barang pas promo dikirim disuruh refund duit yg dikirim barang hak sale gajelas sale nya nipu bgt sale official store,Anger
639,membeli junior wisfas mencium bau kucing truk ketagihan,Anger
640,kecewa packingan kardus berbyr kardus tdk tambahan pelindung apapun shg pesanan sy penyok gmana klo tdk pki kardus berbyr mgkn pesanan sy tdk terbks rusak total,Sadness
641,uangnya amanahannya kirim barang yg nggak dikirim lengkap berniat dikirim kekurangannya belibet inbox berkali kali alasan pesanan resi dikasih tetep aja alesan belibet salah kirim brg ngga lengkap nggak rekomended,Fear
642,merekomendasikan produknya normal berkemas amplop undangan putih dibungkus plastik,Fear
643,mantap barangnya sesuai bagus makasih min,Love
644,lilin kaum lelaki lilin emir,Love
645,cepat pengirimannya coba produk sesuai deskripsi praktis dibawa skrg sudh gk layar hp yg kotor brminyak,Happy
646,gak bener nih dateng tuh meja utuh gak terpasang banget dilem ngaco nih,Anger
647,pengiriman efektif langganan,Love
648,gak ngerti model kardusnya kyk tanduknya tp kotaknya gak disesuaikan kardusnya bolong tanduknya patah pdhl bubble warpnya udh bnyk bngt jd kardus kemasannya yg gak diperuntukan utk barangnya better dikeluarkan packing kardus ulang biar aman,Fear
649,barang ga sampe dikirim nyusul resi ga,Fear
650,barang nya bagus sesuai gambar tajam semoga awet deh pisau nya,Happy
651,terimakasih paketnya terima sukses ya,Happy
652,moral yg konstruksi ikan dikirim yg donat kucing mencret,Fear
653,permintaan pengepakan buruk kotak bra dada rusak,Anger
654,selang nya bolong titik kirim cek,Fear
655,bagus barang cepat,Happy
656,barang bagus murahan,Anger
657,ukurannya tercantumkan,Happy
658,beli kemasan kirim kemasan bintang kon tl,Anger
659,mantabbbb bagasi bagak berkuslitass topp dahhh,Love
660,pesan dikirim ga komplain ga video dikirim foto gabisa respon sehari setelahnya ga pas komplain nomor resi silahkan ambil nya,Sadness
661,beda yg dipesen yg,Fear
662,mantap terima kasih seller order kemarin sore jam k daerah garut barang sesuai deskripsi,Happy
663,barang kemasan,Anger
664,berfungsi yaa ditambah daya pakai mikro usb cas hp,Sadness
665,info konfirmasi terkait membeli kali sesuai toko resmi ecommerce bad buruk,Fear
666,lapisan pelindung kotak plastik pembungkus diterima bucket lepuh lepuh minggu rabu jakarta membelinya toko resmi resmi membeli toko membeli toko hadiah harganya murah pengepakan bagus toko resmi dihancurkan hadiah menutup toko,Anger
667,berfungsi,Happy
668,parahhhhh kecewa bgt bilang bahan yg tebel tpi tipis murahan pesanan kali nilainya hasilnya jelek bgtttt jgn pesen toko parah bgtttttttttttttttttttttttttttttttttt,Sadness
669,gk kasih sya beli,Fear
670,cepet bgt pengiriman ny cma shari nyampee masker ny enak bgt pake jerawat ku g muncul lginyaman kulit proses pesanan cepat,Love
671,ngirim daerah pake kurir anteraja bosku gk masuk karna gk cabang didaerah,Fear
672,packing nya rapi brg pesanan dlm,Happy
673,bawaan sebanding pengiriman emas pindah pindah mengirim merek putih,Anger
674,pesen putih yg hitam giliran sy balikin sih ditukar sm yg putih ongkir gak tanggung jg boong blg kesalahan mmg,Anger
675,berlangganan membeli simcard jr pass layanan mengobrol respons pengiriman cepat puas berlangganan berterima kasih,Love
676,yng beli aparatus pake bandar besiny copot base nya seller solusi replacement refund sarankan membeli merek dripda membeli brang defect toko,Fear
677,mantap proses pengemasan pengirimannya cepat produknya nyaman bahannya,Happy
678,lambat kualitas lem aibon,Anger
679,repon pengiriman lambat estimasi,Sadness
680,woooowww kereenn langsung dipakai anabul bulunya langsung bersih bagus packingnya bagus aman terima kasih,Love
681,barang yg pesan sesuai pesanan udah komunikasi via chat tukar tolong direspon tokopedia care ga balesan kali ngalamin kyk belanja toped,Fear
682,overall ok,Love
683,produk sesuai respon cepat pengiriman cepat,Happy
684,itemnya produktif asa tahan membelinya,Love
685,barangnya dgn selamat bonus pic pengirimannya aman capo plastik motif kayu bantalannya karet semoga awet,Happy
686,proses kirim vouchernya cpt cm blm check sih semoga ga harganya ok banget dbanding agent sejenis sellernya responsif suka,Love
687,putih periode hitam ulangi ditukar smal putih pesan surat menanggung boong membanjiri,Anger
688,mmaaaanncccllaaappp,Love
689,sellernya aneh yg dilakuin ga singkron ribet,Anger
690,pengiriman cepat buku selamat buku buku cacat kekurangan,Happy
691,nyaman banget dipakai kualitas bahan bagus gerak maksimal,Happy
692,barangnya bagus mewah designya keren pengiriman cepat bungkus rapi,Happy
693,pengiriman nya cepet packing nya gak aman banget cuman dipacking plastik bubble wrap kardus bagus sih dapet gratis tokopedia terimakasih tokopedia,Happy
694,bagus tombol nya anti karna pause play mesti double tap beda yg merk n bahan bagus harganya bersaing packing bagus kelengkapan sesuai,Happy
695,cantik banget,Love
696,baterainya dapet rusak pantes pas charge ga penuh penuh pas dicoba gabisa fisik baterainya kembung,Sadness
697,kualitas bagus foto pengiriman cepat mantap pokoknya,Love
698,ga selevel warna orderan,Fear
699,nggak recomended sdh tes wtnya katany jarak meter sdh gangguan,Fear
700,kualitas barang sesuai harga bahan lumayan halus sablon kasar cuci mesin cuci pengiriman cepat,Happy
701,ukurannya gak sesuai deskripsi gk gk parah sih beli produk berbesa gk potongannya,Fear
702,barang dipesan sesuai selamat,Happy
703,motifsuuu bagus pengiriman,Love
704,barang diterima sesuai deskripsi terima kasih,Happy
705,tolong cek kirim power yg asap untung ganti kapasitor,Fear
706,obrolan mengkonfirmasi elemen warna dll,Fear
707,diterima penghinaan mulus mengesankan mantan ketara berterima,Sadness
708,amazing cool a f barang cepat sampee,Happy
709,pelanggan,Love
710,bahannya bagus seler ramah,Happy
711,kekecewaan kualitasnya,Sadness
712,ga sesuai pesan adult dikirim kitten kaleng pd penyok diretur mahalan ongkirnya,Fear
713,sayang ditukar ritsleting jebol kualitas negatif izin kecewa,Sadness
714,mantabbbb default dahhh topp,Love
715,tergiur promo beli cpt habis ngecas powerbank nya,Fear
716,kaos anggota tumitnya pakai abadi a awet melar,Sadness
717,tq paket na sampe smoga soho promo ya,Happy
718,airo customer service super duper bagus okey produknya bagus puas banget love airo,Love
719,mantappppp recommended keyboard mousenya,Love
720,mantab dikardusin babblewrap lg murah lg,Love
721,game lancar kondisi box game cartridges mulus pengiriman super cepat seller yg super responsive thanks gan recommended bgt beli game,Love
722,barang sesuai deskripsi pengiriman cepat,Love
723,muatan yg dikirim sesuai pesanan keliru warna harap teliti lg merespon komplain dgn tanggap,Fear
724,barangnya yg dikirim sesuai dg pesanan pesan tas stitch pink minnie tp yg dikirim tas minion duanya,Fear
725,lampu lampu dikeringkan dipasang,Sadness
726,recomended pelayanan mengganjar respon transmisi cepat,Love
727,barang rusak seminggu respon penjual buruk garansi chat dibalas garansi bohong pikir lg deh klo beli,Fear
728,buku makassar rusak mengosongkan mengisi pengepakan kurir,Fear
729,sesuai harga,Happy
730,order yg ko sy kecewa bungkus pecah kopi berhamburan k gak tau kesalahan dr selese seler kurir,Anger
731,mengecewakan,Sadness
732,beli bubble tp gak kasih bubble biasax gak kecewa kali kecewa,Sadness
733,barang mencapai harga ekonomi kualitas barangnya penjual ekonomis,Love
734,pembelian mengecewakan unboxing makasih banget bang next order,Love
735,pengiriman pelayanan pdhl officiall store,Anger
736,suka bahannya modelnya harganya terjangkau,Happy
737,jujur sih kawatir kali membeli emas online alhamdulilah penjualnya jujur amanah langganan nih terima kasih,Love
738,mantap sesuai ekspetasi proses cepat sipp lahhhhhhhhhhhhhhhhhhhhhh,Love
739,mantan kardus bubblewrap murah,Love
740,barang rusak kirim,Fear
741,suka bau karet kuat,Fear
742,kuning emas emas buruk penjual,Anger
743,terbaik pokoknya packing lakban doang rapih banget keren lakbannya rekat banget,Love
744,mantapp mengepak respons rapi cepat direkomendasikan,Love
745,ga dikirim berat,Anger
746,diadili berpengaruh proses pengiriman penjual terima kasih cepat,Sadness
747,magnet perekat melekat ahsan ditempel lampunya jatuh kecewa magnet wadahnya ga melekat bagas jdnya rusak lampu jatuh kelantai,Sadness
748,toko toko mati,Fear
749,chat dijadikan makesure barang warna dll jgn kaku kaku bgt roko,Fear
750,sesuai deskripsi pesanan terimakasih,Happy
751,wow tanggapannya kerugian memilih,Fear
752,harga affordable respon seller cepat langsung kirim warna sesuai cat ga ngapur mantab,Happy
753,pesanan sesuai deskripsi pengiriman cepat,Happy
754,barangnya cepet banget recommended tengkyuuu,Love
755,wrna yg salah jdi kecewa deh,Sadness
756,pemesanan hasilnya rapi mengecewakan laminatingnya mengelupas potongannya rapi bolongan menonjol,Sadness
757,sesuai harga kualitas nol,Anger
758,elemen kondisinya dihancurkan kemasan eksternal robek,Anger
759,recomend seller hati berbelanja seller seller nya bertanggung,Fear
760,gimana miring plus udh alamat kirim kantor tutup jam libur udh udh konfirmasi sblm jam sampe pake sameday nyampe nya jam malem gw nungguin warkop kantor yg udh gelap tolonglah kalo udh notice gitu pilih sameday jgn pake anteraja yg transit transit kalo emg ga ga diiyakan pas nanya jam sampe kecewa,Fear
761,topeng longgar,Fear
762,bagus banget sisirnya awet,Love
763,buruk super duper buruk rusakk dlm nya jne heran udah bilang pake yess yess reg sedia yess tokopedia heran,Anger
764,kecewa si packing nya ga molek ga bubble wrap tulis note pemesanan,Sadness
765,salah kirim barang dibantu retur retur barang yg dikirim susut retak bobot eye shadow nya menunggu utk retur semoga dibantu utk retur,Fear
766,kecewa produk cocok deskripsi tertulis bahan aluminium diterima materi plastik tertarik membeli deskripsi tertulis aluminium,Sadness
767,barang komplain direspon pelajaran yg beli cek,Fear
768,pesan putih hitam giliran dipertukarkan smal putih ongkos kirim menanggung boong disalahartikan,Anger
769,penjual ramah tertib sesuai urutan pengepakan pengemasan pesanan,Love
770,wadah penutup jelek,Anger
771,repurchase warna yg beda toko fast respond sesuai review item sesuai bahan bagus lgsg menyerap bahan canvas sukses,Love
772,tutup retak diterima lepas markernya marker kering kecewa banget,Sadness
773,barang dikirim tanda terima kosong,Fear
774,perintah dikirim,Anger
775,bola cantik cantik disukai famili,Love
776,packing rapi respon cepatt,Happy
777,produk cocok deskripsi penjual dikirim salah solusi instruksi ditulis deskripsi,Fear
778,salah alamat kirim chat dicancel utk pesanan tsb krn sy salah masukin alamat menit langsung pesan ulang alamat yg dibaca chatnya langsung diproses dasar gak becus ifillll gak pesan toko,Anger
779,sayang dipertukarkan kualitas negatif rusak maaf kecewa,Sadness
780,daerahnya dingin gritongan hahaaaa,Anger
781,pesan lupa cantumkan warna lgs chat penjual nya request warna seblm kirim chat mengindra ga respon kirim ikan nya warna putih polos kecewa belanja udah mahal kirim yg jarang org kecewa,Sadness
782,gajelas,Anger
783,ahh memuaskan belanja,Love
784,waw murah bangetttt packingnya rapih produknya bagus keren mantap uhuuy pisan deh pokoknya hehehehehe,Love
785,kurir jne,Anger
786,item cocok legging,Fear
787,terlepas apapun alasan seller barang kasir apalah udah dikirim dikirim transaksi kecewa pelayanan yg sprti butuh tugas kampus,Sadness
788,mantaapp,Love
789,respon seller barang sesuai pesanan,Happy
790,barang berfungsi packaging aman barang mudah,Happy
791,touch screen lancar layar sensitif respon penjualnya top,Happy
792,banyakk rusakk lecet nyaaaa,Anger
793,pia nya kak tp pas buka hancur smua bubble wrap,Sadness
794,sesuai pesanan,Happy
795,barang bosok pake rusak claim berbelit ama adminnya,Anger
796,prinsip harga berlaku sesuai kualitas pemeriksaan perasaan buruk bantal diluncurkan kolom dukungan pusat diatur tiang menghubungkannya cobalah menggunakannya penggunaannya harapan mendukung kacang mendukung ponsel proses menginstal ponsel sepenuhnya ya masukkan amal toko komentar berkomunikasi,Fear
797,ga dikirim payah,Anger
798,perbaikan default terpanjang tokopedia merobek sampul sesuai terima kasih dsini,Anger
799,mantappppp,Love
800,beli toko resmi feb feb siang cepat cussons harga penjualan flash murah,Love
801,sesuai pesanan dilaminasi refund laminasi,Sadness
802,best bgt sih fast respon best price prosesnya cepet bgt helpfull dibantuin ganti tgl tgl pas booking mendadak halangan kirain hangus tiketnya gak taunya dibantu proses reschedulenya pokoknya best bgt langganan,Love
803,barang original pengiriman sesuai estimasi sukses gan,Happy
804,sesuai harga kualitas nol,Anger
805,tulisannya copian cetak ulang,Fear
806,kecewa barang rusak jual anak air kalo jual barang jujur jgn barang rusak jual ya,Anger
807,barang cepat sampe penjual fast respond dpt produk yg covernya lecek,Happy
808,puas sdh belanja pelayanannya ramah pengiriman super rapih cepat,Happy
809,tolong perhatikan karet nya kebalik karetnya ga sm lurus jahit nya dkirimin brg reject,Sadness
810,pengepakan netuskan,Love
811,barang ori pengiriman cepat sippp,Happy
812,harmoni,Anger
813,ngerakit nya gampang alhamdulillah cakeb produk sesuai tq seller tq tokped,Love
814,udah pembelian awet tahan gak gampang rusak beli ilang ato dipinjem gak dibalikin,Love
815,terima barangnya gan makasi,Happy
816,pesen warna merah yg dateng warna hitam udaj konfirmasi chat,Sadness
817,kecewa segel plastik semut penjualan kesalahan maaf khawatir penjual peduli kegilaan kali tokonya,Sadness
818,warna lucu direkomendasikan murah murah aturannya,Love
819,memuat mesin cuci electrolux bahan tahan air,Fear
820,sesuai dgn promonya sy terima dibuka yg,Fear
821,awet banget ni strap nya enak tebel ga takut putus,Happy
822,semoga lancar yah langganannnnn,Love
823,responnya lambat udah request kirim pagi siang blm dikirim kali tolong diperhatikan,Fear
824,raknya pecah packingnya gak pengamanan,Sadness
825,kue bertanggung kue asam mengeluh penjual dikonsumsi dimakan,Fear
826,bahan oke packing rapi cepat,Happy
827,produknya bagus berfungsi,Happy
828,pengriman dr kurirnya tp sellernya yg lemot krim ekspedisi nya dn bagasi,Anger
829,kali kesekian membeli bagus,Love
830,barang sesuai pengiriman cepat,Happy
831,buruk pengirimannya lengkap,Anger
832,jahitan rapih,Sadness
833,rugi bayar instant delivery yg mahal order dicek lengkap pesanan yg praktis cepat tuntas krn kirim ulang kecewa belanja mahal,Sadness
834,admin respon cpt ramah barang cpt sampe sampe dgn install lengkap dijelasin sisanya membantu adminnya rekomended bgt next lg puas bgt,Love
835,celana ukuran akurat,Sadness
836,rendangnya lembut n transportasi bangat rekomended deh,Love
837,penjual ramah terorganisir sesuai urutan mobilisasi pengemasan pengaturan,Love
838,alat bagus gak dipakai dipakai menit udah overload nunggu memakan yg,Sadness
839,beli gaada efeknya efeknya pas basah doang item kalo udah kering ajeee sarung tangannya bekas,Fear
840,disuru pilih aromanya yg dikirim gak sesuai coba donk klo dagang online yg sesuai pembeli pembeli raja belinya pake uang tdk,Anger
841,sdh belanja smg terkumpul dah aamiin,Love
842,pengirimannya,Fear
843,buset kasih merk ares pake pod kuy langsung bau gosong perdana kecewa belanja toko,Sadness
844,item kemasan asli bagus penjual cepat respons cepat,Love
845,layanan pelawatan gojik pagi,Anger
846,suka sabun,Love
847,mati samping kekecewaan percaya,Sadness
848,parah kirimnya baju bekas klo jualan yg bener bu,Anger
849,barang trima dgn rapi suara nya oke thanks,Happy
850,pesanan dah barangnya original barangnya mulus warna sesuai pesanan proses pesanan cepat packaging rapi packaging aman fast charging kurir cepat trims ya,Happy
851,pampers nya yaampun packing sampe kebuka danpampersnya sobek jujur kecewa banget,Sadness
852,elemen indah,Love
853,pesen warna hitam gold konfirm wa barang peyok kiri kanan kecewa,Sadness
854,baunya kesal pusing,Sadness
855,mantab minnn pengiriman jam sore gasss,Love
856,mengecewakan barang yg dikirim sesuai konfirmasi kali nanggung x ongkos kirim mengecewakan,Anger
857,fokus mantabh elegan memuaskan,Love
858,mantaaaaaaaaapppppp pelayanan cepat pengirimannya top markotop bintang recommended pagi order malam udah nyampe,Love
859,mengirim lilin membelinya,Fear
860,alamak rapi bungkus plastik putih transparan bungkus plastik hitam rapi,Anger
861,jelek jelek jelek jelek jelek kopi kopi,Sadness
862,jam sulit sinyal kartu sinyal lemah buruk,Anger
863,mobilnya bagus bgt pengiriman super cepat harga terjangkau,Love
864,alat berfungsi sdh dipasang sesuai instruksi tdk bs dipakai api yg terpantik liquid gas,Anger
865,barang sesuai deskripsi produk original warna awet packaging bagus,Happy
866,menjual toko toko bro,Anger
867,langganan packing amaannnnnnn,Love
868,bagus alatnya bagus service nya cepat nyampe barangnya,Happy
869,barangnya original hemat listrik bahan kuat awet mutu terjamin sni penjualnya ramah banget packaging aman proses pesanan cepat gampang dipakai,Happy
870,mantap dapet harga yg miring pengiriman sehari lgsg sampee packing aman rapih expired makasihhh,Happy
871,ga teliti membaca requestku nya lemon knp yg dikirim summer linen,Anger
872,buahnya bagus kurirnya ok sellernya ok,Happy
873,lucu warnanya direkomendasikan harga murah murah memesan,Love
874,ramah pelayanan cepat packaging rapih aman pesanan sesuai catatan terbaik request pake kertas kado kartu ucapan free charge failed sih beli,Happy
875,kualitas barangnya mengecewakan,Sadness
876,produk sesuai foto console yg dipakaikan hardcase pas masuk pouch packing aman pengiriman cepat terima kasih,Happy
877,barang dikirim sesuai model,Anger
878,beli toko resmi februari februari cepat sungguh cussons harga arang murah,Love
879,gokil harga murah kualitas oke,Happy
880,dikirim buruk,Anger
881,dipake udah rusak aja,Fear
882,lilin saudara lelaki lilin sultan,Love
883,bagusssss bangeeettttt,Love
884,aturannya kecewa paket memecahkan kopi menyebar kesalahan latar latar,Anger
885,bukunya original bagus cacat sayangnya respon penjual tdk respon,Sadness
886,produk original kualitas bahan berfungsi,Love
887,barang penyok,Sadness
888,memesan letak rumah bentaru selatan jakarta bekasi seller pengemudi gojek mengambil jalan alternatif hellowwww surat cepat tarif sepeda motor internet rumah rumah penjual marilah penjual barang dikirim langsung surat cepat mengambil,Anger
889,kekecewaan pengepakan aman perjalanan produk baut,Sadness
890,kusutt datengnya pink notr biruu ga baca kayanya ni penjual,Anger
891,beli penutup bahan penutup plastik berbeda terbuka pecah,Fear
892,mendelegasikan,Anger
893,beta ikan sehat mengontrol air sirip,Love
894,bahan kulit sesuai iklan,Anger
895,barang dkirimnya beli tp rusak,Anger
896,terbaik intinya pengepakannya rapi bekamnya,Love
897,packing buble wrap anak sungai tambahkan kardus komunikasikan pengangkutan biar repot dikirim terpisah case nya ngga instan ngga dicancel,Anger
898,barangnya baret gak mulus,Sadness
899,kualitas beban patah dibuka,Anger
900,bagus warna menarik anak bahagia gambar,Love
901,kerennnnnnnn bgt celananya harganya murahhhh bgt,Love
902,packing hasan menimpali mantabh,Love
903,produknya pakai doang rusak kecewa bangettt,Sadness
904,mmaaaaancccllaaappp,Love
905,pengemasan pengiriman bangett pelayanan buruk admin burukk barang penyokk,Anger
906,dapet celana gak kancingnya disayangkan,Sadness
907,mengikat rambut meja kehilangan dikunci dicoba selotip longgar menguncinya booming lengannya bagus bingung dikunci,Fear
908,jam tangan nya rusak ga dipakai rumah anak sy menangis kecewa,Sadness
909,lilinnya udah rusak banget goldnya,Fear
910,sesuai harga kualitas nol,Anger
911,ga setuju ga lem,Anger
912,penjual disarankan,Fear
913,tata tertib yg ko sy kecewa bungkus pecah kopi berhamburan k gak tau kesalahan dr selese seler pengantar,Anger
914,brang bagus kbel kalo pake panas pegangan lampunnya,Happy
915,mantap pengiriman luarbiasa cepat barang oke,Happy
916,kesan warna merah berwarna hitam menekankan obrolan,Sadness
917,barang bagus kualitas oke,Happy
918,ga info bohong bikin pengalaman menggembirakan kalo beli produk dbe cari toko laen tipu tipu headphone dateng bikin telinga sakit,Fear
919,yg secuil hidup sebentar trs mati rusuh kaya yg konslet,Fear
920,item sesuai gambar sepadan harga murah,Fear
921,sesuai dipesan terima kasih,Happy
922,beban basah berair bau kwalitas salim spt digambar cat nya byk yg terkelupas,Anger
923,mengirim lilin membelinya,Fear
924,jamnya bagus banget produk sesuai foto nyaman dipakai,Love
925,,Anger
926,jamnya susah tikas pake kartu apapun lemah tikas jelek bgttt udh komplain gada penyelesaian yg menggubris,Anger
927,produk sesuai pesanan bentuk warnanya berfungsi normal,Happy
928,positive seller fast respon fast delivery rapih cacat positive product diterima sesuai gambar deskripsi recommeded seller,Love
929,kecewa pesan biru hitam yg warna merah,Sadness
930,toko benalu gk barangnya sampah,Anger
931,lucu warnanya disarankan makna murah murah aturannya,Love
932,mantap sesuai pesan packing rapih pengemasan pengiriman kasih seller,Happy
933,jamnya sulit sinyal kartu sinyal lemah buruk,Anger
934,ukuran sesuai,Sadness
935,paket ditingkatkan,Sadness
936,pas chekout kemarin tulisanny dapet cashback ribu pas barang udh dpt koinnya cashback ny berubah dpt ribu kecewa banget ganti susu kalbe aja,Sadness
937,beli warna ungu warnanya jelek ya ungu pudar,Anger
938,mantappp,Love
939,recommend banget beli respon cepet banget ga itungan menit dikasih best price harga ok apapun respon sampe kasih wa sabar banget tungguin sampe ok call sampe menit ketemu yg thanks banget ya puas banget recommend banget,Love
940,bocor kebocoran penyamak diselesaikan,Fear
941,packing rapi kualitas produk ok pengiriman cepat respon seller ok,Happy
942,barang palsu hot wheels original made china made malaysia spt diskripsi,Fear
943,sy usaha jd sy tdk menjelekan usaha org sya toleransi klo beli colokan rusak sy anggap kurir tpi transaksi lampu nyala admin jualan cek pac kirim jujur kecewa beli barang murah yg rusak donk kali belanja toko,Anger
944,kardus rusak packing jelek,Anger
945,permainannya bagus,Love
946,itemnya buruk cepat rusak tali dilepaskan,Anger
947,barangnya bagus harganya murah,Happy
948,pesan merah muda berpikir pink warna abu fitur obrolan mengonfirmasi pembeli mengubah warna kardus rusak dijual elemen penjual maaf kesalahan solusi kesalahan penjual selesai memperlakukan operasi jumat pagi alasannya sabtu libur karyawan sipil elemennya nyaman menggunakannya panggul kesimpulannya direkomendasikan,Anger
949,kualitas produk pengiriman box original,Happy
950,tanggapan faaaassst penjual bangeeettt ngabantin puaaaaaaassssss,Love
951,brg kondisi tongkat penjual memeriksa pertukaran bertanggung ongkos kirim kehilangan penjual,Fear
952,pelayanan nya barang salah kirim udah dibilang dikirim,Sadness
953,berfungsi,Happy
954,pengepakan kardus rusak,Anger
955,terima kasih barangnya dgn selamat produknya oke banget packagingnya aman recommended banget,Love
956,kecewa barangnya suara keluarin ga gede udah maksimal,Sadness
957,yg dikirim beda barang yg murah selisih eh rusak retur maenannya dah terlanjur dibuka yauda gw balikin selisih nya aja dg suruh isiin pulsa gw aja udah pulsa ga ditanyain nya ok doang parah ga amanah,Anger
958,posisi bantalan drum rapi lem meleleh,Fear
959,ukuran gak sesuai jumbonya,Sadness
960,rice cooker beli tp nasi bau berair tp bs ganti barang dr toko yg kalo barang rusak itungan garansi toko bs tukar dgn yg diservice yg sarankan toko bawa service center nasinya basah jujur kecewa krn memilih toko biar kl ngak ribet salah beli rice cooker mahal rice cooker bagus tp kecewa,Sadness
961,penjual direkomendasikan masukan dikirim itikad penjual orang membuatnya,Fear
962,pesen putih yg hitam adegan sy balikin sih ditukar sm yg putih ongkir gak tanggung jg boong blg malu mmg,Anger
963,produk sesuai deskripsi cs responsive helpful thank,Happy
964,jelek banget lakbannya tipis lengket yg lengket sisi mengganggu karna mengakibatkan paket orang menempel paket penyok,Anger
965,pengiriman lumayan cepat sukaa gak slah ukuran,Happy
966,seller ramahhhhh banget fast respons buyer buyer paham produk yg dibeli pengiriman cepat yg terpenting produknya bagus bgt berfungsi normal atur warna rgb bermain putih warna putih menyala terang gampang connect wifi diatur handphone aplikasi mudah ga salah pilih bardi yeayyyyy skrg kamar lampu rgb nya suka bgt ambience nya,Love
967,barang mulus packingan ok kelengkapan barang ok tinggal kendala tv wkwkwk rekomendasi yg beli,Love
968,baguuus kuat kokoh emang gabisa sejajar lurus foto keliatan kaki bawahnya dinaikin dikit hp nya overall okee,Happy
969,barang bagus orderan semoga nyala semualampunya terang pancaran cahaya lampu yg produk original,Happy
970,barang sore cuman ta unboxing mainkan malam sukaaa recommended ni toko,Love
971,mengawang,Fear
972,udah tertulis tp gak bublenya untung g pecah komplain nanggung uang,Fear
973,sentosa donk produk original,Love
974,respon pengiriman sengaja dirubah pengiriman batas batal otomatis barang status beralih pengiriman pendeta kurir berhasil pickup barang payah,Anger
975,lega,Love
976,penjual fast respon proses pengiriman cepat pelayanan produk memuaskan,Love
977,jempol reseller produk nya,Love
978,perantau penjual lepek lepek gulungan gelembung gulungan penjual menjual gelembung menjual vga ya,Fear
979,ramnya gabisa pakai udh tuker giliran dimintain refund susah banget beli pokoknya ga recommend banget hati hatii ram palsu,Fear
980,outer box fastener note komponen lengkap barang goresan segel kertas sobek rencana pesen souvenir,Sadness
981,kakananya ramah responsif terima kasih,Love
982,matep om,Love
983,jg sy tdk rekomend krn body sy jd klu dpke pendek sy gak nyaman klu berkeringat basah banget spt disiram air krn bahanya yg sutra jpg oy tangannya jg pendek bingit maaf,Fear
984,bad service pengiriman day gosend melewati batas estimasi tdk melayani pengiriman sameday gosend non aktifkan pembeli tdk bayar lbh mahal ongkir,Fear
985,well sampe fix orderan terlama tokped sobek bungkusnya ok thanks dsini,Anger
986,baunya sesuai harapan bau anchiah,Anger
987,belom menerima paket selesai yah gimana sih,Anger
988,kecewa berat salahnya dimana packing kemasan produknya hancur gak sangka sekelas pronas,Sadness
989,repurchase deh produk bulu mata acc banget ngerapihin alis akuuu wajar yaaa,Love
990,aromanya bikin pusing mual,Anger
991,produknya bagus n sesuai dgn pesanan sya seller mantul makasih skss,Love
992,disarankan pembeli membeli mobilisasi tambahan sisanya,Love
993,barang paket,Anger
994,kabel koneksi pegangan telepon telepon terpasang sempurna,Sadness
995,kualitas lem lambat aibon,Anger
996,packaging rapi shg lilin utuh response penjual cpt,Happy
997,elemen sampul pembungkus gelembung pecah layanan pengiriman pengemasan layanan pengirimannya aslinya kecewa,Sadness
998,barang udah nyampe makasih broo,Happy
999,nyaman dipakai modelnya cantik,Happy
1000,buruk,Anger
1001,pesan,Anger
1002,pelayanan ramah design maksimal hasil sesuai harapan recommended,Love
1003,toko barang buruk permintaan konsumen penjual gelembung dibebankan pembeli,Anger
1004,hisapan lemah suara bising,Anger
1005,gambar bagus dicoba topup ponsel nfc berterima kasih penjual,Love
1006,jahitan rapi potongannya rapi warnanya cantik,Happy
1007,kali pesan wood pallet respon seller gercep lsg sampe dirmh awesome next pesan lg terimakasih kak recommended seller,Love
1008,ko ga membantu jerawat nambah,Sadness
1009,pesanan tersedia kirim yg dipesan beda warna mencari warna merah dikirim warna biru mengecewakan,Sadness
1010,beli barang produk dikirimkan,Fear
1011,bahannya bagus jahitan rapi tebal tdk menerawang udah beli toko hasilnya memuaskan respon penjual cepat kiriman jg cepat,Happy
1012,penjual direkomendasikan bagus,Love
1013,sesuai pesanan bahan halus kayaknya adem,Happy
1014,beli yg kabel charger gimana,Fear
1015,jahitannya rapi ukuran sesuai nyaman dipakai modelnya keren,Happy
1016,tipis terawang bagusan leging pinggir jalan mah recommend price nyesel bgt gw,Sadness
1017,mantappppp recommended keyboard mousenya,Love
1018,official banget,Anger
1019,spons terganggu lancar cacat,Sadness
1020,bahannya tebal warnanya cantik licin ukuran sesuai modelnya simple bahannya adem,Love
1021,pesan,Fear
1022,baguss barangnya original lengkap dgn garansi diproses nya cepat thank,Happy
1023,berbelanja cepat pengiriman barang direkomendasikan berkemas aman rapi berbelanja tuhan bersedia,Love
1024,pashminanya pendek gak deskripsi,Fear
1025,pengiriman cepat packing rapih buku tersegel aman terimakasih,Happy
1026,cepet banget rusaknya sebulan pake gak nyala,Sadness
1027,jelekkkk,Anger
1028,kecewa pesen barang yg dikirim ga amanah banget semoga berkah aja deh,Sadness
1029,pengiriman cepat bgt mantap sukses yaaa,Happy
1030,barang rusak dikirim,Anger
1031,roda pesanan diperbaiki ditempatkan tokopedia menipiskan pembungkusnya terima kasih dsini,Anger
1032,mahal kualitas lem aibon,Anger
1033,kalo kirim baca note nya nya dikirim warna trus fungsinya catatan,Anger
1034,super kecewa botolnya pecah sampe bikin tangan luka chat penjual salah kurir bikin komplain susah krn ga divideoin kl liat packingnya cm pake bubble wrap tipis wajar kl pecah krn dlm kotak longgar krn cm ngandelin bubble wrap dikit aja kappk belanja lg terpaksa nyari toko ato merk utk kebutuhan vitamin,Sadness
1035,pengiriman dicancel tp maksa ttp ngirim,Anger
1036,elemennya mujur sisirnya tombol mengklik praktis,Love
1037,laptop rusak pass aktifkan fan error perbaiki keyboardnya rusak ganti keyboardnya adaptornya rusak belanja,Fear
1038,barang proses refund memakan dr memuaskan,Fear
1039,respon packing pembeli barang kirim medan pas ngotot nya ampun coba pikir pakai logika firmware update update hilang update herannya kaga percaya costumer beli barang bayar ongkir medan barang perbaiki tukar alasannya periksa ya silahkan belanja tolong teliti,Anger
1040,barang sesuai pesanan kualitas bagus mantap packing oke seller ramah pengiriman cepat fast respons recommended seller pokoknya,Love
1041,sulit membuatnya mengerti mobilisasi kompleks merobek kertas kangmas acc,Anger
1042,beli seminggu yg pake bentar pas pake uda ga bunyi,Sadness
1043,pengalaman gelembung bungkus,Anger
1044,desain ergonomis tekstur empuk bayi tenang gampang dipakai,Happy
1045,produk kehilangan salah karet sampingnya cek box,Fear
1046,barang sampah otentik membeli kotak beli kotak otentik jam pahit item kw,Anger
1047,recommended fast print fast response,Love
1048,produk sesuai produk berfungsi,Happy
1049,beli paketan g dikasih penyok dah,Anger
1050,beli kabur zoom menghubungi cs klaim garansi alamat ga hadeuhh webcam jutaan kualitas sampah,Anger
1051,barang dikirim berbeda gambar dibocorkan merek kuas penipuan,Fear
1052,layanan,Anger
1053,presisi pas,Happy
1054,pesen selasa malem nyampe rumah rabu sore kamis aman jumat pagi minum udh asem kecewa,Sadness
1055,saudara ps tombol hijau tombol hijau mati,Fear
1056,bintang pakai part hilang baut,Sadness
1057,penipuan barang yg dikirim hvs sadar pesanan selesai ajukan komplain penjual yg pesan toko thx,Fear
1058,ga sesuai permintaan udh dikasi objek orderannya chat biar inget eeh bawaan yg warna tdk sesuai warna yg pengen cepet ngirim aja lapaknya klo ga stok jgn approve,Anger
1059,barang nya kw lengket lemah beda ori,Anger
1060,kantong tidur tipis,Fear
1061,no recomend order yg kirim mengecewakan,Sadness
1062,mobilisasi bergaya sakit,Love
1063,berfungsi suka mati,Sadness
1064,warna salah pesan warna hitam warna putih,Sadness
1065,sesuai randomnya bahan sesuai expektasi terima kasih,Love
1066,rintang sabun,Love
1067,burung sakit kaki nya ga normal bang kasih,Fear
1068,produk sesuai deskripsi fitur berfungsi ukurannya sesuai bahannya bagus wow diluar ekspetasi,Happy
1069,bagus kencang sayangnya patah,Happy
1070,kualitas merk china harga nya bagus merk pengiriman lambat official store pesan tgl tgl tdk zoom meeting memakai hp kecewa produk pelayanan logitech utk keyboard nya mouse nya emang bagus bbrp model nya sy kapok beli barang proses bbrp jam sblm pembatalan pesan nya,Sadness
1071,gak dibeli aplikasi gabisa moka cashlez gabisa beli ga connect recomended harga mahal support jelek,Fear
1072,recommended seller pelapak sesuai markotop,Love
1073,nya tipis nyesel beli test hahaha maaf akur kasih bintang,Sadness
1074,garansi resmi barangnya original baterai awet fitur mudah penjualnya ramah banget,Happy
1075,pesan hitam dikirim warna kopi next please teliti warna hitam nya gak please info,Sadness
1076,pemakaian kabel chargernya udah gabisa dipake,Sadness
1077,kue mencoba bersandar kue mengeluh penjual dikonsumsi makan,Fear
1078,buku udah original bagus pengemasan super aman pengirimannya lambat,Happy
1079,maaf nih wanginya kaya body lotion citra wangi body lotion emang sih harga murah tetep ga worthed,Sadness
1080,pake sensornya udah jelek suka,Sadness
1081,respon penjual buruk barang sesuai pesanan,Sadness
1082,case cd elegan lem meleleh,Fear
1083,proses pesanan cepat kualitas sesuai harga berfungsi,Happy
1084,produk mantap produk sesuai deskripsi variasi produk beragam,Happy
1085,sesuai harganya build quality nya bagus material bodi nya plastik kuat nahan beban hp yg kadang jatuh tripod nya hp nya posisi nunduk pemakaian batang mount nya patah note foto pasangin tripod nya dgn holder merek holder bawaannya bagus,Sadness
1086,beneran waterproof bulu mata lentik proses pesanan cepat packaging aman nggak menggumpal gampang dibersihkan packaging rapi,Happy
1087,gan paket terima sesuai order barang oke beruntung bagus mantap terima kasih gan,Love
1088,barang disalahtafsirkan membantu barang dikirim rusak isinya bayang mata menunggu pengembalian berharap,Fear
1089,kepuasan,Love
1090,bahan tipis jahitan kasar pokok sy k cewa,Sadness
1091,berbelanja dikumpulkan aamiin,Love
1092,penjual dipercaya topeng abu hitam dikirim ash,Anger
1093,pesan warna putih yg putih kosong dialihkan hitam ee yg merah maron pusiiing kayaknya ngak melayani,Fear
1094,bak mandi tes buruk,Anger
1095,item jelek lubang posisinya dimasukkan baut aneh,Anger
1096,nyala item putih customer service cuman bilang diotak atik kak uda sejam kabelnya dicolokan tvnya could better service,Sadness
1097,ramah bagusss warnanya menakjubkan bikin saudara ceria gambarnya,Love
1098,dicoba pengiriman,Anger
1099,barang sesuai pesanan tp seller responnya cepat n barang sdh cepat dr estimasi sukses n sehat gan terimakasih,Happy
1100,kayaknya smua barangnya kempeess makannya dituliss klo kempes gabisa ganti,Fear
1101,penjualan obeng magnetik obeng magnetik sulit belajar memiliki alat lengkap,Sadness
1102,dikirimin kopi langsung masukin kulkas besok cobain basi,Sadness
1103,muatan sesuai deskripsi berfungsi puas dg pelayanan penjual pesanan diproses pick dikomplen,Fear
1104,mah robusta nya ga sesuai deskripsi ekspetasi payah,Anger
1105,damai donk produk original,Love
1106,efektif membunuh hama barang sesuai deskripsi packaging aman bagus,Happy
1107,barang bagus berkwalitas mantapsss sesuai deskripsi cepat,Happy
1108,nunchuck nya ga main mohon diperhatikan kembli muatan yg dikirimkan pelanggan tdk kecewa,Sadness
1109,roti sulit enak,Anger
1110,pengiriman udh gt gaktau deh bener gak admin nya wa blgnya warna jilbab yg ku pesan hbs trs ak udh pilih warna tp ujungnya yg dtg ttp aja warna yg kupilih knp bgtu ya kalo stocknya knp hrs berbelit smakin pengirimannya statusnya gagal trs bgt bandung gak krn adminnya japri wa barang diskon ya gak gini hrs pelayanan nya jgn bikin kecewa,Anger
1111,yg bener gan klo ngasih barang expirenya masak sebulan gak kuat yg bulukan gitu,Anger
1112,barang deskripsi berfungsi puas layanan penjual pesanan diproses pengambilan selesai dipindahkan,Fear
1113,kotak dirakit kandidat tipis patah diterima krn packing tdk tdk komplain krn unt un boxing beban murah wasting time belanja item beban un boxing repot,Sadness
1114,besi disalah sisi gak diatur pendeknya dol alat gak mengecewakan,Fear
1115,packing rapih cepat produk sesuai deskripsi recommended seller,Happy
1116,item sembuh mengirimkannya po pdhal bergabung dikirim,Sadness
1117,respon pengiriman sengaja dirubah pengiriman batas batal otomatis barang status berubah pengiriman resi kurir berhasil pickup barang payah,Anger
1118,service mengecewakan kecewa kasi bintang,Sadness
1119,nyaman banget dipakai gerak maksimal kualitas bahan bagusbkn legging yg tipis mantaaap,Happy
1120,puas,Sadness
1121,bukunya cepet rontok lem nya ga kuat,Fear
1122,teratas membeli juara orian berlangganan pokonya,Love
1123,toko gak jujur banget ket suruh pakai kardus biar pengirimannya aman aq include dgn kardus ttp aja rusak bawahnya jebol trus yg anehnya kode uniknya tdk bs masukkan akun aq kayak udh masukkan akun toko gak jujur banget ya kondisi kotak susu bagus n utuh penyok,Fear
1124,mending cari penjual klo beli pet cargo seler dr seller berat markup asli nya berat dr ekspedisi dg alasan dimensi padhal barang nya wajar bentuk blm install ringan beli seller gada dimensi,Fear
1125,pesan semoga berkah deh yg curangin,Anger
1126,diadili berpengaruh proses pengiriman penjual terima kasih cepat,Sadness
1127,packing ok dalem kasih bubble wrap buku ok isinya gk yg cacat cuman syang pinggiran buku nya rusak overal puas beli tunggu orderan sya,Happy
1128,buruk menanggapi respon pembeli n garansi kerusakan direspon,Sadness
1129,topinya bagus bahan nya,Happy
1130,silikon pelindung buruk ditekuk mudah rusak robek kualitas lampu sebagus bayangkan kualitas philips,Anger
1131,elemen kemasan asli bagus penjual cepat,Love
1132,produk yg bagus nya telat banget gak kecewa produk harga yg murah,Happy
1133,order siang pesanan dikirim esoknya gak rekomended tokonya,Fear
1134,kecewa dipikir dikit pendek maaf kasih bintang aja,Sadness
1135,default mencapai harga ekonomi kualitas barang penjual ekonomis,Love
1136,langganan ngmpulin recehan emas,Love
1137,mantaap semoga awet murah meriah tp fungsi nya mbantu utk pekerjaan rumah lbh irit pemakaian superpel nya,Happy
1138,isinya air ban keluhan,Anger
1139,botol pecah pakingnya zonk bgt,Anger
1140,kali belanja mengecewakan free ongkir dikirim dng si cepat reguler kali dikirimnya si cepat halu kardus penyok terbuka berantakan buruk jenis delivery sesuai yg diaplikasi,Sadness
1141,barang cocok pesanan silakan kumpulkan barang hati,Fear
1142,barang kerusakan diganti kemasan buruk mohon pelajaran,Sadness
1143,pda pecah lilin pekejing ga aman,Fear
1144,murah meriah jd lgsg beli ccok nih yg bibir nya kering kya lumayan pelembab bibir ga mahal,Happy
1145,mantaaaaaap mantuuuuul terbaiikkkkk guuud,Love
1146,plastik uk tebel bnget bagus uk tipis pengiriman cepat lumayan thanks,Happy
1147,gasuka warnanya,Sadness
1148,barang banget salah sih ya gimana namanya kecewa,Sadness
1149,elemennya bagus harap berlanjut membelinya,Love
1150,purchase amaze sm mrk packing tebellllll n rapihhhh bngt bubble wrap nyaaaa,Love
1151,cepat memproses pengiriman dipacking aman rapih,Happy
1152,mantap barang bagus pack aman banget recommended seller deh nyari playing card yg,Happy
1153,elemen busuk seminggu tanggapan penjual jaminan dialek,Fear
1154,gak sablon box nya harga mahal,Anger
1155,memorynya sdh buka wktu sya trima tdk segelan kondisi sdh busam coba sdh kali blm dipakai,Fear
1156,barang dibilang ready ga taunya ga dikirim maen refund aja,Anger
1157,barang error,Sadness
1158,pemakaian kindle paperwhite nya rusak penjual bantu klaim garansi sedih bangettt,Sadness
1159,kualitas bagus kiriman cepat hargnya murah,Happy
1160,layanan buruk tanggapan warna pakaian wa obrolan gg ditopang respons berbeda miliki membeli toko,Sadness
1161,bahan tipis cepat habis,Sadness
1162,ukuran sesuai bahannya berkualitas nyaman dipakai si modelnya keren,Happy
1163,memfasilitasi pemasangan perlawanan cpt cpt penjual,Love
1164,penipu jujur keciwa semoga berkahnya,Anger
1165,kecewa pesen dkirim huuuuuufffttt,Sadness
1166,mantap banget ikan cupang sehat lincah langsung menyesuaikan air aquarium ekor sirip half moon bgt,Love
1167,top banget kurir ramah banget udah langganan sicepat top dah terimakasih seller kurir gak lupa tokopedia terimakasih,Love
1168,berfungsi yaa ditambah daya pakai mikro usb cas hp,Sadness
1169,warna putih hitam periodik ditukar smal putih surat menahan boong salah,Anger
1170,packaging rapi gampang dipakai desainnya elegan baret dikit tp masi ok overall,Happy
1171,maaf barang berfungsi sayang kalo pake tv beresolusi fhd gambar tetep,Fear
1172,default mencapai permintaan disarankan,Love
1173,cocok deskripsi cocok anak,Fear
1174,iya brang nya bagus,Happy
1175,pengirimannya gimana ya sayang bgt bukunya cacat gitu keliatan bekas kado,Sadness
1176,gamepad mantap tombolnya jg enak tp sayang ukurannya kekecilan packing jg aman pengiriman cepad,Happy
1177,faal warna merah warna hitam menekankan obrolan,Sadness
1178,produk sesuai harga terjangkau,Love
1179,mending toko,Fear
1180,maaf bintang ramalan tergantung efektifitas produk yg beli gada efek udh smpe hbis pakainya,Sadness
1181,kualitas lem aibon,Anger
1182,penjual direkomendasikan,Love
1183,produk mengecewakan kecewa sih oke tpi seminggu pemakaian g cas sudh coba berkali kli tetep g cas kecewa produk kwalitasnya bagus,Sadness
1184,suka daging karet,Fear
1185,barang yg dikirim tdk sesuai cat kuku yg datangnya eyesedo,Sadness
1186,bergemuruh,Anger
1187,kecewa belanja toko pesan masker tolong packing barang sbelum kirim teliti dlu mengecewakan pembeli,Sadness
1188,penjual gak sopan santun diblngin ngengasss aneh,Anger
1189,gelembung pengepakan,Anger
1190,pembelian puas barangnya produk one suka produk recommended anabul,Love
1191,kue mencoba kencan india kue mengeluh penjual,Fear
1192,berfungsi duamya merasakannya,Fear
1193,aneh penjual barisan daftar gelembung gulungan penjual menjual gelembung penjualan vga bandar huh,Fear
1194,salah kirim bos dikirim menthol mentholnya strong banget lg overpower mulut ngilangin tembakaunya,Anger
1195,pengiriman lambat pas dateng barang sobek debuan,Fear
1196,tripodnya mantap dipakai sesuai kebutuhan ygbsederhana taro hp kamera suting foto sederhana mumpuni banget budget fits function keren,Happy
1197,obrolan tertulis deskripsi konfirmasi dikirim white,Anger
1198,terima kasih barangnya dgn beruntung produknya oke banget packagingnya recommended banget,Love
1199,diterima lengkap bonusnya terima kasih seller,Happy
1200,puas fast response cuman close saking sibuk dicek recommended seller gaming terbaik game nya seru,Love
1201,pakai sebentar patah,Sadness
1202,kardus bubblewrap lg,Love
1203,keliru kirim warna sy warna pink biru hitam yg dikirim merah hijau hitam lampu led tdk vitalitas,Anger
1204,semprotannya berfungsi mengecewakan,Sadness
1205,produk sesuai deskripsi packing aman terlindung pengiriman cepat penjual responsif alat dicoba berfungsi direkomendasikan,Love
1206,packing cm kresek tipis jd dus nya rusak gini recomended packing aplg produk yg mudah rusak gini hadehh kecewa,Sadness
1207,ok nih seal tutup nya kuat pas utk keluarin angin kantong gak kebuka harga murah,Happy
1208,produk asli penjual respondsif packaging rapi,Happy
1209,bagasi selaras foto,Fear
1210,aneh aja sih seller ditambahin yg lapis lapis aja bubble aja roll aja seller jualan bubble jualan vga kali yaa,Fear
1211,produk goresan rapi kotoran tepi,Fear
1212,barangnya ringkih masang krn tajam krn masang kmrn tergores,Sadness
1213,top markotoooopppp,Love
1214,nympe,Anger
1215,beli toko resmi feb feb siang cepat sungguh sungguh cussons harga penjualan flash murah,Love
1216,kelengkapan sesuai game nya seru gaming terbaik kesekian kalinya beli dsni aj melampiaskan melampiaskan melampiaskan intinya seller responsif seller ramah komunikatif bgt dah packing jg rapi bgt proteksi pengiriman terjaga barang sesuai original pastinya proses pengiriman kunjung dapet bonus tumbler nya thanks yh gan lo beli dsni langsung aj gk ush recomended mengecewakan perfect mantap top markotop the best of the best thanks yh gan sukses dah,Love
1217,buruk,Anger
1218,warna dgn permintaan,Anger
1219,cepat packing amanah susu sdh terjamin enak,Happy
1220,brang dtg warna nya sesuai pesanan tp karatan kotor,Sadness
1221,ds sukses terima kasih kerjasamanya sist,Happy
1222,menerawang modelnya cantik bahannya adem warnanya cantik ukuran seukuran jahitan hasan,Love
1223,toples bahan bagus penutup jar lubangnya mudah menarik sekolah menengah,Fear
1224,celana permintaan membutuhkan angka gantinya,Sadness
1225,gameny aman online offline anak suka banget mainnya trims seller,Love
1226,sebulan sebulan mencoba menekankan malu toko resmi mengambil hadiah latar malas maju,Fear
1227,langganan beli simcard jr pass servicenya oke chat wa responsif pengiriman cepat sy urgent puas langganan petik kasih,Love
1228,penjual mengirim elemen dibeli menuduh pembeli perbedaan perbedaan upaya memverifikasi sistem penyortiran,Anger
1229,pesan merah muda percaya pink abu selesai fitur obrolan dikonfirmasi pembeli bersedia mengubah warna kardus rusak barang dijual penjual maaf kesalahan menyediakan a solusi kesalahan penjual proses dibeli jumat pagi diproses senin alasannya sabtu libur pegawai negeri sipil barang nyaman menggunakannya dalamnya kesimpulannya penjual direkomendasikan,Anger
1230,warna putih yg dikirim bening ngasal bae mata lo sowek,Anger
1231,hazecool ac cleaner pembersih ac split ac mobil,Sadness
1232,buruk menanggapi tanggapan pembeli jaminan kerusakan,Sadness
1233,waaah senang hati membeli peralatan menulis joyko loosea barang bagus harga penjual tanggapan cepat bahagia,Love
1234,lampunya gak nyala,Fear
1235,seller fast respon barang cepat packing rapi barang sdh dicoba sesuai order nyaman dipake makasih nowway,Happy
1236,itemnya bermanfaat sisirnya tombol klik praktis,Love
1237,barangnya ancur cuman bungkus plastik harga segitu kualitas toko official store tp barang terima ancur mah kapok,Anger
1238,bagus nian lilinnya kakak lilinnya sri paduka,Love
1239,lampu nya nyala bentar aja tahan nya habis mati colon hidup trus bentar aja mati ngak tau salahnya dimana,Sadness
1240,kecewa banget barang rusak jual kali kalo jual barang jujur jgn barang rusak jual ya,Anger
1241,busa doank rekomendasikan,Anger
1242,bocor paket berkemal jd tinggal bublrwrap terikat isolasi aja plus liquid nya gak enak botol kaca,Anger
1243,kualitas lem lambat kualitas enangon,Anger
1244,gatel tenggorokan jgn beli deh loe nyesel gw beli,Fear
1245,barang berfungsi dgn pengiriman super cepat,Happy
1246,minggu bahan rusak koneksi terbayangkan elegan,Sadness
1247,mudah dikeluarkan lengket kaca cermin tampilan,Sadness
1248,pengiriman cepat pesanan sesuai packing aman coba mbakoan next cari bako yg mtr nuwun,Happy
1249,lampunya error terhubung wifi saklar hidup dihidupin hp gak nyala,Sadness
1250,highly recommend seller ramah komunikatif konsultasi sabar detail proses ordering terbit vouchernya cepat good job,Love
1251,waw murah bangetttt packingnya rapih produknya berguna indah mantap uhuuy pisan deh pokoknya hehehehehe,Love
1252,pengiriman cepat power banknya berfungsi mudah awet mantap,Happy
1253,orang beli terkecoh harga murah kali ya produk ga ga berfungsi waxing harga murah krn mmg produk murahan,Anger
1254,muatan printer dikirim admin rusak online memerhatikan obrolan klaim garansi,Fear
1255,menerima paket selesai,Anger
1256,anak lahir skrg setia pakai suka,Love
1257,black dikirim transparent black kecewa banget gasuka warnanya kali teliti menanggapi costumer,Sadness
1258,bahannya lapuk kecepatan rongsok tali meninggalkannya,Anger
1259,udah botol refill beli dpt botol yg sticker dermatologically tested nya,Love
1260,bentuknya bagus cuman g nyimpen memory mati listrik abis batre mesti setting ulang jam tanggal alarm dll,Fear
1261,pengiriman terlambat bilang lgsg dikirim habis order chat lgsg ga respon utk official store brand segede logitech sungguh mengecewakan,Sadness
1262,mantep bgt pokoknya bagus balon nya warna warni gak penyok bagus deh anak tenggelam,Love
1263,kecewa produk terkesan dipacking ulang lembaran berat sesuai,Sadness
1264,psan warna pink yg kirim warna biru ank sya nangis gk maw pakek,Sadness
1265,packaging nya plastik item itupun sobek pas diterima,Sadness
1266,produk cepaat amaan thank youu,Love
1267,murah sesuai harganya elemennya sulit dibutuhkan tangan cahaya berat harga murah diharapkan,Fear
1268,diskon barang penipuan sesuai harganya,Fear
1269,paket diterima test lancar macet pokoknya recommended byari printer connect cash drawer ya panda aja setting nya jg gampang,Happy
1270,sesuai laci,Fear
1271,packing seadanya bubble selapis ditambah lapisan plastik hasilnya barang diterima patah,Sadness
1272,,Anger
1273,suka bau karet kuat,Fear
1274,proses pembelian pengiriman lamaaaaaaaaaaa admin gak sopan slow respon ancur parah nihh toko,Anger
1275,harga barang bagus bnget sesuai harga warnanya aja cepet pudar cuci aja udah langsung berubah,Love
1276,terima kasih pesanan sesuai bagus maaf inner nya sdh pake si kakak,Happy
1277,yg patah gantungannya,Sadness
1278,paket dibuka aslan gambar,Anger
1279,belanja kecewa tanggapan lambat memesan kurir instan dikirim besok sore toko resmi aduuuh layanannya direkomendasikan,Fear
1280,ukurannya sesuai harapan,Sadness
1281,keripik ususnya rada bau bangkai asin banget review kecewa kualitas kripik usus bau menyengat menjadikannya bahan introspeksi menuduh kompetitor toko macem,Anger
1282,pakai kali sponnya terpisah lemnya bagus,Sadness
1283,jujur kecewa yg kirim bukam choco brown yg kirim sunny gold,Sadness
1284,barang sesuai foto,Fear
1285,tombol yg rusak batre rusak charge,Anger
1286,memesannya kotak memiliki kotak,Anger
1287,membelinya sebelah jahitan jahitannya elegan membelinya jahitannya elegan serius kecewa senang membelinya,Sadness
1288,menjual menjual toko bro,Anger
1289,membeli produk bulu mata alis normal,Love
1290,cepet nyampe pake yg kiriman sehari mic nya ga bsa dpake chat penjualnya bilang nya bonusan emang klo bonusan dkasi yg rusak,Fear
1291,sesuai deskripsi packing positive,Happy
1292,eksp toko gak bertanggung,Fear
1293,ps nya ga awet belom udah rusak pemakaian aja jarang pake rusak,Sadness
1294,baunya pasaran prtama kali pakai orang gue sakit kepala trlalu expektasi rugi harga segitu,Fear
1295,alamak rapi bungkus plastik putih transparan bungkus plastik hitam aja biar rapih,Anger
1296,beban diterima kondisi rusak alamiah pembeli complain reject seller tokopedia menengahi retur sayangnya situasi mudah mengirim beban recommend beli toko cenderung amanah,Fear
1297,ukuran xl baju oke celananya tdk xl kekecilan baju pakai celana baju yg dikirim celananya robek pas jahitan tdk check sblm kirim,Sadness
1298,barangnya original gampang dipakai garansi resmi penjualnya ramah banget,Happy
1299,dikirim yg robek ga dicek sblm dikirimmurah sih emg tp jgn bawaan jebol yg dikirim min,Anger
1300,gajelas,Anger
1301,paan gada ngaruhnya samsek kecabut aja kaga,Anger
1302,terima kasih tp sdkt mengecewakan krn paketqu g packing dos bubble sja pdahal sy sdh atc dos bubble,Sadness
1303,sabun lezat berolahraga,Love
1304,membeli kedatangan elemen sesuai citra menjual gadis bahagia mengambil uang ilegal,Anger
1305,bagus berjalan silent kokoh muat laptop inch,Happy
1306,beli pake stik yg eror suka mencet kecewa dah,Sadness
1307,penjual barang diterima diserahkan pengembalian uang sdm diselesaikan dana diteruskan penjual dana,Anger
1308,pengiriman banget parah,Anger
1309,sepatu yg kirim sesuai yg order warna jenis ukuran berbeda komplain ribet order titipan,Anger
1310,cepet barang sesuai pesanan oke,Happy
1311,tulis ukuran yg butuhkan yg terima ngga pake,Sadness
1312,yg dikirim rusak ajukan komplain tp gak,Anger
1313,barang emang harga aslinya seller sok sok bikin diskon yg diskon emang keras,Anger
1314,penjual super crane jiplak bantuan,Love
1315,order pcs terkirim pcs,Sadness
1316,pengriman dr kurirnya tp sellernya yg lemot krim ekspedisi nya dn barang,Anger
1317,packing aman pengiriman cepat barang sesuai foto deskripsi highly recommended,Love
1318,item kemasan asli hangat penjual lekas respons lekas,Love
1319,highly recomend mantap seller pengiriman super kilat yg kirim wa cepat dibalas langsung dikirim kekurangannya ramah respon,Happy
1320,bocor paket basah jd tinggal bublrwrap terikat isolasi aja plus liquid nya gak enak botol kaca aman,Anger
1321,barang sesuai gambar,Fear
1322,,Anger
1323,direkomendasikan membeli tanggapannya cepat menit harga terbaik ok ok apapun tanggapan wa sabar tunggu panggilan menit menemukan terima kasih puas merekomendasikan,Love
1324,barang bagus terima kasih min,Love
1325,pengisi daya indikator dihidupkan tindakan konkret pengelolaan garansi,Fear
1326,mantaaapppp wajib dibaca mah,Love
1327,mentah,Fear
1328,solusi semoga uangnya berkah mba,Anger
1329,roti akut gak rancak,Anger
1330,produk sesuai harapan pengiriman barang cepat intinya direkomendasikan,Love
1331,seneng banget dapet best deal beli gratis gini produk original pengemasan cepat aman krn packaging plastik ditambah extra protection pake bubble wrap tebel dikasih bonus susu dus kasih temen baby hehe overall thanks lot seller,Love
1332,kecewa hadiahnya tdk dtg sesuai info tdk dikbrin jg tdk,Sadness
1333,memuaskan,Love
1334,sesuai kualitasnya panjangnya gambar,Fear
1335,harganya bersaing kelengkapan sesuai plus bonus cantik diproses dr jam lightning fast dites berfungsi normal thank seller,Happy
1336,rak tudung tingkat yg bubble celana dalem yg baca pesannya mikir,Anger
1337,kirain bahannya katun tipis bangeet licin lemas dibawa jalan kaki berisik bahannnya,Sadness
1338,sy pake sameday dtgnya besoknya smtra sy byr jam respon rugi tau gt sy ga ush pilih yg sameday mksd biar jd rekomen,Fear
1339,melamun modelnya indah bahan keren warnanya indah jahitan rapi,Love
1340,barang berfungsi rekomended,Love
1341,kesalahan informasi dr penjual krn tdnya tuker gel yg cair tukar order tp krn tidaknya tergantung toko cabang keputusan penjual aja beli,Sadness
1342,dicolokkan laptop menyalakannya memasukkan cd cd dibaca dirilis cd cd eksternal,Sadness
1343,kualitasnya ekspektasi,Sadness
1344,ukuran sesuai nyaman dipakai si bahannya tebal jahitannya rapi modelnya kekinian rapi proses pesanan cepat packaging aman,Happy
1345,packaging aman packaging rapi proses pesanan cepat barangnya original,Happy
1346,koq dibungkus bubble doank kardus sy jg bayar kardus bubble sis,Anger
1347,barang rebu kudu video pas unboxing tugas qc utk cek teliti barang yg dikirim lengkap parahhh,Anger
1348,beli peti bahan ancaman plastik berbeda terbuka robek,Fear
1349,kotak penutup jelek,Anger
1350,produk sesuai harga terjangkau bagus,Love
1351,bawaan terkirim pembeli kirim ulang toko menegah,Fear
1352,diragukan seller mantap dah tinggal tunggu kosong main zelda botw tes masuk nyalakan berjalan lancar normal main semoga kendala packing superrrr aman kondisi bnib segel aman,Happy
1353,mengecewakan hipseat baby carrier disambung safety lock hipseat baby carrier hood pelindung penjaga bayi tersedia semoga kedepannya deskrepsikan produk konsumen maklum paham produck yg jual,Fear
1354,kualitas tali topeng jelek tipis harga mahal sepadan,Fear
1355,barang oke packaging aman mantap,Happy
1356,gampang imut ukurannya,Love
1357,solusi pingin smart tv beli smart tv barang berfungsi,Happy
1358,kualitas produk bgs sayangnya isi pensil alisnya ajukan komplain n seller tukarkan repot pembeli hrs krm barangnya yg ga kalo dituker n dtg brg rusak lg apes bikin kerjaan namanya saran aja klo bs gnti lsg pembeli hrs krn nama brand lumayan n marketnya bsr kalo ga bs gnti stdknya kompensasi potongan hrga klo pembeli hrs krm pensil alis rusak yg hrganya keknya mending ikhlaskan aja dpet brg cacat,Fear
1359,jepitan nya canti anakku suka,Love
1360,jempolan pokoknya packing lakban doang rapih banget bahari lakbannya rekat banget,Love
1361,barangnya ok kemasannya rusak joycon ungu sebelah kanan terdeteksi insert joyconnya kali berfungsi so issue harganya bersaing sellernya fast response terima kasih,Happy
1362,jeruknya udh busuk dikirim yg gk busuk gk airnya pilus keras,Anger
1363,mengirim lilin membelinya,Fear
1364,keluhan menanggapi pelajaran membeli cek,Fear
1365,seller bertanggung bahan celana adem recommended,Love
1366,memesan lupa memasukkan warna obrolan lgs penjual permintaan warna dikirim obrolan menanggapi ikan mengirim warna putih polos kecewa berbelanja mahal alih mengirim orang jarang jarang kecewa,Sadness
1367,bahan bagus,Happy
1368,flash disknya selamat packingnya lega bgt rapi game lega dimainkan kayaknya dapet bonus game jg dalamnya terima kak kelengkapan sesuai gamenya seru,Love
1369,warnanya cocok pengaturan pesan perak hitam perak,Fear
1370,seller ramah fast response packaging rapih kualitas kaos ok beli,Love
1371,tingkatkan kualitas barangnya benang,Happy
1372,toko bodoh diisi elemen rusak sesuai tujuan beli toko bodoh membeli kipas mini usb elemen toko hasilnya hasil rumah rumah pemulihan uang,Anger
1373,buku pesan halaman kosong menukarkannya,Fear
1374,kiriman sdh proses n pengiriman cepat barang bagus sesuai pesanan n packing rapih terima kasih kak,Happy
1375,overall puas cuman sayang salah kirim warna,Happy
1376,utk kualitas produk bagus original tp kecewa sm pelayanannya admin slow respon banget negative respon orderan udh diproses tp resi invalid pengiriman via ekspedisi cepat yg proses intern admin official store,Sadness
1377,,Anger
1378,pesan merah muda berpikir pink warna abu fitur obrolan mengonfirmasi pembeli mengubah warna kardus rusak dijual elemen penjual maaf kesalahan solusi kesalahan penjual selesai memperlakukan operasi jumat pagi alasannya sabtu libur karyawan sipil elemennya nyaman menggunakannya panggul kesimpulannya direkomendasikan,Anger
1379,elegan universitas kontrol kualitas pengurangannya elemen terpengaruh kekecewaan,Sadness
1380,bola bagus anak menyukainya,Love
1381,terimakasih barang selamat,Happy
1382,mantap gan produk original barang sesuai deskripsi produk berfungsi,Love
1383,parah pesan warna hitam biru dikirim kuning buta warna seller nya udah gt banget diproses nya,Anger
1384,membeli sepatu ukuran dikirim sepatu klaim ditukar menerima uang berbahaya pelanggan biaya pengiriman tanggung sepatu menonjol area lidah,Anger
1385,sesuai pesanan trmksi,Happy
1386,harganya terjangkau koneksi android lancar,Happy
1387,item cocok gambar,Anger
1388,barang dikirim beda gambar dikirim merek tumpah gk air jeruk teknikus tipu gk niat jualan,Fear
1389,barang dikirim lengkap nggak phone holdernya hp gak dipasang chat respon lambat sengaja dimepetin durasi selesai otomatis,Fear
1390,produk dikirim sesuai,Sadness
1391,salah kirim judul salah kirim semoga kedepannya ga kejadian ya customer,Fear
1392,berbelanja dikumpulkan aamiin,Love
1393,pesan kirim cuman udah bayar ongkir kg rugi rugi kapok beli,Fear
1394,baret baterai low udah ingatkan cek qc yaudahh ya jualan yg laku kesohor,Sadness
1395,bagus bahannya,Sadness
1396,pngiriman super cepat pengemasan rapi brg sesuai deskripsi,Love
1397,pistol api obor bagus penjualnya respons cepat pengiriman produk pengemasan asli cepat berfungsi,Love
1398,bahari om muatan nya,Love
1399,beli isi pena yg dikirim isi pena kalo jualan teliti jujur gan sayangnya gak video unboxing kalo komplain gak buktinya rugi ya udah diiklasin aja smoga dijadikan plajaran pembeli pintar,Fear
1400,pengiriman lumayan cepetttt proses paking bagusss pake dus harga pas lg promooo respon mudah dipakai desainnya mewah,Happy
1401,lampu mati revan,Fear
1402,pelayanan admin parah respon,Anger
1403,bagus banget bahan nya adem langganan order baju tidur suami,Happy
1404,pengiriman nya pengemasan plastiknya tipis,Sadness
1405,produk mantap sesuai deskripsi foto seller garcep tokopedia terbaik lapak ya gaes produk bagus harga spesial,Happy
1406,barangnya original suaranya jernih,Happy
1407,earcupnya lembut best value headset sound mantap nyaman praktis tinggal plug play mantaaaap laaah gamer,Love
1408,paket kardus penyok robek malu klo kado udah yg gini perbaikan dr mooimom,Fear
1409,solusi berharap uang berkah gelar master administrasi bisnis,Anger
1410,terkecil dimuat mesin cuci electrolux melampaui bahan tahan air,Fear
1411,barang lengkap next cek dlu sblm kirim gak cm kirim aja jual gk rugi mlh ngrugiin customer suruh kirim kekurangan barangnya gak ribet gmn dpt kepuasan n kepercayaan pelangg,Fear
1412,barang rusak ga parah,Anger
1413,paket mulus tujuan toko terpercaya mantab,Love
1414,silicone pelindung jelek ditekuk mudah pecah robek kualitas lamo sebagus bayangkan kualitas philips,Anger
1415,kacau beli lusin gak kardusin,Anger
1416,alhamdulillah barang diterima pengemasan aman sesuai pesanan mie lezat varian laksa singapura,Love
1417,beli pack yg dikirim pack kecewa,Sadness
1418,warnanya cantik ukuran sesuai bahannya lembut maaf foto nya pocketnya aja sajadahnya dicuci,Happy
1419,elemennya bagus buku buku mahal berkurang,Love
1420,sabun mint mint mandi air dingin,Love
1421,pengiriman cepat barangnya oke tutupnya ga menutup rapat sisi,Sadness
1422,paket gepeng gosend gak bener pelayanan bertanggung done,Anger
1423,pengiriman cepat cma packingnya ndak rapi trus barangnya mudah patah blom pkai patah,Sadness
1424,sory bintang pengirimannya salah mengirimnya dipertimbangkan pengiriman,Sadness
1425,warna dipilih berwarna kuning hijau,Anger
1426,terbaikkkkkkkkkkk,Love
1427,diterima cacat semulus mengesankan mantan ketara bersyukur,Sadness
1428,menulis copian cetak ulang,Fear
1429,makasih gun barang nya udh sesuai pesanan,Happy
1430,bagus rambut lembut,Happy
1431,wow sameday sambutan sm kerugian,Fear
1432,pengemudi bagus barangnya cerdas,Anger
1433,direkomendasikan warna lucu harga murah murah aturannya,Love
1434,bocor bahaya karet gantung kebocoran mutiara memenuhi,Sadness
1435,barang sesuai pesanan kotak maskernya lucu terima kasih,Happy
1436,kendaraan kinclong mantap kendaraan kinclong mantap senang banget pasangin bengkelnya senang banget home servicenya,Love
1437,barang palsu asli kw,Anger
1438,penjual barang dagangan diterima pemulihan sumber daya manusia diselesaikan uang dikirim penjual uang,Anger
1439,barang bagus sesuai gambar,Happy
1440,official store produknya cuman bungkus plastik sebercanda tokopedia lolosin toko official store,Anger
1441,baunya sesuai harapan bau ikan teri,Anger
1442,yg dikirim botol tdk sesuai photo produk,Sadness
1443,artemia dtg udah byk yg mati,Fear
1444,pesanan pc hitam orang berlawanan hitam,Sadness
1445,barangnya udah terima terimakasih gan,Happy
1446,knop kanan gabisa diputar,Fear
1447,pengiriman diconfirm tdk dibalas pdhal online negative service,Anger
1448,cocok kulit kering aplikator mudah dipakai packaging rapi packaging aman respon penjualnya top,Happy
1449,penjualnya ramah banget proses pesanan cepat layar sensitif packaging rapi touch screen lancar garansi toko,Happy
1450,obengnya ngga kepakai kualitas rendah,Fear
1451,pesanan alamat uang menerima pesanan,Anger
1452,maaf kekecewaan pengguna fahhampton membeli isi tester penguji farhampton jatuh cinta langsung membeli berbalik hak bertahan hidup proyek pemeriksa bau jatuh cinta tes aromanya,Sadness
1453,awur kirim produk admin balesnya proses retur gak,Fear
1454,bocor koneksi karet keran bocor bertemu erat macet,Sadness
1455,chat mengimbangi kuota janjikan nya menggelincir hancur la gawat gawat,Anger
1456,barang sesuai harga,Happy
1457,socket ujung kendor ori,Fear
1458,real pict pengiriman cepat pengemasan rapi worth hrga segitu next order,Love
1459,produk dibatalkan alasan sesuai toko cabang buka jam order lakukan jam dibatalan pembayaran toko bilang barang diproses barang diambil kurir toko cabang jam toko dipercaya kelakuan memuakkan,Anger
1460,tombol kananny gerak gk kiri lengket gitu ngirim videony tpi gk,Fear
1461,pas wajah kaya keatas gitu karetnya sakit,Fear
1462,sesuai pesanan,Sadness
1463,globe bagus bagus anak suka,Love
1464,beli ikatan yg kader plastik pembungkus nya beda kebuka sobek,Fear
1465,gk kotak sepatunya beli sepatu nya kotak plastik kresek doang,Anger
1466,kualitas barang patah dibuka,Anger
1467,beli kesalahan jelek analog,Sadness
1468,permintaan hitam putih dikirim tertangkap elemen hadiah natal silakan periksa mengirimkannya mengirimkannya,Anger
1469,barang dtang posisi baterai ksong barang cek gambar warna biru cerah dtg wrna biru mna kado ga suka,Fear
1470,jujur memaksakan barang terjual barang dikirim sesuai pesanan pembeli disuruh mengirim barang yg solusi barang resiko barang yg ditawarkan,Anger
1471,kainnya kasar bgt,Sadness
1472,barang yg diterima kondisi pengirimannya estimasi tp overall ok seller bantu informasikan kenapanya thank,Happy
1473,buruk,Anger
1474,pengiriman oldaaaaaaaaa disadari,Anger
1475,warnanya sesuai permintaan,Anger
1476,maaf bintang nya cmn casan nya gk pakai coba berkali kali mnt batok casan nya panas bgt klo pake takut meledak pngiriman respon oke,Fear
1477,jamnya aja harga sejutaan teknik marketingnya,Anger
1478,lilinnya bagus berbau tahan jam,Happy
1479,negatif botolnya praktis memiliki kebocoran ulasan bocor botol pikir botol minyaknya bagus,Sadness
1480,salah pengirimanya gimana teliti,Fear
1481,produk diterima status diterima pengiriman barangnya gak,Fear
1482,barang gambar bereskan ulang lem balon nya gak dikomplain tokopedia biaya nya tetep kecewa karna penjual menginformasikan ketersediaan barang banget maaf dikasih rate segitu,Sadness
1483,mantap laptop jd adem ga cpt panas,Love
1484,mantap pokoknya,Love
1485,informasi produk berbeda deskripsi produk dijual saran memahami kecewa,Fear
1486,instalasi mudah tanggapan cpt penjual cpt trims mudah sukses aamiin tahan tahan penjual tokopedia,Love
1487,gak sesuai expektasi bahan toolsnya gambar kuat pas besi gak kokoh harga murah gak kecewa klo harga asli rb keatas kecewa belinya mending pasang harga wajar ya,Sadness
1488,bagus simple keras suaranya bagus,Happy
1489,paket dgn selamat semoga cocok,Happy
1490,wow murah pengepakan elegan produknya teratur aksi uhuy pisan hehehehehe,Love
1491,barang pengiriman skala dikirim,Sadness
1492,keren anak mencintai,Love
1493,kotak hancur pelanggan membeli hadiah mengecewakan paket toko plastik tipis modal gelembung,Anger
1494,proses pembelian pengiriman admin aaaaaaaaa respons lambat sopan toko,Anger
1495,pengiriman disebabkan twinpack terperinci mengajukan keluhan mengkompensasi perbelanjaan,Fear
1496,rekomendasi bangett toko kiriman cepat insya alloh langganan,Love
1497,patah kaitannya gak bsa dipake deh,Sadness
1498,barang sesuai ukuran,Sadness
1499,menyerah berbelanja,Fear
1500,packing buble wrap kali tambahkan kardus komunikasikan pengiriman biar repot dikirim terpisah case nya ngga instan ngga dicancel,Anger
1501,kecewa tripot nya ngga ring light nya tripotnya patah,Anger
1502,penjual bertanggung celana ayem direkomendasikan,Love
1503,beli kebutuhan dikirim negeri tukar warna sesuai standard refund warna pink kontras sesuai gambar,Sadness
1504,proses pesanan cepat packaging rapi,Happy
1505,terima barangnya gojek instan salah gojek toko udah komplain sistem diubah dana diteruskan penjual aneh dibantu tokopedia care ketahuan salah kirim rumah orang proses pengecekan,Anger
1506,kecewa profesional sy beli dikirim tdk info apapun penjual,Sadness
1507,gambar bagus dicoba topup ponsel nfc berterima kasih penjual,Love
1508,mesan dikirim,Fear
1509,kecewa beli nya pcs pcs,Sadness
1510,alhamdulillah barang berguna membeli pesanan prosesnya,Love
1511,maaf seller bintang disebabkan barang yg dipesan sesuai dgn yg diterima pesannya kepala gesper yg hitam polos sesuai gambar dgn kode yg terima bermotif sesuai harapan ajuin komplain malas anggap gak semoga kedepannya seller pelayanan,Sadness
1512,produk pakek sehari lo bayangin udah busuk analog nya wkwk asem tenan wkwk,Anger
1513,ukuran ditarik,Fear
1514,kue nya tanggung dateng dicoba asem kue uda komplain penjual bilang nya dikonsumsi dimakan,Fear
1515,rqpihhhhhhhhhhhhhhhh,Love
1516,produk sepenuhnya diterima lampu kepalanya gambaran bagus komoditas bagus,Love
1517,packagingnya rapi aman harganya ok bagus sesuai dekripsi,Happy
1518,alhamdulillah bos barangnya sesuai pesanan nyampe terima kasih semoga lancar jaya ragu belanja toko terima kasih,Love
1519,sepatu yg kirim sesuai yg order warna rupa ukuran berbeda komplain ribet order makna,Anger
1520,istri suka motif hewannya bagus sablon murahan pakai singlet aja gausah pake baju bagus packing rapi pengiriman cepat,Happy
1521,dgn gambar,Fear
1522,chat dijadikan makesure bawaan warna dll jgn degil degil bgt roko,Fear
1523,bahan jahitan tipis dirobek cepat,Sadness
1524,aduh parah deh kualitasnya respons konfirmasi order sampe paa barang jg dipakai jam bolong pas miss v nya ckckckc kecewa banget trus bahannya jg nerawang alias tipis pengait perutnya jg gmpang lepas hadeuh kapok beli produk mamas choice deh,Anger
1525,udah checkout procecor admin disuruh beli bubblewrap biar aman yaudah checkout bubblewrap deh beli pas paket udh dateng cuman bubble wrap doang wkwk kocak nih toko prosesor dicheckout duluan dateng hadehh,Anger
1526,pengalaman membungkus gelembung,Anger
1527,sablonnya sesuai gambar huhu,Sadness
1528,kali diputar,Fear
1529,packaging rapi barang sesuai pesanan ekspektasi bahannya lembut ringan jahitannya rapi warnanya cantik,Happy
1530,barangnya berfungsi semoga baterainya awet ya,Happy
1531,penjual ramah barangnya cantik sesuai dgn pesanan packing mujarab cmn pesan,Love
1532,mantul gan u kembang api roman nya ssuai diskripsi nya pengiriman nya cpt maaf telat ulas nya ya gan barng uda coba mantap tks ya gan sukses,Happy
1533,barang kondisi prima nyampenya cepet sehari terima kasih seller,Happy
1534,mintalah kuning emas emas buruk penjual,Anger
1535,sesuai gambar order packing nya bagus mantap gan,Happy
1536,barang dikirim sesuai pesanan,Sadness
1537,kecewa segel plastik rapet dalamnya semut keluhan penjual bertanggung semut rapet hey penjual lupa layanan pelanggan penjualan salah maaf khawatir penjual peduli gila jarang menulis rumit membeli barang direkomendasikan kali melakukannya toko,Sadness
1538,keren banget barangnya batrenya sumpah awet banget volumenya gede ringan cocok banget dibawa lari work makasi min,Happy
1539,salah,Fear
1540,paket gb regiatrasi cm mb,Sadness
1541,barang bagus sesuai deskripsi tinggal setting sesuai kertas petunjuk pengiriman sehari pdahal kalo mati reset ulang mantap,Happy
1542,respon penjual cepat ramah,Happy
1543,proses cepat produk bagus finising mulus saran om pengelam fi tingkatkan beberan sisi yg nempel nya lobang gantungan nya besarkan om terima kasih,Fear
1544,well sampe fix bawaan terlama tokped sobek bungkusnya ok thanks dsini,Anger
1545,sesuai pesanan kualitas,Happy
1546,produk goresan ga rapi kotoran pinggirannya kiriman cepat smpe,Fear
1547,ga dipacking dikirim pke boxnya gitu aja benyek parah isinya ky barang bekas jg bnyk bgt baretnya noda gitu kaya jorok bgt,Anger
1548,packing bagus barang pesan dgn cepat terima kasih,Happy
1549,harga kualitas barang sesuai terima kasih seller sukses tokopedia,Happy
1550,pengiriman lambat stok penjual bingung stok ready,Sadness
1551,bahan payung tipis deskripsi interpretasi tebal halus penjual diklarifikasi,Fear
1552,pengiriman buruk respon penjual jg buruk ah kapok pesen ambil untung doang ndak tau terima barang,Anger
1553,puas pelayanan tokoh chat ketersediaan barang ready pengiriman barang tersedia solusi barang model tipe berbeda tokoh langsung menyediakan barang sesuai permintaan sesuai estimasi pesan sameday barang pesanan kirim sesuai harapan kasih seller doa semoga sukses barang awet kasih seller god jobsbisa muat barangnya original mutu terjamin sni garansi resmi gampang dipakai desainnya elegan hemat listrik,Love
1554,oli ny palsu pantesan murah kecewa,Sadness
1555,barang cepat dlm,Happy
1556,barang dikirim gantinya diberitahu pemulihan uang mengirim penjualan penjualan dijual penjualan toko resmi,Anger
1557,disuruh bubble wrap bubble wrap nya paking gangerti,Fear
1558,gada jam uda redup cas nya seharian pemakaian,Sadness
1559,kecewa order beli produk kenmaster yg dikirim label berbeda foto etalase produk bulu tipis gagang diperpanjang,Sadness
1560,kecewa pengiriman order jam sengaja pilih sameday biar sampainya butuh cepat gendongan dikirim kirim diaktifkan pilihan kurir samedaynya infokan sameday maksimal order jam dikirim,Sadness
1561,mantap barangnya next order barangnya original,Happy
1562,salah kakinya yg bengkok gabisa dipake udah refund tetep gabisa yasudahlah,Fear
1563,pake clipnya copot,Sadness
1564,termulia bgt,Love
1565,gak packingnya blas kasih tempelan doang,Sadness
1566,berfungsi sayangnya penyok,Happy
1567,lgsg sampe packing aman buble warp kondisi barang dicoba mantab lancar bagus hasilnya penjual fast respon terima kasih seller,Happy
1568,kualitas barangnya bagus banget gampang dipasang berfungsi dg packing aman very recommended,Love
1569,barang tdk diterima pengembalian dana tdk diterima disuruh urus toped,Fear
1570,produk nya bocor packing nya krg bgs dr dus nya aja basah sampe dlm isi botol habis stengah nya masukkan seller kali packing yg lbh aman,Fear
1571,pelatuk bagus nyala,Sadness
1572,suaranya jernih nyaman dipakai mantap,Happy
1573,berfungsi produk nya kutu mati kecewa tdk sesuai speak nya,Sadness
1574,bija jelek genting tipis,Anger
1575,bagus order,Happy
1576,alhamdulilah oderanku nih selamat terima kasih semoga penjual hangat menghambat aamiin yaa rabb,Love
1577,dicharge lampu roh dipakai dikembalikan kritis ongkir dikirim dites packaginya segel dites kayaknya sayangnya bintang minimal not recommend,Anger
1578,bahannya adem lembut cocok dipakai ruangan terhindar gigitan nyamuk rencana order warna,Love
1579,kerenn data ponsel korea langsung,Love
1580,pengiriman sih cepat tag gun nya langsung rusak ga dipake gan saran mnding test dikirim produknya kali ngga kejadian kayak gini,Fear
1581,mac hancur add bubbel krn kardus cuman nempel doank mac jd pecah,Anger
1582,roti biut patut,Anger
1583,menjual bersikeras perilaku toko mbakyu,Anger
1584,ganti bintang bintang aja pelayanan buruk sampe salah warna yg fatal,Sadness
1585,kecewa robotnya lambat kyax dikosongkan,Fear
1586,segel rusak ragu sih kualitas nya sempet komplain disertakan video unboxing paket tp penjual direspons negative yasudahlah kapok beli,Fear
1587,bawaan sesuai pengiriman emas alih mengirim merek putih,Anger
1588,bahan nyan lembut empuk enak tidur enak gak pegel pegel pas bangun tidur bye bye salah bantal material salim halus standar sesuai salim banget harga terjangkau,Love
1589,proporsional,Fear
1590,harga sih promo sy pake gojek instant mahal ongkirnya drpd barangnya krn dipake cepet pas nyampe eh udah patah sebelah standnya kecewa sih karna kalo jual promo cacat ya catet gitu biar customer ga beli barang promo kalo tau cacatnya seller si oke tuker barang tp udh ga efektif aja sy pake cepet jg jd ga retur jg ongkir mahal kualitas barangnya mengecewakan deh pokonya kapok beli,Fear
1591,masukan klw utk buble warp bungkus pemesanan brg yg dibungkus bersamaan dgn lampun yg mudah pecah terima kasih,Fear
1592,berbelanja pengisian cepat komoditas direkomendasikan pengepakan aman elegan berbelanja tuhan,Love
1593,alhamdulilah jilbabnya bagus nggak nerawang diskon tokped makasii seller,Happy
1594,pas bermanfaat rapi dapurnya,Happy
1595,kecewa barang tdk lengkap tdk holder u mohon dipetiksa anak nangis marah,Sadness
1596,admin super berfungsi bgt ngasih bintang,Happy
1597,pembelian puas barang disukai salah produk disukai anabul,Love
1598,lilinnya patah emas,Fear
1599,jelekkk sepatu nya gak,Anger
1600,tko libur ga ad pmbritahuannya pdhl aq psn sblm tgl merah chat dibls cm stu kta slma jam hmpir sja kulaporin sumber,Anger
1601,meninggalkan belanja,Fear
1602,mantap cium aromanya perubahan,Love
1603,seller jujur beli barang salah stok kosong tp diinfokan lgsg kirim yg satunya pdhl pikir penyelesaian gampang ya buyer tinggal refund rugi ongkir,Fear
1604,hansip bubblewrap gaada,Anger
1605,mhon maaf bntang ny kecewa pas buka x lecet lecet nya tutup pen,Sadness
1606,kunci kendur alias kencang respon seller memuaskan,Fear
1607,mantab barangnya sesuai pesanan cepat,Love
1608,ikat pinggangnya sih baiklah kepala ikat pinggangnya terima dibeberapa cat mengelupas dipake susah dilepas ungkitan menaikkan penahan ikat pinggangnya terangkat repot ganti pakaian,Sadness
1609,mantap pengiriman cepat menyekat sesuai note tulis sentak kasih kaka,Love
1610,pengiriman cepat pengemasan aman mudah dipasang bonus backgroundnya hasil fotonya memuaskan ketahanan bahannya copot pasang berulang kali bagus memuaskan,Happy
1611,waw murah bangetttt packingnya rapih produknya sembuh tampan mantap uhuuy pisan deh pokoknya hehehehehe,Love
1612,seneng barang cepat bagus sebulan rusak ga dipake lg,Sadness
1613,dipake charger indikator udh ga nyala udh ga dipake gimana sampe tindakan nyata pengurusan garansi,Fear
1614,ampas,Anger
1615,barangnya ga sampe ga return yg bersangkutan,Fear
1616,kekecewaan robotnya lambat kyax kosong,Fear
1617,elemen cocok gambar,Anger
1618,barusan tes ambil sampah sungai rumah kekuatan daya cekram si alatnya masuk akal harga segini ambil plastik mudah ambil sampah kain sampah yg udah kekubur sulit kuat cekramannya,Happy
1619,bakso asam buruk orang berbeda pulau membelinya dijamin dijamin,Anger
1620,paket dikirim hati aja yg beli murah seller respon banget komplain mending beli seller,Fear
1621,memesan putih dikirim,Fear
1622,muatan sdh sesuai respon lambat dikirim pake sameday jam muatan diantar keterima cat transaksi jam siang packing muatan pengiriman seadanya saran deh klw muatan pengen,Fear
1623,udah beli yg rusak tukar ga pake belibet aturan cape deh,Anger
1624,mantabs sih build quality nya bagus banget satisfying banget pas ambil bulu kucing sisir nya,Love
1625,barang tdk bs pake ring tune jg g,Sadness
1626,aftersalesnya parah penjual ga baca chat ga bales lg janji tinggal janji,Fear
1627,pengiriman didalam jabodetabek barang yg cacat kayak selesai finishing alhasil motong yg berlebih amplas perekat nya sulit dikelupas mohon kedepannya barang dikirim dicek udh barang yg cacat,Fear
1628,proses pesanan cepat packaging aman packaging rapi,Happy
1629,,Fear
1630,nympe,Anger
1631,mantap sesuai deskripsi terimakasih,Happy
1632,barang aman mantap deh terimakasih,Love
1633,pengemasan mahal pengiriman lamaaaaaa,Anger
1634,packing cepat respond cepat,Happy
1635,tampang jelek akut tipis,Anger
1636,tata hasan kecewa paket memecahkan kopi kesalahan diperkenalkan,Anger
1637,betta fish bagus diadaptasi langsung air bgt moarium,Love
1638,berfungsi mestinya mantapp,Happy
1639,kali masak nasi porang berasa karet praktis diseduh air panas mantaabbb,Love
1640,elemen cocok gambar,Fear
1641,ditarik,Fear
1642,celananya kekecilan sayang amet,Sadness
1643,barang cocok pepatah mm tipis komputer pribadi komputer buruk,Fear
1644,elemen cepat diperlakukan kol kubisnya,Love
1645,sdh repeat order mantap,Love
1646,enak kartunya sesuai ekspektasi plastik beneran licin kerasa awet,Happy
1647,positive product sesuai deskripsi,Happy
1648,bahan katun sy pikir anti air sy beli warna hitam abu eh kasihnya abu,Sadness
1649,safely landed next day expired pembalut lamaa thank much,Love
1650,best seller terima kasih pengiriman cepat senang memesan terima kasih,Happy
1651,oke barang ny lumayan sesuai dgn harga,Happy
1652,warna lucu direkomendasikan murah murah aturannya,Love
1653,bagus bengedd sesuai ekspektasi jugaaa,Love
1654,kaos kaki tipis transaksi respon penjual lambat proses pengiriman,Anger
1655,bahan tipis,Sadness
1656,beli datangnya barang gk sesuai foto ketajaman yg jual goblok selamat makan uang haram,Anger
1657,build quality bagus retak air retakan air maksimal,Fear
1658,mati sebelah kecewa mempercayainya,Sadness
1659,warna putih penjual hijau alasan,Anger
1660,merekomendasikan produknya normal berkemas amplop undangan putih dibungkus plastik merusak obat stok najong obrolan,Fear
1661,elemen penipuan,Fear
1662,artia dtg mati,Fear
1663,sunggu kecewa pediasure,Sadness
1664,menerima produk kurir kurir menelfon kalo barang diantarkan dititipkan menerima paket mengajukan komplain,Fear
1665,udah penjualnya ga balon warna gold dama silver kalo pesen balo gold silvernya aja pcs dateng warna warni kayak gini udah chating oke hufth udah kali beli kali kecewa,Sadness
1666,gampang dipakai tekstur empuk,Happy
1667,fast respons original mulus pengiriman cepat seller ramah sombong harga tolong dimurahin,Happy
1668,buku kondisinya sobeknya audio rusak mesti download,Fear
1669,ceritanya bagus direkomendasikan direkomendasikan direkomendasikan cepat direkomendasikan direkomendasikan,Love
1670,bagus merekat dinding atap seller responsif langsung kirim sesuai pesanan pagi pesen siang pesanan yg dilebihin,Love
1671,knp skrg proses orderannya banget,Anger
1672,warnanya cocok urutan pesan perak hitam perak,Fear
1673,kaget pas dateng bahannya bagus kualitasnya bagus harganya murah wk,Happy
1674,lapisan pelindung kotak plastik sarung diterima bucket lepuh lepuh minggu rabu jakarta membelinya toko resmi resmi membeli toko membeli toko penjatahan harganya murah pengepakan bagus toko resmi dihancurkan penjatahan menutup toko,Anger
1675,pantulan bagus lumayan,Happy
1676,barang sesuai gambar pengiriman cepat,Happy
1677,balonnya ga sederajat gambar ga ramah kualitas ketipu dr gambar nya kecewa,Sadness
1678,barang sesuai pesanan kondisi berfungsi seller responsif proses kirim cepat recommended,Happy
1679,sederajat hikmat kualitas nol,Anger
1680,servicenya buruk banget,Anger
1681,berfungsi,Fear
1682,ga berfungsi kecewa bgt,Sadness
1683,wewangian bercampur menempel tangan pengisian cepat aman pengemasan tebal kotak kecepatan pembelian produk direkomendasikan penjual disarankan,Love
1684,jam harga mahal yg didiskon jam sesuai harga beli kualitasnya,Happy
1685,barang lengkap berbelanja toko loreal remi,Fear
1686,mantap jgn langsung booking recommended,Love
1687,packing bagus puass,Happy
1688,puas banget belanja sellernya ramah banget fast respon pengirimannya lumayan cepat barangnya memuaskan packingnya aman barang gak cacat,Happy
1689,barang sesuai orderan,Sadness
1690,kondisi karungnya yg bolong pakai,Sadness
1691,roda permohonan ditetapkan tokopedia cover cedok kasih dsini,Anger
1692,yg sebelah kiri triggernya ga sensitif kepake sebelah doang,Fear
1693,suaranya tetep ae,Fear
1694,seneng liat mukenanya dtg tp jd sedih lihat tasnya tas rusak dijual,Sadness
1695,harga murah kualitas,Happy
1696,barang terima barang baguuusss packing baguuusss yg penyok pengiriman cepat langganan nih recommended seller,Love
1697,diadili berpengaruh proses pengiriman penjual terima kasih cepat,Sadness
1698,penjual ramah,Anger
1699,lucu bgt warnanya recommended erti murah ngga murahan next tata,Love
1700,harganya mudah rusak kualitas disarankan mengejar murah,Fear
1701,dipotong selangkah permohonan,Fear
1702,lambat,Sadness
1703,buruk,Anger
1704,kendala penukaran jepang trm ksh,Happy
1705,membeli benih telepon toko kargo pengganti murah,Anger
1706,bandar pakar,Love
1707,rangka besi tipis lemah tertulis berat maksimum ditopang ambruk keberatan,Anger
1708,paket sesuai hargalah,Happy
1709,qualitas jelek bau cat pad ya bergelombang,Fear
1710,sesuai harapan kekecewaan cokelat valrhona sisanya poinnya kecewa,Sadness
1711,bukunya sampe makassar rusak ujungnya unpack packing nya tebel kurirnya bermasalah ga rela sih bukunya lumayan mahal,Fear
1712,dikirimkan robek diperiksa dikirim murah rusak barang dikirim min,Anger
1713,ribet pelayanan mengecewakan,Sadness
1714,roda mencapai perintah perbaikan tokopedia penutupnya robek ok dsini,Anger
1715,bagus sesuai ekspetasi original pengiriman cepat tombol masuk kedalam susah ditekan tombolnya bagus langsung kasih bintang hehehe,Happy
1716,bola bagus anak menyukainya,Love
1717,penjualnya ramah banget packaging aman,Happy
1718,harga ok pengiriman cepat packing aman,Happy
1719,yeay dapet harga diskon beli box terima kasih,Happy
1720,gampang dipakai packaging aman proses pesanan cepat gampang syg pas nyampe dibuka udh patah,Happy
1721,barang diterima kondisi salah tuts nya,Fear
1722,memesan posisi rumah bentaru selatan jakarta bekasi seller pengemudi gojek mengambil jalan alternatif hellowwww surat cepat tarif sepeda motor internet rumah rumah penjual silakan penjual barang dikirim langsung surat cepat mengambil,Anger
1723,kali beli toped pelayanan mengecewakan jasa pengiriman diganti pemberitahuan pengiriman telat payah,Sadness
1724,,Love
1725,kain adem jahitan bagus ukuran pas positive,Happy
1726,barang nya ok proses kirim nya admin nya nya dichat proses barang nya,Happy
1727,game tdk sesuai dgn request sya gamenya ya msih ditest smua game yg brsmlh bru downhill slnjtnya cek lgi jdi sya kepuasan pelanggan hrus ya,Sadness
1728,barangnya berfungsi kakinya ga kunci yg oke,Sadness
1729,chat dijadikan makesure barang warna dll jgn kaku kaku bgt roko,Fear
1730,bagus layanan toko bagus sarankan berbelanja toko pelanggan terbaik toko kecewa,Love
1731,packing rapi barang lumayan,Happy
1732,harga bagus,Love
1733,posisi pelat silinder elegan lem terlarut,Fear
1734,kecewa belinya asli packing berantakan kardus penyok bawahnya udh kaya bekas pakai kecewalah pokonya tolonglah bagusin,Sadness
1735,pakai dgn pemakaian prinegativei standar jam perhari rusak mengecewakan mutu barangnya beli tinggal sisa utk membuktikan kwalitas stik brp tahan,Sadness
1736,pengemasan okepenjual responnya bagusharga bersahabat pengantaran cepat puas belanja,Happy
1737,wrn dipilih berkomunikasi obrolan cocok mengirimkannya amerika serikat alih mengirimkannya dikirim wrn,Anger
1738,lamaaa bangettt respons nya,Fear
1739,packing hancur lebur rumah,Sadness
1740,penyelesaian game menyenangkan game terbaik kalinya membeli dsni aj memuaskan memenuhi esensi penjual komunikatif berkelanjutan memainkan perlindungan hebat pengisian daya terjaga terjaga terjaga terjaga terjaga terjaga terjaga terjaga terjaga terjaga terjaga terjaga elemen aslinya proses pengisian cepat hadiah akrobatik bacot terima saudara laki laki membeli dsni langsung menggunakannya mengecewakan markotop perfect perfect terima saudara laki laki sukses,Love
1741,respon penjual jelek ditanyain ni besok balas,Anger
1742,barang original pengemasangan cepat seller fast respon,Love
1743,permainannya bagus,Love
1744,model warna suka tp pemasangan ribet moga ja awet,Happy
1745,bahan nya tipis jahitan rapi,Sadness
1746,pakai dgn pemakaian prinegativei standar jam perhari rusak mengecewakan mutu barangnya beli tinggal sisa utk membuktikan kwalitas stik brp tahan,Sadness
1747,posisi kancing lubamg kancing sejajar dikancing bajunya sebelah leher,Sadness
1748,elemen sesuai,Fear
1749,barang gampang rusak jarumnya lepas terlempar,Fear
1750,artemia dtg udah byk yg mandek,Fear
1751,seller bertanggung,Anger
1752,pel nya dibanding dengn spin mop merk kalo nyimpen ga ngabisin space bahan lumayan tebel,Happy
1753,barang dgn aman kondisi terimakasih sukses,Happy
1754,produk sesuai batasan terjangkau kualitas admin ramah responsif transportasi mencoba transportasi barang pengemasan pembeli rumah aman terima kasih,Love
1755,packingnya kardus aja laci yg pecah,Sadness
1756,mantap jiwa bang,Happy
1757,puaasss langganan bikin duplikat akses ku proses cepat eh bonus nya ya terima kasih kak,Happy
1758,membelinya membatalkan mengubah judulnya penjual menolak membatalkan sisi konfirmasi,Fear
1759,mengecewakan bonus zonk penawaran paksa ektra shipping guys jebakan free ongkir yg menghilangkan menghapu bonus,Fear
1760,menggunakannya merek,Fear
1761,order datangnya sedih banget not recomended,Sadness
1762,membelinya colokan rumah mencobanya plot berbeda masuk,Sadness
1763,kripsusnya juara udah kali order mulutnya pokoke top markotop,Love
1764,review jujur ya yg kasih bintang biar dpt garansi kali ya buku nya fotokopian nya gk bagus dapet cd kalo sekedar ambil buku cliff kalo kenyamanan baca mending cari yg,Sadness
1765,lambreta lamaa banget ga rekomen mending beli store officialny parah layanannya senin malam order rabu sore,Anger
1766,barang cpt smpk sesuai sm yg gambar barang bagus berfungsi lampunya terang,Happy
1767,pembelian yg pmbelian yg sbelumnya potnya bagus yg ni beli pot kyk bekas tembelan plastik retak beli sprti,Sadness
1768,tampan item sesuai terima min,Love
1769,wax amis gula merah versi encer manis bikin lengket badan dna kering bfungsi seukuran deskripsi komplain diemin duit aja,Anger
1770,hadiah minum lipatnya qoq tulisan persediaan hadiahnya ditampilkan namanya pembohongan harganya sesuai hadiahnya,Anger
1771,data menghilang menghilang,Sadness
1772,tipis tali earloop longgar,Sadness
1773,ukurannya sisanya ok,Happy
1774,barang sesuai deskripsi seller fast response delivery cepat,Happy
1775,nan,Sadness
1776,gimana ya beli celana hitam grey pink ukuran nya beda beda pink gede grey banget,Fear
1777,nyaman dipakai bahannya enak fitting lari banget kekecilan sebenernya tenang garansi tuker size produk original,Happy
1778,ga padu sinar putih sinar yg hijau,Fear
1779,native aplikasi deskripsi windshield rusak arrival,Sadness
1780,bagasi dibungkus pakai bubblewarp trs pecah gatau jasa kirimnya pengemasannya jasa kirimnya bgt asli sangkil kecewa,Sadness
1781,bagus kokoh pengemasan aman rapih pokoknya seneeeeeng bgt makasih tokopedia,Happy
1782,dikirimnya lamaaa,Anger
1783,pesen lilin dikasih mo dibalik jg angka jd ga sumbunya kacau fatal bgt gak dicek dlu sblm kirim customer,Fear
1784,kecewa bahan nya panas warna yg kirim menarik,Sadness
1785,bagasi kondisi lebur packing sobek,Anger
1786,toko sportif kooperatif pengalaman buruk toko dinonaktifkan keluhan bertanggung obrolan tokped wa responsnya kebanyakan pembicaraan bertanggung makan uang istri berhati toko,Anger
1787,buruk kotak formulir pra,Sadness
1788,sumpah kayak pake saos sambel kyk gapake gochujang gochugaru makan kimchi asli korea gaakan suka pengiriman super lelet pesen hr rabu br dtg minggu gils,Anger
1789,kimchi love enak beli kimchi id best pokoknya,Happy
1790,toko toko melempem,Fear
1791,ancuuuurrrr bubukkkk remukkk berbentukkkkkkkkkkkkkkkkkkllkl,Fear
1792,terima paket siang beli mukena iklan gak bilang klo tas komplain mukena kusut respon klo sdh dicuci disetrika kusut becanda nya bikin kesel nih penjual nya,Sadness
1793,penjual celana bija direkomendasikan direkomendasikan,Love
1794,barang aman pembeli tenang,Happy
1795,bagasi cocok pesanan marilah kumpulkan bagasi hati hati,Fear
1796,riject kecewa langganan beli barang ga cek packing,Sadness
1797,item kondisinya dihancurkan pengemasan robek,Anger
1798,daerahnya keren gretongan haahaaaa,Anger
1799,order emerald dikirim tosca konfirmasi,Sadness
1800,brg yg diterima dgn yg etalase toko tipis kotak nasi padang pdhl tebal krn utk kirim kado kota,Sadness
1801,lambat,Sadness
1802,jamnya bagus produk sesuai foto nyaman dipakai,Love
1803,respon penjualnya top packaging aman proses pesanan cepat kualitas bahan bagus,Happy
1804,respon sebenernya cepet pas sampe barang nya penyok dikit tp g pengajuan komplain krna sleting g lem tembak nempel nutupin jalan sleting benerin kuncian sekrang g kode,Sadness
1805,produk proporsional ekspektasi pengiriman beban cepat pokoknya recommended dah,Love
1806,layanan cepat mantab barang asli,Love
1807,layanan disarankan memenuhi respons pengiriman cepat,Love
1808,hasan asap torch flame gunnya penjualnya fast respon pengirimannya cepat produk original packaging hasan produk berjalan,Love
1809,produk sesuai harga terjangkau kualitas admin ramah responsif transmisi mencoba transmisi muatan pengemasan pembeli rumah aman terima kasih,Love
1810,ndak muat mesin cuci elextrolux overal bhanya bagus anti air,Fear
1811,bagus sesuai harapan penjual nya ramah trimakasih pelapak,Happy
1812,beli kedatangan dibuka bersemangat suasana hati negatif,Fear
1813,mantaaaaap sesuai gambar nya jujur amanah seler nya nyesel belanja toko nya mantaaaaap deh,Love
1814,cocok utk bayi kulit sensitif bbrp kali pakai kulit bayi jd beruntusan,Fear
1815,beli cutter dikirim cutter blade cutter blade,Fear
1816,mantap barangnya,Happy
1817,waspada penipu waspada menanggapi tanggapan mengirim bukti tambahan wa ruang superior mengirim bukti,Anger
1818,gan ps nya udah tombol hijaunya merah trus damai,Fear
1819,lingkaran besi disurvei salah diputar,Fear
1820,pesen kopi keluarga botol yg dikirim cm botol penjual dichat respon mengecewakan penjualnya,Sadness
1821,pembelian sayang kabel ga sesuai beli kabel produk ok berfungsi terima kasih,Happy
1822,gepuknya pahit,Sadness
1823,seller super ramah nanya apapun dibalas kooperatif sukses gaaaan mantap,Love
1824,pesan ukuran xl dikasihnya s,Anger
1825,pie susunyabberjamur disimpan semingguan expiry date sebulan kalo beli bali ga kayak gitu ya biar beli pie susu nya aware aja ya sedih udah makannya eh pas makan jamuran terpaksa dibuang udah chat sellernya ga dimasukin kulkas tp pas beli bali jg ga masukin kulkas sih fyi aja yg mo beli yah,Fear
1826,sekian kalinya beli tuang coffee terbaaiikk,Love
1827,negative bgt botol nya gak praktis gitu berilmu bocor kenyal review emang botol ehh bener paraaaah sih botolnya oil nya perasan,Sadness
1828,barang original beli yg asia dpt reg asia jpn overall lancar udh seminggu pakai normal barang bener mulus ori bagus smoga awet tingkatkan pelayanan nya gan,Happy
1829,diterima baguussssss,Love
1830,roda pesanan perbaiki ditempatkan tokopedia menipiskan pembungkusnya baiklah terima kasih dsini,Anger
1831,toko bodoh sepenuhnya diisi barang rusak sesuai tujuan beli toko bodoh membeli kipas usb mini elemen toko paket hasilnya rumah rumah rumah rumah memulihkan uang mini mini berbayar penggemar pembatalan bodoh berharap pelanggan berpikir kali berbelanja toko orang bodoh bergerak kecewa membelinya mencapai cinta,Anger
1832,puas nya sih krn barang yg beli stok nya tp gpp diganti dgn barang yg setara trims,Sadness
1833,muatan buruk kirim,Fear
1834,lapisan preventif kotak kemasan plastik diterima ember jerawat minggu rabu jakarta pembelian toko resmi membeli toko membeli toko penghargaan harganya murah pengepakan toko resmi dihancurkan penghargaan ditutup toko,Anger
1835,murah sesuai harga barangnya kerass banget butuh tangan ringan gak berat jd utk harga murah ya gausah ekspektasi,Fear
1836,barang gak berfungsi kalo dikirim cek bos senter gak hidup udah cas seharian packing bagus bungkusnya yg pecah,Sadness
1837,glafy disajikan peyot membeli buku,Anger
1838,comment deh udh berkali kali beli cat top bgt,Love
1839,seller responsive recomended,Love
1840,pesanan ndk sesuai pesen m kirim l,Sadness
1841,beban halus tebal menyerah berbelanja,Fear
1842,beli dateng nya pas buka udah exited banget negativemood tenyata cuman,Fear
1843,kardus gak dikirim packing pake plastik doank mengecewakan,Sadness
1844,mantap respon cepat bgt cepat estimasinya,Happy
1845,puas pesan pcs pas qty nya yg cacat mainan nya pengiriman brg cepat terima kasih yaahh seller harga segini sih murah sekalii,Love
1846,kotak kotak,Anger
1847,jahitannya rapi ukuran sesuai bahan panas tp nyaman dipakai sesuailah harganya trims ya seller,Happy
1848,warnanya lucu lembut kulit gampang dipakai langganan puas dg pelayanan barang ori bagus sucses yaa,Happy
1849,selamat siang bos pesanan terima pasang coba packing rapi aman product mantap pokoknya top markotop pelayanan oke toko recomended makasih salam sukses sehat sejahtera aamiin,Love
1850,produk original barang sesuai deskripsi bahan tebal ponakan suka,Happy
1851,beda yg dipesen yg,Fear
1852,pesan yg dtg pink yakali pake pink kalo mmg abu abu habis loh fitur chat konfirmasi pembeli bersedia ganti warna kardus rusak barang dijual penjual maaf kesalahan yg solusi penyakit yg penjual prosesnya beli jumat pagi diproses senin alasannya sabtu minggu libur kayak pns ya barangnya gak nyaman sakit kalo dipake panggul kesimpulannya not recommended seller at all,Anger
1853,sesuai gambar,Sadness
1854,alamak berbahasa taris plastik putih transparan taris plastik hitam berbahasa,Anger
1855,kecewa bangett beli lgsg bayar tanggal agustus skrg tanggal september beban diterima complaint minggu dr tanggal pemesanan krn sabar dipikir kendala skrg udh sebulan dibilang follow sifat pesanan yg complaint selesai ngga bijak jdnya gimana penyelesaiannya,Anger
1856,keren banget sempurna,Love
1857,berbelanja kekecewaan,Anger
1858,pengiriman okay packing aman barang sesuai deskripsi,Happy
1859,mantavv pesanan joss,Love
1860,butte schools kuning ijo stabilo barang miskin,Anger
1861,jamnya tokcer banget produk sesuai foto berangin dipakai,Love
1862,penjual muatan dagangan diterima pembaruan sumber daya manusia diselesaikan uang dikirim penjual uang,Anger
1863,paman keren item,Love
1864,hebat mengenang era bermain sekolah,Love
1865,senang produknya dipaketkan rapi cacat recommended,Happy
1866,terima kasih kak puas beli voucher tiket recommended seller,Love
1867,recommend banget beli respon cepet banget ga itungan menit dikasih best price interpretasi ok apapun respon sampe wa sabar banget tungguin sampe ok call sampe menit ketemu yg thanks banget ya puas banget recommend banget,Love
1868,orlee dikirim payah,Anger
1869,jam digital unik fungsi alaram yg lengkap syg tdk ad fungsi penunjuk petunjuk deskripsi membantu permudah mengenal jam alarm respon penjual pengiriman cepat thanks,Happy
1870,belanja mantap pengiriman cepat barangnya rekomended packing aman rapi belanja insyaallah,Love
1871,produk mantap packingnya bagus,Happy
1872,bagus pengiriman rapi ga sameday ya kayanya kemarin day suka sellernya sesuai ekspetasi,Happy
1873,alhamdulillah barang diterima packing riang sesuai pesanan suka mie sedap varian laksa singapura,Love
1874,barang sesuai gambar kualitas harganya murahan kapok belanja,Fear
1875,produk kutu harapan mati berbicara,Sadness
1876,produk pas sampe yg cacat analog kanan yg pecah,Sadness
1877,barangnya original garansi resmi suaranya jernih koneksi bluetooth kuat nyaman dipakai material premium,Happy
1878,beli pd gosong bekas nih beli ga gini untung asuransi,Fear
1879,gk makan skali,Sadness
1880,kecewa aja sih kebijakan tokonya huhu,Sadness
1881,barang kualitas jelek kaki patah pecah ditekuk pecah copot blum sempet pake udh buang aja,Anger
1882,warnanya beda dgn gambar menerawang bahannya adem nyaman dipakai,Happy
1883,pengiriman cepet banget packing aman banget pokoknya mantab,Happy
1884,pengirimannya cepat pesan kemarin langsung esok harinya barangnya bagus semoga kualitasnya awet,Happy
1885,kabak,Anger
1886,sumpah bagus keren packing rapi bgt product aman sdh test berfungsi cloud nya bnyk ga basah ga noise filter dpt pc pake battery jd praktis ditaro dmn aja top thanks seller,Love
1887,silikon jelek mudah menyimpang kualitas lamu bayangkan kualitas philips,Anger
1888,berbohong efektif,Anger
1889,dikasi bonus gratisan hair mask serie expert uda expire barangnya pas dipake bikin kepala ketombean kl ga niat ngasih gratisan mending ga sih drpd bikin rusak rambut orang,Fear
1890,diselesaikan sesuai permainan menarik game terbaik kalinya pembelian dsni aj bernafas melampiaskan esensi penjual komunikasi komunikasi pengemasannya bagus perlindungan pengiriman terjaga elemen asli proses pengiriman bonus akrobat terima kasih saudara membeli dsni langsung direkomendasikan pemikiran ideal marcotop terbaik terima kasih saudara sukses,Love
1891,barang sesuai pesanan proses cepat thanks seller,Happy
1892,gatal tenggorokan membelikan menyesalinya,Fear
1893,suka banget sm flimty krn membantu memperlancar bab enak mudah dibawa pengiriman cepat penjual ramah thank kak semoga sukses usahanya,Love
1894,nipu mah yard wkwkwk kaco,Anger
1895,dipasang bagus deh,Happy
1896,bersih debu jalan bagus pengiriman ok sih rapi dlm box,Happy
1897,kirim cepat barang ori paking rapi,Happy
1898,mantapp mengepak respons tertib kunjung direkomendasikan,Love
1899,aturan kecewa paket memecahkan kopi meluas kesalahan ketegangan latar,Anger
1900,negative bgt botol nya gak praktis gitu kaya bocor liat review emang botol ehh bener paraaaah sih botolnya oil nya lumayan,Sadness
1901,pengarahan dikirim,Anger
1902,penjual direkomendasikan sungai,Love
1903,rgb mati penjual gak respon barang gak lulus qc yg dijual hati hati beli,Fear
1904,sampul kayak barang reject,Fear
1905,puas,Happy
1906,meja laptopnya dibuka kardusnya pecah diujungnya retak dibagian trus mejanya hijau kusam barang bekas pakai seller dikomplain menolak penukaran barang alasan buktinya diarahkan utk asuransi dr tokopedia dgn proses yg ribet bukti pemusnahan barang jg pas sy lihat yg dapet mejanya pecah rusak kecewa saran jualan yg jujur kl yg dijual barang bekas ex display bilang tulis deskripsi yg jujur tolong tokopedia selektif toko yg packing barang terkesan pakai kardus tipis ga pakai bubble wrap semoga ga customer yg tertipu,Fear
1907,bahannya jelek yah sesuai dgn harganya sih lipatannya kentara dipakai,Sadness
1908,elemen sesuai deskripsi wajah wajah kulkas lembut lembut mantab bersih,Love
1909,dipake sobek pantatnya kebesaran sizenya,Sadness
1910,kecewa sih pas dibuka yg rusak pengiriman utau kondisi bukunya,Sadness
1911,percumaa atc orangg gakk adaaa dipakett nyaaa,Anger
1912,cepat responnya membantu terimakasih,Happy
1913,sesuai order n deskripsi,Happy
1914,berbelanja dikumpulkan aamiin,Love
1915,ditukar buruk kualitas negatif maaf,Sadness
1916,brangnya ringkih dateng uda pecah part kemasan uda oke next time cek dlu kirim,Sadness
1917,thanks barang udh sampe cepet bgd tp maaf blm coba barangnya blm foto oke thanks gan moga bermanfaat,Happy
1918,kalkulator nya mati tolong kak kirim barang tes,Fear
1919,tergoda harga murah sesuai barang deskripsi deskripsi tertulis paket sarung kulit seller pengiriman barangnya permintaan maaf proses penyelesaiannya membutuhkan biaya kembalikan menyesal beli,Fear
1920,dlm gagang bengkok pecah gak niat banget packingnya minimal digulung pakai kardus bekas biar gak rusak produknya belanja official store belanja toko gak difoto barang langsung dibuang masuk sampah sebagus apapun produk yg pengiriman packing aman tdk gunanya,Fear
1921,oldaaaaaaaaaa disadari,Anger
1922,pas pesan lupa cantumkan warna lgs chat penjual nya request warna seblm kirim chat baca ga respon kirim ikan nya warna putih polos kecewa belanja udah mahal kirim yg jarang org kecewa,Sadness
1923,bahan tipis jahitan kuat bs cpt sobek,Sadness
1924,barang sdh nyampe dgn senang banget terima paketnya semoga sapunya awet terima kasih bersih bersih rumah bersih rapi bebas debu,Happy
1925,suaranya,Fear
1926,biang mahir,Love
1927,wow sameday sm jam pahala kerugian mengupas,Fear
1928,barang memiliki solusi,Fear
1929,barang komplet next cek dlu sblm kirim gak cm kirim aja jual gk rugi mlh ngrugiin customer suruh kirim kekurangan barangnya gak ribet gmn dpt kepuasan n kejempolan pelangg,Fear
1930,pengiriman lekas tp persis dikirim macro lensnya dapet fish eye wide angle macro lens yg mohon dicek seblm dikirim kecewa,Sadness
1931,bocor kebocoran penyamakan diselesaikan,Fear
1932,barangnya sesuai dgn permintaan setujui berubah ukuran tp dikirim yg dirubah lg persetujuan,Fear
1933,pelestarian kualitas jose,Love
1934,memfasilitasi pemasangan tanggapan cpt cpt penjual,Love
1935,pake udh berulah susah hidup kadang hang frezee blank komputer ganti gk respon trs garansi lifetime recommended,Fear
1936,d produk jual mereknya alus shoes tp pas nyampe mereknya tumpah pesennya warna cream datengnya coklat muda,Fear
1937,perbedaan orang,Fear
1938,packingnya parah masukin kantong plastik hitam kardus lakban ikat aja biarpun pengiriman cepat packing mengecewakan barang test semoga berfungsi,Sadness
1939,waw murah bangetttt packingnya rapih produknya bagus rupawan tersembunyi uhuuy pisan deh pokoknya hehehehehe,Love
1940,penjual gk respon bgt parah,Anger
1941,membeli item yg terima komplain tdk video ulang video rekam,Fear
1942,hansip bubblewrap,Anger
1943,bagus banget lilinnya kakak lilinnya sultan,Love
1944,wangi amis tdk merk,Anger
1945,bagus nempel kayu,Happy
1946,cacat kabel konverter usb,Anger
1947,paketnya udah dibubble wrap tetep aja penyok syukur dalemnya gpp berfungsi nggak disemprot aernya rembes lantai qualitynya oke aja sesuai harga,Happy
1948,ga sesuai expetasi singlet drpd tanktop beli putih hitam yg dikirim hitam pdhal sblm order sdh cekout jg yg dipilih hitam putih packing rapi pengiriman penjual responsif,Sadness
1949,balon nya bngt,Sadness
1950,bagasi setingkat,Fear
1951,puas sih recomended bukunya,Love
1952,obrolan balasan memasuki sesi dijanjikan,Anger
1953,penjual direkomendasikan saran dikirim niat penjual membantu orang membuatnya,Fear
1954,kali kecewa puas pembelian mukeena dsini mengisi noda kotor bawahan mukeena bos benang bagus panas warnanya lembut maaf meja meja,Sadness
1955,alhamdulilah oderanku nih selamat terima kasih semoga penjual jujur amanah aamiin yaa rabb,Love
1956,udah langganan,Love
1957,barang cpt sampe sesuai pesanan packingnya rapi respon seller,Happy
1958,tengkyu sesuai banget pesanan nya,Love
1959,kotaknya jelek penyok bundel doang,Anger
1960,barang sesuai gambar harga murah kualitas ga murahan pengiriman nya cepet oke bgt deh puass,Happy
1961,deskripsi diameter filter merampus pasangkan lenshood lenscap gak selevel,Sadness
1962,gak nyala,Sadness
1963,barang dikirim pakai ekspedisi kota dibungkus plastik background basah dipakai,Anger
1964,kualitas bayi baut melanjutkan,Anger
1965,respon sellernya cepet banget malem aja diladenin dikasih panduan install bwt yg pemula kebantu banget mantaapp gan,Happy
1966,barang diterima,Sadness
1967,layanan tergelincir,Anger
1968,ga dikasih kunci buka gerinda chat cs ya dibaca video unboxing ga video beli main percaya aja dicuekin note mata gerinda bawaan tipis ga dipakai,Fear
1969,yaampunnn rp x nih yah krna penguna baju sih baju gimna dipake lobang lehernya kecill amed anak yg gak pakai mah lumayan bahannya tipis,Anger
1970,barang penyot lampu indikator alhamdulillah berfungsi dgn,Happy
1971,dipaksa beli checkout toko,Fear
1972,sesuai dibayangkan,Fear
1973,sablonnya jelek bgttttt,Anger
1974,dicoba alas duduk jam far lumayan nyaman terbiasa empuk bikin posisi duduk,Happy
1975,pengiriman perakitan box susah,Anger
1976,respon jelek,Sadness
1977,pesen dikasih bgt,Sadness
1978,tokonya sportif koperatif pengalaman buruk belanja toko barang cacat diajukan keluhan bertanggung chat tokped wa tanggapannya muter muter doang kebanyakan basa basi bertanggung lu makan tuh uang istri lu hati hati toko,Anger
1979,kecewa pelayanan toko nyesal denga toko paket dah paket tujuan sarankan pembeli pesan deh barang bertanggung,Sadness
1980,bahan plastiknya bagus banget emang best quality dah polypropylene warnanya lucuuu,Love
1981,gak reaksi kutu msih hidup sdh tes baka ditipu nih semoga karma dah lu,Fear
1982,mantaaaaaaaaaaaaaaaaaaaaaaaaaaaaaaaaaaaaaaaaaap barangnya original,Love
1983,sellernya responsif banget pertanyaaan pengiriman sameday nyampenya sameday mantep rekomen deh ni tokonya,Happy
1984,barang sesuai packing aman cepat,Happy
1985,barang bocor botol kosong kardus bubble wrap utuh tutup botolnya segel penjual berdalih kesalahan ekspedisi klaim asuransi lengkapi permintaan asuransi upload ktp foto produk video klaim todak disetujui dana diteruskan penjual kecewa sekelas official store servisnya,Sadness
1986,pengiriman alangkah baiknya bungkus kardus dr lembar lembar bolong semoga kedepan lg,Fear
1987,artemia dtg mati,Fear
1988,pengiriman cepat kualitas barang,Happy
1989,arloji produk tokcer gambar badai,Love
1990,toko diharuskan mengirim kekurangan sekrup karet dll,Anger
1991,busuk,Anger
1992,layanan ramah ramah,Fear
1993,kue bertanggung kue masam menggugat penjual dikonsumsi dimakan,Fear
1994,plastik jatah jd lembek,Fear
1995,bahannya adem,Happy
1996,recommended seller produk sesuai seller pengiriman respon seller super duper cepat,Love
1997,bottek membeli pria,Fear
1998,baguss bgtttt sesuaii btw bli yg,Love
1999,alhamdulillah pesanan terima kasih harap penjual aamiin rabb jujur dipercaya,Love
2000,mp bagus salah elemen cm cm mp,Anger
2001,sesuai harapan kekecewaan sang cokelat valuna sisanya kecewa,Sadness
2002,toko terbaiknya dipesan keluarga ulang memesan cetakannya keluarga ulang,Love
2003,pengiriman cepat barang sesuai deskripsi terimakasih,Happy
2004,mengepak minyak kecewa,Sadness
2005,produk sepenuhnya diterima lampu kepalanya klub efektif komoditas efektif,Love
2006,beli pemotong dikirim pisau pemotong bilah pemotong,Fear
2007,beratnya sesuai dirubah ga perbaikan berat produk packing pdhl sy blanja mhl diongkir pdhl berat riil nya jauuh estimasi,Fear
2008,produk untung nya bagus pengemasan buruk banget bsa bilang nggak layak penyok kotak nya kayak bekas pakai,Fear
2009,size banget,Anger
2010,sesuai pesanan yg pesan gula kecap kemasan teh yg sampe gula nya kg teh kecap,Fear
2011,pembelian yg kesekian kali,Happy
2012,kecewa tipis sialan gua liat komen bilng tipis rugii,Sadness
2013,enak banget bikin ketagihan,Love
2014,pelayanan ny ramah,Fear
2015,berbelanja kekecewaan,Anger
2016,mudah copot dasbord lemnya kgk kuat,Fear
2017,kemasan elegan produk melompat isi makanan kacau membatalkan isi makanan,Anger
2018,salah mengirim barang dikirimkan harga item murah diselesaikan dibeli kali,Sadness
2019,kecewa pengangkatan banget barang nya rusak penyok tergiur harga murah baiklah,Fear
2020,terjemahannya kacau membeli versi bahasa inggris,Anger
2021,kameranya jelek banget deskripsi walkie talkie ga bs response penjual lambat ga dapet sim card ganti kaos kaki,Anger
2022,sesuai ekspetasi,Sadness
2023,mantap,Love
2024,produk anak bangsa super keren banget desainnya very nice helpful seller terima kasiiih love muuuuch,Love
2025,aplikator mudah dipakai desainnya lucu warnanya pekat,Happy
2026,as always gapernah gagal belanja thanks ggs,Love
2027,pesan merah muda percaya merah muda abu selesai fitur obrolan mengonfirmasi pembeli bersedia mengubah warna kardus rusak barang dijual penjual maaf kesalahan solusi kesalahan penjual proses membeli jumat pagi diproses senin alasannya sabtu libur pegawai negeri sipil barang nyaman menggunakannya dalamnya panggul the kesimpulan penjual direkomendasikan,Anger
2028,bermain mc online teman penjualnya instruksi,Love
2029,lapisan pelindung kotak plastik pembungkus diterima lepuh ember lecet minggu rabu jakarta membelinya toko resmi membeli toko membeli toko hadiah harga murah mengemas kemasan toko resmi dihancurkan hadiah tutup toko,Anger
2030,kecewa produk kakinya goyang membeli warna putih sesuai difoto produk barang yg warna coklat penjual ngotot meja yg diterima warna putih sesuai foto menerima komplain lihat review pembeli mengalami yg dikirimkan warna berbeda dipesan msg membeli menulis pesan order,Fear
2031,barang acap nian diproses dibungkusnya rapi langganan,Love
2032,slow respon,Anger
2033,mantap,Love
2034,beli tanggal penuh mengeluh tanggal kerusakan,Anger
2035,kecewa sekal,Sadness
2036,produk sesuai material produk bagus cocok jadikan tmpt penyimpanan masker lbh rapi enak lihat gampang mengambil masker,Happy
2037,macet nyala mesin,Sadness
2038,karat resletingnya jaitan rapih dlm overall bagus sih,Happy
2039,garansi resmi packing bagus harganya bersaing kelengkapan sesuai,Happy
2040,manchapppp sy suka rekomen seller,Love
2041,roda pesanan diatur tokopedia terima kasih dsini,Anger
2042,obrolan membutuhkan pengiriman jawabannya membayar mengunduhnya berantakan,Anger
2043,barang bagus tipis pokoknya jelek,Anger
2044,kecewa sih beli dikasih orang ga dapet boxnya beli diario x nagita slavina dapet box kirain beli pas sale tokopedia boxnya ga dapet,Sadness
2045,barang sesuai gambar ditawarkan,Sadness
2046,sy pake sameday dtgnya besoknya smtra sy byr jam respon rugi tau gt sy ga ush pilih yg sameday mksd jd rekomen,Fear
2047,suara dihasilkan oke terdpat maslah mkasih,Happy
2048,salah beli gabisa dituker pas coba gabisa pas klaim garansi gimana bales bot tai,Anger
2049,ok barangnya keliatan plastiknya murahan fungsinya steker adaptor kabel laptop,Happy
2050,produk sesuai deskripsi packing rapi aman thanks ubs,Happy
2051,produk sesuai gambar gambar diganti jilbab plat hrusnya deskripsi dituliskan gambar didepan berbeda dgn produk pembeli jg paham produk yg dikirim dgn gambar berbeda harga lumayan mahal klo plat besinya bijaklah dlm berdagang utk merk yg dikenal masyarakat luas,Fear
2052,macet sulit menempel dasbor,Fear
2053,barang tdk sesuai dg pesanan klu tdk barang nya jng dgabti sm yg kecewa,Sadness
2054,obrolan barang warna dll kaku kaku roko,Fear
2055,alhamdulillah barang diterima packing aman sesuai pesanan suka banget mie sedap varian laksa singapura,Love
2056,kelengkapan sesuai harganya bersaing dimodif casingnya biar masuk seri,Happy
2057,saudara ps tombol hijau tombol hijau mati,Fear
2058,gak nyesel beli harga terjangkau kualitas bagus rekomendit banget deh pokok nya beli lengkap happy belanja,Love
2059,layanan perjalanan gojik langsung pagi,Anger
2060,barang pengiriman skala dikirim,Sadness
2061,diterima bungkusan rapi strap masker favorit,Happy
2062,terima beban tgl pdhl tanggal status transmisi pembeli update aja uang aja,Fear
2063,awet seharian mudah dipakai gampang makeup tahan proses pesanan cepat packaging aman,Happy
2064,best bgt deh anabul ngga train aja langsung tau,Love
2065,dijamin asli barangnya packingnya pengirimannya sederhana lembar anak sd,Happy
2066,produk sesuai pengiriman cepat packing aman recommended seller,Love
2067,box disegel masker dlmnya dibungkus plastik ragu maskernya higienis steril,Fear
2068,penjual kualitas terbaik progres barang langsung kabari via chat pembeli biasaaaaaaa pertahankaannn,Love
2069,jepit mejanya loss ga ngunci coba seal tape longgar nge lock boom arm nya bagus sayang bingung pakenya karna ga ngelock,Fear
2070,item kemasannya rapi sayangnya fitur tombol pemicu kunci ai toko pusat toko toko membantu maaf love the stars puas terima kasih,Sadness
2071,barang nya sesuai dgn anti fog embun kaca jendela mobill jendela mobil nya,Sadness
2072,diskon kecurangan item seimbang erti,Fear
2073,barangnya original garansi resmi suaranya jernih desainnya modern nyaman dipakai koneksi bluetooth kuat material premium baterai tahan noise cancellation mantap kabelnya kuat mantap suaranya gurih harganya terjangkau value money koneksi apple lancar koneksi android lancar suaranya bersih nggak penjualnya ramah banget proses pesanan cepat,Happy
2074,beli tgl bawaan selesai tgl mouse rusak tgl gak komplain toped admin ditanyain gmna klaim agun membantu chat bales dibales gk,Anger
2075,impresi nya joystick nya pegang bgt beda tetangga nya in game nya berasa enak button rt lt dll nya empukk bgt sy main game nya efootball tekan pake perasaan button nya beehhh mantep bgt analog nya bikin nyaman kepelarakw lambat laun ter pokoknya joystick beneran mantul deh jgn ragu order,Love
2076,coklat warna abu jual profesional profesional,Anger
2077,mantap keren colok listrik pakai fitur pake batre aaa dipencet nyala,Happy
2078,bola daging ditingkatkan buruk orang berbeda selera pulau membelinya jaminan dijamin,Anger
2079,yg abu aga tebel bahannya yg hitam tipis bangt sedih,Sadness
2080,pelayanan buruk debat,Anger
2081,pelayanan cepat ramah,Fear
2082,kualitas pelayanan kayak pedagang emperan rendah beli toko kalo kecewa non ori agen distributor resmi dr pelayanannya info ya barang sy terima sy membayar kualitas jd harga pelayanan senilai ya,Fear
2083,pengiriman cepat barangnya oke sesuai deskripsi terimakasih,Happy
2084,muatan sesuai bawaan mohon pendataan muatan cermat,Fear
2085,dipenjualan tertulis obeng magnet bohong obengnya ga magnet sulit melancarkan hidup alat lengkap parah,Sadness
2086,kecewa item kotak dibuka memecahkan botol pecah tersisa,Sadness
2087,memiliki botol isi ulang beli botol stiker dermatologis,Love
2088,kali diputar,Fear
2089,suka menghentikan alat jam tidur hidup pagi rumah alat bardi cctv mencapainya mudah aula,Love
2090,mudah lucu ukuran,Love
2091,jelek mudah rusak,Sadness
2092,nyoba varian micelar water nya semoga cocok kayak varian micro essence nya loreal harga diskon pulak cintaaa pengiriman aman terimakasih tokped loreal,Love
2093,mesan hijau dikasih abu abu ukuran gak baca pesanannya gaada ya kn enak,Fear
2094,pesan kurir instan posisi rumah bintaro jaksel kurirnya kearah bekasi penjual bilang tukang gojeknya ambil jalan alternatif helllooowwww kurirnya ojek online sampe rumah nganterin orang tuanya tukang urut tolong kali penjual pastikan kalo barang langsung diantar kurir yg ambil apalagj kurir instan lepas tangan pesan kurir instan menjaga kualitas makanan terjaga barang rumah seal rapat,Anger
2095,pengiriman cepat aman barang sesuai deskripsi ujungnya terbuat plastik kokoh perakitan mudah modal obeng tips dikencengin bautnya kecuali fixed dgn ukuran kaki mesin cuci recommended,Love
2096,lumayan harga segini,Happy
2097,toko terisi penuh elemen terpengaruh sesuai tujuan beli toko bodoh membeli kipas usb mini elemen toko paket paket hasilnya mencapai rumah rumah rumah memulihkan uang dibayarkan penggemar mini pembatalan bodoh berharap pelanggan berpikir kali berbelanja toko,Anger
2098,packing jelek brg dtng kotaknya nasihat bh jebol bh,Anger
2099,jahitannya yg ga rapi kain nerawang,Sadness
2100,cas aki berfungsi aki yg bagus dicas lumayan drpd titip cas pinggir jalan mending py semoga awet sukses seller,Happy
2101,kuteknya bahannya gak bagus,Sadness
2102,kakananya ramah cepat menanggapi terima kasih,Love
2103,merek kereta nya beda banget gambar yg dijual merek yg dijual keluaran china merek thomas train set thamos train set rel kretanya gk stabil kalo nyari kualitas mending cari aja ketipu sebenrnya gk liat review mgkn kalo penjualnya ngasih barang yg sesuai gambar puas,Fear
2104,mantap barang cepat murah,Happy
2105,harapan bahan,Fear
2106,pengiriman cepat pesanan sesuai gak cacat packing aman,Happy
2107,surantap hebat,Love
2108,barang bagus sesuai deskripsi anakku senang banget harga murah pengiriman cepat,Happy
2109,pengiriman diluar estimasi yg tercantum,Fear
2110,barang bagus sesuai expectasi nih order keep best quality service,Happy
2111,bagus cepat barang daster bali adem pakainya barang sesuai terimakasih tokopedia,Happy
2112,bagus kabelnya cepet ngecas jozz,Happy
2113,proses pembelian transportasi lamaaaaaaaaaaa admin gak sehat slow respon ancur parah nihh toko,Anger
2114,toko bodoh diisi barang korup sesuai tujuan beli toko bodoh membeli kipas mini usb artikel asosiasi elemen toko rumah rumah usb dana pemulihan,Anger
2115,sesuai pesanan kartu lebar,Happy
2116,barangnya bagus bangett grafir photo namanya presisi sesuai orderan dikirim pulau jg packing aman respon seller jg pengiriman cepat,Love
2117,udah robek bungkusnya kertas kotor udah penjualnya pdhal biar ga kayak gini eh tetep aja bingung,Fear
2118,masukan error musnah,Sadness
2119,barang dah sampe suka banget barang nya kurir ramah,Happy
2120,order dual glass dikirim mono hddhh g,Anger
2121,aromanya aneh lemongrass yg beli,Sadness
2122,catatan beli produk karna hadiahnya diperhatikan mengadakan mesti transparan hadiahnya disayangkan akun oficial store toko pedia mesti meninjau promosi transparan menjebak semoga kecewa,Fear
2123,bola bagus bagus orang anak suka,Love
2124,seringkali berbelanja dikumpulkan aamiin,Love
2125,warna yg dipilih kuning knp dikasih yg hijau,Anger
2126,sy pake sameday dtgnya besoknya smtra sy byr jam respon rugi tau gt sy ga ush pilih yg sameday mksd jd rekomen,Fear
2127,gampang lepas nempel,Fear
2128,sampah asli bagus,Anger
2129,ukurannya pas cepat menyerap lecet udah langganan harga murah dpt yg trs dikasi sample susu sukses seller,Happy
2130,cacat rumah,Sadness
2131,bahannya sih bagus sesuai pesanan muat ya kado trmksh,Happy
2132,penjual bertanggung materi celana adem direkomendasikan,Love
2133,baterai rusak bilang menghubungi pemasaran menunggu minggu kelanjutan,Anger
2134,parah sih bukunya sobek kali cek kondisi bukunya kirim,Fear
2135,barang diterima bagus dlm warna jg sesuai dg yg bungkusnya bagus mantap suka deh makasih penjual makasih tokopedia,Happy
2136,penipuan barang dikirim hvs menyadari menyelesaikan permintaan,Fear
2137,pengiriman sesuai estimasi,Fear
2138,tenang barang dgn maslahat yg ekonomis kualitas barang tdk ekonomis recommended seller nih,Love
2139,membeli guys,Fear
2140,yg filter enga terima yg cuman yg yg enga,Fear
2141,cocok anak anak kl dewasa kepala nyekek warna bagus sesuai pesanan,Happy
2142,waaah senang membeli peralatan menulis joyko loosea barang bagus harga terjangkau penjual cepat respons bahagia top,Love
2143,muatan yg dikirim gak senilai promosi mengecewakan,Anger
2144,sesuai yg digambar,Fear
2145,koneksi perangkat susah konek seringkali putus buku petunjuk minim info pdhal beli pilihan yg mahal yg terima barang spt,Fear
2146,barang bagus berkualitas admin ramah jujur top pokoknya,Love
2147,tolong pengiriman tanggung paket habis berenang comberan gak isinya pakai masuk bak sampah,Anger
2148,barangnya bagus bangett harga affordable kualitas lumayan gokil sihh,Love
2149,barang dilipat catatan barang digulung dilipat,Sadness
2150,wow murah pengepakan elegan produknya bagus keren uhuy pisan hehehehehe,Love
2151,nya lakban tokopedia suruh komplain pelayanan nya buruk admin chatting nya buruk melayani customer,Fear
2152,beli pembatalan mengubah alamatnya penjual menolak pembatalan konfirmasi,Fear
2153,proses pesanan cepat packaging aman packaging rapi,Happy
2154,berfungsi,Fear
2155,keluaran terbaru butiran berwarna biru didalam gel hand kecewa manfaatnya keluaran terbaru menarik butiran berwarna birunya foto produk butiran birunya kecewa banget mesan takut yg aja barangnya sedih,Sadness
2156,mending cari penjual klo beli pet cargo seler dr seller biut markup asli nya biut dr ekspedisi dg alasan dimensi padhal barang nya alami bentuk blm install ringan beli seller gada dimensi,Fear
2157,genting toko ga nya,Fear
2158,keripik tempe dihancurkan tengik makan,Anger
2159,kecewa sih gambar tarok tas aslinya mleot klu beban berat gantungan baju nggak kecuali gantungan ukuran bahan nya tipis tp gitu,Sadness
2160,sesuai cahaya putih permintaan lampu hijau,Fear
2161,brue brue bottle brgt bgt,Anger
2162,membeli memperhatikan,Anger
2163,segel orion kunci yg difoto kemasan coba komplain sertakan video unboxing kurir ya gak kepikiran klo produk segel ya jaminan komplit terpaksa beli kuncinya kecewa,Sadness
2164,penjual fast respon kualitas barang bagus sesuai spesifikasi cacat,Happy
2165,nunchuck berfungsi harap perhatikan barang dikirim pelanggan kecewa,Sadness
2166,kirim pangsa ga ngotak resolusi arbiter tokopedia useless,Anger
2167,makasih gan sukses selaluu pelayanan mantapp barang asli sukses seller semoga kasih harga pelayanan yg mantapp,Love
2168,oke banget barang lembut anti bakteri barang premium enak dipake deh udah beli beli murah gak murahan,Happy
2169,gila pengiriman cepet banget dr surabaya bogor fast respont barang ok sesuai banget packing rapi recomended seller euy ma kasih gan thanks toped,Love
2170,alat mudah barang sesuai deskripsi packaging aman bagus pokoknya rekomend,Love
2171,memiliki botol isi ulang beli botol stiker dermatologis,Love
2172,barangnya kerennnn banget sayangnya bungkusnya plastik shg terkesan premium overall kuereennnn terimakasih,Love
2173,sellernya sombong gak sopan,Anger
2174,beli dibuka noda hitam yg kemeja putih cuci hilang,Sadness
2175,pict real pict pengiriman cepat kemasan cepat rapi layak hrga pesanan,Love
2176,pengemasan cepat pngrimn cepat produknyq beda kualitasnya yg kapasnya tipis bgt gmpng nerwang gx kpasnya tgh gx kapasnya pnts murah yahh kemasn jg sya beli gx kya gni amet maaf ksh bntang,Sadness
2177,respon cepat terimakasih,Happy
2178,barang sdh dtg packing rapih led nya tdk nyala brg dtg sy lg travelling pas coba led tdk nyala hubungi tokonya tdk bertanggung krn status order selesai selayaknya brg test dikirim pembeli utk berfungsi,Anger
2179,jelek membeli harga murah harapan murah materi mohon maaf penjualnya,Anger
2180,penjual responsif diajukan barang yg dikirim jd kecewa bngt ndak recomended sm penjual kyk gini saran bwt toko cari pegawai sikapnya enak responsif pelanggan pelanggan puas senang pelayanan,Fear
2181,beli kirim keluhan tanggapan kerugian beli solutive kapok,Anger
2182,bak kemasan bak rumong,Anger
2183,beli ngeblur dipakai zoom menghubungi cs nya suruh klaim garansi aja alamat ga hadeuhh webcam jutaan kualitas sampah,Anger
2184,minum beda,Sadness
2185,barang bagus gak mudah robek bahan plastik,Happy
2186,orderan sesuai packing aman,Happy
2187,cepet nyampenya bagus bukunya,Happy
2188,beban tipis cocok tebal berhenti berbelanja,Fear
2189,gak sesuai ekspektasi klo simpan yg berat recomended prosesnya klo prosesnya gak sampe sampe cepat kali ya,Fear
2190,beban sesuai,Fear
2191,proses tipis,Fear
2192,bagus kualitas nya kemaren beli ditoko sebelah harga kualitas lumayan yg boros bikin kamera heat,Sadness
2193,mantap deh gak rugi dah beli cepat selamat barangnya langsung,Happy
2194,pemesanan kesudahannya apik mengecewakan laminatingnya mengelupas potongannya apik bolongan menonjol,Sadness
2195,sesuai deskripsi pemrosesan dikirim,Happy
2196,sesuai ekspektasi bahan tipis modelnya yg bagus,Fear
2197,terbaik intinya pengepakannya elegan bekamnya,Love
2198,penjual beban dagangan diterima revisi sumber daya manusia diselesaikan uang dikirim penjual uang,Anger
2199,mantap sesuai pesanan trimakasih,Happy
2200,buku original harga murah dibandingkan ditempat seller ramah packing rapi buble wrapnya tebel banget puas maksimal terima kasih seller,Love
2201,nga sesuai yg harapkan pingin yg jd cenderung kasar jd nya,Sadness
2202,mantapp mengisi respons elegan direkomendasikan,Love
2203,beli bungkus bahan pembungkus plastik berbeda terbuka robek,Fear
2204,ukurannya pendek,Fear
2205,top bgt,Love
2206,memesan bentuk ikan dikirim kue diare,Fear
2207,produk seimbang deskripsi penjual dikirim sembarangan solusi instruksi ditulis deskripsi,Fear
2208,mantapppp fast delivery langganan trs,Love
2209,sulit membuatnya mengerti pengemasan rumit robek merobek kertas acc kangmas,Anger
2210,barang original berkualitas pengiriman cepat,Happy
2211,pesanan diterima bagus sesuai thxxxxxxxxxxxxxxxxxxxxxxxxx,Happy
2212,pdhl tangsa membeli suvenir susu buruk,Anger
2213,kasir mata cetak ayam kecewa,Sadness
2214,mantap,Happy
2215,barang lengkap yidak belanja toko remi loreal,Fear
2216,barang sesuai dgn pesanan pesanan imo yg kirim merk huangmi,Sadness
2217,parah prosesnya banget semoga pelajaram team logitech,Fear
2218,lengkap gan trins,Happy
2219,niat main televisi gak bs tampil tv return kondisi bgini susah yasudahlah,Sadness
2220,keras tangan sakittt yg dijual paket bagus yg dijual lepasnya beda bgt nyesel beli,Fear
2221,besi pengganjal ga jd ga mengunci,Sadness
2222,charging dkrim tp indikator ga nyala dgnti charging tp ongkir dibebankan k konsumen,Sadness
2223,barang ok,Sadness
2224,alat bagus harga sesuai kualitas masuk akal dibandingkan merek harga kualitas penjual responsnya responsif cepat,Love
2225,dikirim untung video unbox proses komplain nya barangnya bagus tp pelayanan tokonya jelek,Sadness
2226,beli komputer alami hambatan menempel kartrid rumah pergi langkah ikuti panduan,Fear
2227,warna setaraf yaudalah drpd ngirim,Fear
2228,kali teliti tolong dicek barang dikirim jgn sampe salah pesan nutrilon kaleng tp yg dikirim satunya nutrilon,Sadness
2229,lem kualitas aibon,Anger
2230,menjual al saudara elemen cocok gambar elemen membelinya sesuai gambar layar memesannya sesuai harapan gambar elemen asli penawaran,Sadness
2231,audio gambar settingan ps ganti rgb gambarnya,Fear
2232,kardus bekas dijual itupun rusak susu nya,Anger
2233,memilih varian hitam dikirim putih kehabisan mengkomunikasikan pembeli fitur obrolan mengirimkannya mengeluh,Anger
2234,harganya ok banget keiritan solution tineco lantai jd keset bersih wanginya ga lebay mantap,Happy
2235,mantep keren oke barang nya,Happy
2236,item cocok warna orang kulit hitam berwarna hitam warna pengiriman coklat barang bagus,Fear
2237,tubuh bennita,Love
2238,baguusss sarungnya,Love
2239,barang dikirim deli raja drama ecom atupun oranye beli kalo ngadain promo complain kekurangan barang dikirim acc alasan stok kosong dana dikembalikan sesuai harga promo kalo ga niat bikin promo tolong ga bikin kalo nama deli jelek deli rugi bye ga beli deli,Fear
2240,material produk bagus ukuran produk sesuai warna produk sayang karetnya krn bocor test simpan air,Sadness
2241,item cocok pesanan silakan kumpulkan item berhati,Fear
2242,desinfektan yg baguss ulasan videonya respon penjual cepat pengiriman cepat thank seller,Happy
2243,diskon kecurangan barang sesuai harganya,Fear
2244,barang sampainya respon penjual lambat mengecewakan,Sadness
2245,alhamdulilah barangnya sampe ukurannya sesuai yg gambar bermanfaat kegiatan belajar mengajar pesantren,Happy
2246,toko bodoh diisi barang rusak sesuai tujuan beli toko bodoh membeli kipas mini usb ayat toko paket hasil rumah memulihkan uang dibayar uang mini penggemar pembatalan bodoh pelanggan berpikir kali berbelanja toko orang bodoh pindah pindah kecewa membelinya jangkau kasih,Anger
2247,best bgt sih fast respon best price prosesnya cepet bgt helpfull dibantuin geser tgl tgl booking mendadak halangan kirain hangus tiketnya gak taunya dibantu proses reschedulenya pokoknya best bgt langganan,Love
2248,barang kasih rusak sungguh mengecewakan mainan nya nyangap kapok beli,Sadness
2249,makasih ya barang sesuai pesanan lgsung cek certieye nya packingnya mashaallah rapi bener safety semoga sukses,Happy
2250,botol potongan pakingnya zonk bgt,Anger
2251,barang sesuai deskripsi cepat,Happy
2252,kecewa parah nggk berkah jualan gitu,Sadness
2253,gak sesuai harga kualitas nol,Anger
2254,barang sesuai mm tipis sesuai pcs yg dtg pcs jelek,Fear
2255,terima kasih gan barang diterima aman berfungsi sesuai pesanan kondisi aman lampu menyala tambahan packing kardus bubble wrap membantu,Happy
2256,pengiriman dibeli harapannya kaya ulasan youtube padatan kering rantai pengoksidasi wrn ringan memakan nasi ayam bibir bibir,Anger
2257,songgong shop rombeng biaya dikenakan konsumen penjual gelembung dikumpulkan pembeli,Anger
2258,rombeng,Anger
2259,barangnya sesuai dgn pesan estimasi pas banget mantap cuman sayang speaker sebelah kiri gk berfungsi yg bersuara hnya sbelah kanan,Sadness
2260,kecewa seller toko nya beli produk flash sale tp stok kosong udah gitu kirim nya banget seller nya jaka sembung,Sadness
2261,check nya gampang bgt kasih liat aja invoice ktp next order voucher makasih,Love
2262,gede balonnya yg iklan,Sadness
2263,produk original,Happy
2264,pake seminggu rusak,Sadness
2265,beli bungkus yg bahan plastik pembungkus nya beda kebuka sobek,Fear
2266,bukunya bagus bgt semoga anakku suka pengemasannya rapi cepat yg lecet dikit tp seller bertanggung jwb ksh diskon respon sellernya ramah thanks yaa,Love
2267,kunci berkurang garis muat garis kunci jalur kardus sehat lengkap mempersiapkannya klik silakan periksa kali mengirim,Fear
2268,udah chat ditulis deskripsi udah dikonfirmasi ulang aja dikirim warna putih syarat full black transportasi banget amanah,Anger
2269,terima kasih melayani products bagus packaging nya aman products sesuai foto harga bersaing bagus pengiriman cepat very recommended shop seller next blanja deh semoga maju sukses ya,Love
2270,puas ama pelayanannya ngeladenin ama request penuhi smua ama hotelnya best view ngadep zen deck nya,Happy
2271,berfungsi dngn playanan toko bagus saran belanja ditoko gak bikin kecewa pelanggan best best toko,Love
2272,bagus bgt sumpah harga murah bgt,Love
2273,terimakaasih pesanan pas,Happy
2274,ikan bagus,Love
2275,kualitas produk bagus,Happy
2276,bahannya tipis,Sadness
2277,barang sesuai terima kasih,Happy
2278,kecewa anter aja basi kopsus sameday nyampenya malem,Sadness
2279,kekecewaan anak era memuat kain bagus kecewa,Sadness
2280,pengiriman seminggu membutuhkan cepat beli supermarket baka,Fear
2281,kuat lem nya lemah,Anger
2282,perlawanan penjual lemot melayani bahan kaos mudah melar pakai perangkat cuci,Sadness
2283,register call center team orbin helpful sekedar info gerai orbin buka telp suruh cari google cari nomor telp hubungin salahnya info valid menyesal beli orbit call center team orbin helpful sekedar info gerai orbin buka telp suruh cari google cari nomor telp hubungin salahnya info valid menyesal beli orbit,Sadness
2284,flash yg simple pengaturannya harga terjangkau pemula oke sayang pro hehehe,Happy
2285,apapun lengkap sabar barang cepat packing rapih terima kasih admin nya,Happy
2286,pesan lampu bubble wrap tp bubble wrapnya dijadikan pelanggan pesan bubble wrapnya,Sadness
2287,barang tdk solusi,Fear
2288,bgt,Anger
2289,kualitas,Sadness
2290,kualitas karung bagus pengiriman,Sadness
2291,barang original aseli aman,Happy
2292,seukuran deskripsi yg muat rumpun aja kekecilan panjangnya,Fear
2293,lumayan pemanasan,Happy
2294,packing rapi barang aman kwalitas pengiriman cepat harga sesuai barang ori thank u seller toped jasa pengiriman positive job,Happy
2295,membeli pesanan tgl diselesaikan sejarah tanggal tikus tikus mengeluh dukungan,Anger
2296,terima belom tau kwalitasnya semoga awet en bagus thks alls,Happy
2297,zonk bgt,Anger
2298,beli sepaket standnya sampe kupang ntt krn buru free ongkir wkwk kainnya emg tipe kasar tangan cocok dipake green screen krn ga gampang robek n kotor pake rekam video ngejreng pas kalo beli standnya lupa beli jepitnya,Happy
2299,warnanya sesuai permintaan,Sadness
2300,wih mantap sellernya pesen siang menjelang sore langsung sat set sat set malemnya udah sampe makasih seller,Love
2301,sesuai,Fear
2302,barang dikirim pembeli mengirim toko menolak,Fear
2303,gk dpake asli nyesel,Fear
2304,gua rekomendasi jgn beli toko ndak amanah skali beli bola keliru ngasih tikar ok maklumi kembalikan barangnya kirim ulang customer ndak difollow skali sampek skarang uda stngh dikirim,Fear
2305,maaf ulas sibuk nyablon barang terima pengiriman cepat ga nyampe jam respon seller oke kualitas josss packing oke langganan recommended seller mohon maaf menyertakan photo produk dijahit dikirim pokonya bagus pembelian kesekian sekian sekian sekian kali terimakasih sehat,Love
2306,bolong coy packing parah bgttttt lakban dicabut,Fear
2307,barddi membantu mematikan alat jam tidur hidup pagi rumah alat bardi cctv mengaksesnya mudah rumah keren,Love
2308,hipseat mengecewakan gendongan bayi dihubungkan kunci pengaman hipseat pelindung bayi pelindung kap bayi tersedia,Fear
2309,material produk bagus kualitas produk bagus ukuran produk sesuai produk original,Happy
2310,full leather kecewa full leather seller kasih info pakai kanvas pakai kulit,Sadness
2311,packing ok seller lekas kirim berguna organize koper biar gak acak acakan semoga awet thank seller,Happy
2312,barangnya jelek ngerusak filter ac pdhal blm lm ganti,Sadness
2313,barang yg dikirim penjual janji dikirim sy order order dateng disertakan kekurangan barangnya penipu sellernya,Anger
2314,muananntttaappp syamsul,Love
2315,barang bagus pet nya tebel,Happy
2316,barangnya original mutu terjamin sni gampang dipakai hemat listrik modelnya keren hemat listrik,Happy
2317,barang berfungsi packaging aman,Happy
2318,liat flash salenya langsung beli ndak buka deskripsi i mean unilever official store gitu expirednya sisa beli hand sanitizer merek sebelah pas sale expirednya pantes cepet banget diproses diproses jeda menit pelajaran percaya brand tetep kudu baca review deskripsi,Fear
2319,belinya dikirim teliti mengirim pesanan,Fear
2320,produk sesuai deskripsi talenan tipis pisau tajam enak dipakai grip gagang nyaman,Happy
2321,kualitas sesuai harga pengiriman cepat,Happy
2322,dlm box,Fear
2323,plastiknya tebal desainnya keliatan kokoh langsung dipakai utk zoom hape stabil awet,Happy
2324,sungguh kecewa dg membeli masker produk krn isinya yh dos pieces pieces masker tdk talinya shg tdk mestinya mohon perhatiannya tks,Sadness
2325,buruk,Anger
2326,pengiriman sesuai jadwal pengiriman proses proses anjurkan jgn beli toko pelayanan buruk cepat membalas chat beli klau beli bales read,Fear
2327,lamaaaa bgt hr kaya preorder barang proses stlh blm kirim barang sampe komplain nya terima ga cancel komplain nya ga penjelasan,Fear
2328,pengiriman cepat packing rapi,Happy
2329,maaf kecewa pengguna farhampton beli tester isi tester farhampton menggoncangkan cinta wujud beli yg pas ketahanan projectionnya kalah testernya wanginya tenyata menggoncangkan cinta testernya wanginya ok,Sadness
2330,menulis motif semen besi menyelamatkan penjual motifnya alih mengirimkan motif acak,Fear
2331,kelengkapan sesuai game nya seru gaming terbaik kesekian kalinya beli dsni aj memuaskan memuaskan memuaskan intinya seller responsif seller ramah komunikatif bgt dah packing jg rapi bgt proteksi pengiriman terjaga barang sesuai original pastinya proses pengiriman cepat dapet bonus tumbler nya thanks yh gan lo beli dsni langsung aj gk ush recomended mengecewakan perfect mantap top markotop the best of the best thanks yh gan sukses dah,Love
2332,adminnya kebanyakan lamban bgt kecewa banget dehhh,Anger
2333,dites pake tongkat jepretannya mantep bgt pas beneran dikasi umpan tikus semalem umpannya ngilang ga tikus yg ketangkep,Happy
2334,gak sesuai yg pesannya merk yg kirim nya dompet ginian sdh gitu rugi pas retur gak ganti ongkir nya,Sadness
2335,item kecewa,Sadness
2336,murah segagasan laba barangnya kerass banget butuh tangan ringan gak berat jd utk laba murah ya gausah ekspektasi,Fear
2337,makasiih krudung nya bagus istri suka,Happy
2338,proses cepat pengiriman cepat dapet promo thanks seller,Happy
2339,mantaaaaap jaya gan sukses bisnis menjaga kualitas terbaik termurah fitur rentang pencarian harga,Happy
2340,barang rusak,Anger
2341,barang yg terima rusak pecah krayonnya ngga tau kesalahan toko karna dikemasnya bersemangat pengirimannya kecewa,Sadness
2342,toko ga niat jualan beli tanggal dkirim tanggal beban sih bagus pelayanan ngga banget senilai review,Sadness
2343,kantong tidurnya tipis,Fear
2344,barang sesuai warna mesan hitam kasih warna brown pengiriman tp barang bagus,Fear
2345,yg beli yg twin pack varian yg sih isinya penuh yg isinya bgt tepos kyk dikurangin gitu dikirim yg segel plastiknya yg parah sih,Anger
2346,puas sekaliii dpt harga flash sale berfungsi sesuai deskripsi disfuser bbrp tetes aja harummm,Happy
2347,driver ngaco tokonya beban smart namanya bengak awak kasih puas komen jg lu bintang satunya driver,Anger
2348,barang dibungkus pakai bubblewarp trs pecah gatau jasa kirimnya pengemasannya jasa kirimnya bgt asli lumayan kecewa,Sadness
2349,pengiriman telat sehari barangnya bagus,Happy
2350,cepat n kemasan bagus barangnya bagus,Happy
2351,produk diterima baikk sayangnya box penyok tambahkan opsi bubble wrap biaya buyer menerima box sempurna,Happy
2352,dikirim bor nya tinggal ngirim ngirim kotak ongkir sengaja dibikin repot,Anger
2353,jelek krn paket komplet,Anger
2354,mantapp,Love
2355,sidik jari jdi layar kusam karna sentuhan efek kaya kertas nya gue ga ngaruh nya ga tuh kesan paperlike nya kaya deskripsi fotonya sebatas pelindung anti gores aja si,Fear
2356,dicek utuh ya kemana sisa nya krn butuh yaudahlah tau beli beli,Anger
2357,pengemasan cepet banget pengiriman jgn diragukan cepet bgt pake instant bener bener instan jam pesen sampe mantul produk kualitas bagus,Happy
2358,packing barang mengecewakan kotor bocor musiknya jg ga jalan baret,Anger
2359,kaki mainan robot hulk silakan periksa mengirim brh,Fear
2360,buku pesan memiliki halaman kosong menukarnya,Fear
2361,beli isi ulang pulpen yg dikirim isi ulang pulpen kalo jualan teliti jujur gan sayangnya gak video unboxing kalo komplain gak buktinya rugi ya udah diiklasin aja smoga dijadikan plajaran pembeli pintar,Fear
2362,warnanya permintaan,Anger
2363,barang pecah,Sadness
2364,tenyata gak bagus utk kucing jantan saluran urine nya,Fear
2365,lampu dikeringkan dipasang,Sadness
2366,jelek dicoba udah rusak giginya ga pencet,Anger
2367,warnanya pekat aplikator mudah dipakai proses pesanan cepat,Happy
2368,smart schedule nya ga nyala aplikasi nya failed,Sadness
2369,pembelian makmur barangnya produk one gemar produk recommended anabul,Love
2370,elemen berkualitas buruk patah patah kaki patah dilepas menggunakannya membuangnya,Anger
2371,toko bodoh diisi barang rusak sesuai tujuan beli toko bodoh membeli kipas mini usb elemen toko hasil kategori tanah air dana pemulihan uang usb mini pengagum elemen kosong bodoh berpikir agen asia kali berbelanja toko bodoh kekecewaannya membelinya terima kasih,Anger
2372,mesen dateng ngk nih toko periksa invoice nya kalo dikirm tuh barang bikin kecewa aja,Sadness
2373,kecewa sesuai descripsi ukuran yard boong banget tipis,Sadness
2374,langganan,Love
2375,pesan kemarin sore uda packing super aman dobel bubble mantapppp edit ulasannya coba terima kasih,Love
2376,respon cepat kemasan rapi harga murah barang istimewa,Happy
2377,okkkkk pokoknya,Happy
2378,pecah packing aman,Sadness
2379,terimakasih barang sdh diterima dicoba enak,Happy
2380,bagasi bagasi erti ekonomi kualitas barangnya penjual ekonomis,Love
2381,item berlipat ganda plastik bungkus gelembung dihancurkan diterima beruntung isinya lengkap penyok besi,Fear
2382,produk gak dikirim,Anger
2383,modelnya cantik bahannya adem nyaman dipakai jahitan rapi warnanya cantik mudah dibentuk,Love
2384,cocok bersihin layar hp cepat kotor kena keringat main game dipakai telepon cairan pembersihnya bening disemprotkan bentuknya embun gitu engga berbau bentuk alatnya compact sekilas vape ukurannya awkward disimpan saku engga engga pengirimannya cepat overall puas belanja barang,Happy
2385,sumbu lilin nyala susah api jelek,Sadness
2386,barangnya mantabs bingit tokonya recommended banget,Love
2387,bebas bahan kimia proses cepat hemat listrik boros listrik muat gampang bahan kokoh gampang dipakai penjualnya ramah banget proses pesanan cepat packaging aman packaging rapi respon penjualnya top,Happy
2388,produk bagus kualitas ok kuat pengiriman cepat packing aman,Happy
2389,mengulangi pesanan,Love
2390,gamepad packing std gamepad normal satunya hilang kemana cek kesalahan pembuatan pabrik produk gagal semoga ditingkatkan ketilitian pengiriman tangan konsumen stik gamepadnya terpaksa main pakai cabutan stik beda merek warnanya hitam gamepad normal sayangnya tombol semoga gamepadnya awet makasih,Fear
2391,recommended komunikasi lancar instruksi gampang diinstall terima kasih,Love
2392,hancur patah patah,Anger
2393,penjual nyaman saran dikirim niat penjual tolong orang membuatnya,Fear
2394,proses cepat top seller responsif,Love
2395,palsu setuju g berfungsi calon kasar sakit kalo dipakai,Anger
2396,beli barang rusak disuruh benerin,Fear
2397,packing aman makasihhhhhh,Happy
2398,harga kualitas build bahan tubuh bagus bahan plastik kuat menahan beban ponsel kadang jatuh tripod ponsel tertunduk penggunaan gunung batang memecahkan catatan foto meletakkan tripod pemegang merek pemegang default bagus,Sadness
2399,aglikk,Anger
2400,bahannya enak gak gerah dipakainya,Happy
2401,udah dateng proses cepet thankyouu,Happy
2402,pembelian pelayanan terburuk respon kirim,Anger
2403,barang basah berair bau kwalitas bagus spt digambar cat nya byk yg terkelupas,Anger
2404,sebenernya kualitas barang nya bagus build quality oke utk barang rekondisi utk memainkan game barang bahasa jepang keterangan deskripsi barang chat seller balasan yg slow respon seadanya bahasa diganti mohon dituliskan deskripsi fast respon pembeli yg complain,Fear
2405,bagus banget top,Love
2406,kualitas barang bagus harga murah,Happy
2407,kekecewaan elemen lengkap wanita hamil silakan periksa anak menangis marah,Sadness
2408,mantap banget kualitasnya gak diragukan,Love
2409,paten mantab rapi high quality fast respon rekomen bingit,Love
2410,pelayanan gercep mantep cuman kualitas suara harga mah mantep,Happy
2411,umpanya gx jalan,Sadness
2412,beli kacamatanya kotor usang,Fear
2413,mengecewakan sih seller friendly,Sadness
2414,patah dasar baut patah ane lem aja moga terpakai mo balikin rugi ongkir terima nasib aja,Sadness
2415,harganya murce makanan ringan camilan emas menyelamatkan penjual gerder rumah langganan,Love
2416,warnanya sesuai gmbar,Sadness
2417,pemasangan mudah aksesoris pembantunya lengkap produk sesuai ekspektasi,Happy
2418,barang gampang rusak,Sadness
2419,barang rekondisi kali jualan jujur bos barang bekas direkondisi,Anger
2420,selamat malam dipasang sore dipasang dipasang dicoba memobilisasi akurat aman produk tanda layanannya disarankan toko terima kasih,Love
2421,bahannya bagus adem,Happy
2422,bahannya nyaman nyaman punggung nyaman punggung desain ergonomis desain ergonomis beban tersebar merata beban tersebar merata gampang dipakai gampang dipakai bahannya fleksibel penjualnya ramah banget proses pesanan cepat proses pesanan cepat packaging aman packaging rapi packaging rapi respon penjualnya top,Happy
2423,xiaomi cocok tombolnya empuk bentuknya keren,Happy
2424,buruk kotak model pra,Sadness
2425,kemasan disegel spesifikasi sesuai warna sesuai pesanan,Happy
2426,elemen berfungsi memilih mengklik perlakuan langsung klik kesalahan penjual jawabannya kesalahan produk setl dipaksakan ulasan diedit bintang model kabel,Fear
2427,ok,Love
2428,barang disuruh ngambil ngga rekomen banget,Fear
2429,packing rapih terimakasih,Happy
2430,kualitas barang rusak terbuka,Anger
2431,bagusssssssssssssssssss,Love
2432,hidup,Fear
2433,barang dateng kondisi pengiriman sesuai estimasi seller fast respon terima kasih,Happy
2434,uenak bangetzzz udah berulamg kali order,Love
2435,lakban tipis yard kecewa,Sadness
2436,bahannya buruk kecepatan rusak tali meninggalkannya,Anger
2437,barang rusak charge hp nggak ngisi udah ngisi ee tau tau ngilang susut kirain changer coba dgn kabel bagus besoknya coba msh ya barangnya yg bagus,Fear
2438,ga tanggapan komplain beli kecewa,Sadness
2439,bagussss bangeeettttt,Love
2440,cantiik kertas kadonya packaging ok mantab langganan toko,Love
2441,puas penjual tineco barang respons cepat dikirim kualitas,Love
2442,kecewa produk,Sadness
2443,harga sgitu penjual pakai teliti,Happy
2444,pengiriman kurir gagal mengambilnya berat pengemasannya tipis bublewrap strikan panas,Fear
2445,mantap bgt,Happy
2446,mantulll recommended seller,Love
2447,toko barang rusak dikenakan biaya konsumen penjual gelembung dibebankan pembeli,Anger
2448,barang yg dikirim sesuai motifnya dg yg dipesan kmd mengirim brg tsb ditukar tdk sy lakukan krn effortnya kekurir bayar ongkir yg krn salah customer seller yg ceroboh tp customer yg kena ongkir retur effort tuk kurir ditengah pandemi,Anger
2449,warna putih penjual hijau penyebab capo,Anger
2450,keren harganya murah,Love
2451,pinggiran buku sobek karna packagingnya,Sadness
2452,pas pcs ngiket rambut pas ga kekencengan ya kalo saran tambahin bubble wrap biar safety pouch nya kegunting pengemasan,Fear
2453,bau makanan nyaman enak,Anger
2454,barangnya mulus,Happy
2455,barangnya kemasan,Anger
2456,pesanan sy rumah sy sesuai alamatnya,Sadness
2457,buku berisi halaman kosong menukarnya,Fear
2458,pengiriman respon penjual jg lambat,Sadness
2459,top markootooop,Love
2460,beli sabtu sampainya kamis,Anger
2461,kipas ok packingnya rusak dosnya terbuka,Happy
2462,beli paket paket bintang tl,Anger
2463,mengulangi permintaan,Love
2464,bajunya bagus bahannya adem oke banget,Happy
2465,pelanggan,Love
2466,pake seminggu udh rusak bahannya sambungan brudul ga dijahit ulang dtg rapi,Sadness
2467,barang sesuai deskripsi bagus murah packing rapi recommended bgt deh,Love
2468,penjual motifsuuuu lucu,Love
2469,produk sehari membayangkan terpengaruh analog,Anger
2470,kemasan rapi n baju sesuai pesanan pengiriman cepat makasih,Happy
2471,mantap bermanfaat,Happy
2472,lumayan biar pelayanan ala kadarnya main kadang layar loss signal wii console nya trus beli hardisk isi,Fear
2473,pakai box extended kardus unitnya aja penyot kecewa kasih bobble warp kek,Sadness
2474,upload transfer file komputer player padalhan gonti usb cable data yg terbaik update usb drive nya beli external memory card tertulis internal,Sadness
2475,bawaan komplain direspon materi yg beli cek,Fear
2476,pesen bak mandi dikirim strap ngaco ditanyain bolak kaga solusi beli strapnha dikirim bak kali kalo salah ya akuin salah,Anger
2477,ga dikirim gawat,Anger
2478,beli kg dimix pisang yg msh hijau kuning eh dikirim kuning hadeeehh,Fear
2479,pengalaman buruk belanja toko official barang terima menyala bertanggung replacement ajukan servis center barang pengganti plastik wrap segel berbeda yg dikirim seller ntah repack barang yg bermasalah beda batch respon seller profesional sekelas official store,Fear
2480,maaf kasih ulasan buku nya bagus berwarna tulisan nya brapa halaman lem nya gx kuat ya copot lembaran nya seller kurir oke,Happy
2481,maxi mengumpulkan pisau,Love
2482,barang dikirim tebal bahan tahan air cocok penjual udara respons cepat thx u,Love
2483,batery remote stick cepet habis signal remote kadang kadang ide awet signal stabil,Fear
2484,expiry date nya dijual sayangnya ga ambil video unboxing nya yaa ga nyangka aja gitu judul tokonya official store check barcode ga ga itemnya beda dg produk yg beli berbarengan,Fear
2485,kualitas josss dipertahankan,Love
2486,item penipuan,Fear
2487,sejalan yg dipesan hitam merah transportasi,Fear
2488,debessss,Love
2489,tingginya pas nahan beban hp packaging aman gampang dipasang kualitas bahan bagus proses pesanan cepat,Happy
2490,kecewa banget plastik seal ga rapet dialamnya banget semut banget komplain penjual ga tanggep bilangnya semut komplain pembeli alasan sih ga semutin aja goji berrynya ga kering packingnya penuh angin gitu ga seal rapet hey penjual lupa tuh customer service jualan salah ga bilang sorry prihatin penjual ga peduli parah banget gila jarang tulis ribet beli barang gini banget ga recommend urusan nih toko,Sadness
2491,item cocok dipesan pesan warna hitam,Sadness
2492,kualitas membangun retak air retakan air optimal,Fear
2493,pesan putih periode hitam ditukar smal putih ongkos kirim menanggung boong menggertak,Anger
2494,menggunakannya,Fear
2495,kualitas barang bagus harga relatif murah kiriman super cepat response penjual recommended seller bintang terima kasih yah semoga sukses aamiin,Happy
2496,barang worth money pengiriman amiibo card sesuai layered armor didapatkan dont afraid,Happy
2497,tolong cek baterainya gan baterai bekas dikasih pantes gak hidup suaranya,Fear
2498,pengiriman barang nya cacat tolong diperbaiki layanan nya,Anger
2499,akses sukses mudah hp nfc kirim ss kartu langsung dikirim,Happy
2500,membelinya colokan rumah mencobanya plug berbeda masuk,Sadness
2501,menerawang nyaman dipakai bahannya adem jahitan rapi,Happy
2502,orderan sdh dterima dgn fungsi respon pengiriman cepat terima kasih,Happy
2503,toko bodoh dikemas dikemas barang rusak sesuai tujuan beli toko bodoh membeli kipas mini usb memesan item toko hasilnya hasilnya hasilnya jatah rumah uang pengembalian uang usb mini penggemar barang kosong bodoh pikir pelanggan asia berkali berbelanja toko bodoh kecewa membelinya terima kasih,Anger
2504,sumpah bagus keren packing rapi bgt product girang sdh test berfungsi cloud nya bnyk ga basah ga noise filter dpt pc pake battery jd praktis ditaro dmn aja thanks seller,Love
2505,hadiah info hadiahnya mengecewakan sesuai dgn poto,Sadness
2506,barang yg terima sesuai pesanan barang yg order ukuran yg ukuran merek kecewa bgt order,Sadness
2507,bgs bgt suka terimakasih,Love
2508,produk cocok deskripsi penjual dikirimkan salah solusi instruksi ditulis deskripsi,Fear
2509,po udah sebulan gak cm kirim voucher janjikan minggu k juni kirim cuman sampe skrg udh juni blm cabut chat gak menyambut,Fear
2510,barang berfungsi bagus kali lampu birunya,Happy
2511,abis pencet beli eh cek murah produk dibawah ekspetasi,Fear
2512,item robek barang rijek kacau ni ni,Anger
2513,kualitas produk harga tertera nyaman dipakai suara keras berfungsi definitely would recommend,Love
2514,kecewa nih beda bentuknya yg mini mochi produksi jd sempit n cantik yg,Sadness
2515,bagus pengiriman cepat,Happy
2516,barangnya sesuai deskripsi semoga berhasil byee bye rontok respon bagus dr reseller good,Happy
2517,tergores kayunya patah,Fear
2518,alamak jujur ikatan plastik putih transparan ikatan plastik hitam aja biar rapih,Anger
2519,infra red nya jelek suka mental,Sadness
2520,menerima paket selesai,Anger
2521,penjual biru muda biru tua kemasan kotak plastik kain jilbab susah dibentuk rapi sesuai ekspektasi,Sadness
2522,kecewa membeli lgsg dibayar agustus september barang diterima mengeluh minggu tanggal pesanan hambatan kendala diikuti status pesanan dikeluhkan gantinya memahaminya memahaminya menyelesaikannya,Anger
2523,keras nya main kayk batu,Anger
2524,ekspedisi pengiriman banget pas ngajuin komplain kirim hadeh,Fear
2525,mengecewakan sih pesan dr item dikirim komplain dikembalikan php respon pengiriman pesan tgl diterima tgl,Sadness
2526,pengiriman seminggu membutuhkan lekas beli supermarket langsung,Fear
2527,barang dana gk,Fear
2528,judul deskripsi misleading bikin org salah paham udah keburu yg nyampe nggak sesuai pesanan blm dpt right light ya kl beli,Fear
2529,lapisan pelindung plastik wraping dus yg diterima penyok ember lecet pengiriman minggu sampe nya rabu jakarta beli nya toko official resmi bagus beli toko yg beli ditoko yg hadiah sampe harga murah packing bagus toko resmi hancur hadiah tutup aja tokonya,Anger
2530,proses pengiriman bahan tipis,Fear
2531,mempercayakan penyimpanan data mending pikir deh pakai blm minggu kartu langsung terbaca data yg bsa selamatkan proses garansinya aja pake estimasi sebulan yap sebulan mending beli yg aja merk blum terjamin kualitasnya be carefull keep healthy thx,Fear
2532,kualitas kurmanya top dagingnya tebal lembut packing bagus tutup box dibuka kurma dibungkus plastik order,Happy
2533,topinya warnanya pudar gak sesuai pic kecewa terimakasih,Sadness
2534,dikirim russakkkk guys gosh dahh,Anger
2535,admin cs nya ga nyambung nya,Anger
2536,baju bagus cacat harga bersahabat,Happy
2537,selller aneh uda berangkat tp tokped ga update gagal pick tp ga bilang jujur kalo paket dipick bilangnya berangkat,Fear
2538,mc deskripsi iklan paket terima pengisi daya ditambah kotak adaptor micro sd menulis,Fear
2539,kue nya alang dateng dicoba asem kue kakanda komplain penjual bilang nya dikonsumsi dimakan,Fear
2540,jualan ngotottt nggak gerak laku toko nya mas,Anger
2541,lupa dipesan toko,Love
2542,cat nya jelek banget detailing nya jelek parah murah sih ya gitu jelek,Anger
2543,add kardus tp gak dikasih packingan kurir jg udah robek,Sadness
2544,produk sesuai deskripsi penjual harga jg terjangkau pengiriman cepat kualitas produknya berbeda dgn spt tingkat presisi finishing nya keras utk setting bautnya yg original nya yg utk kamera pemberat helm,Fear
2545,pesan warna coklat yg warna abu abu kali tolong klo jualan profesional,Anger
2546,produk sesuai pengiriman cepat harganya pas flash sale oke banget,Happy
2547,ujungnya bompel kebentur pas ekspedisi saran packaging yg aman utk barang mudah pecah,Fear
2548,elemen rusak seminggu penjual buruk menanggapi jaminan obrolan,Fear
2549,not recommended seller,Fear
2550,informasi salah pengalaman menyenangkan membeli produk dbe mencari toko mengalir,Fear
2551,dipakai mindahin tabung gas kg seret susah maju rodanya jalan bobot tabung gas berat recommended utk tabung gas kg lbh ringan lancar rodanya berputar,Fear
2552,maaf menyerah uangnya mengapung,Fear
2553,bagus banget pengiriman cepat seller ramah tooop,Love
2554,produk gak dikirim,Anger
2555,produk donk asli,Love
2556,salep nya bikin sampe beli tgl eh tgl sampe untung salep doang kalo obat mah keburu mati yg sakit mending beli toko obat dah,Anger
2557,barang bagus packing rapih aman harga murah pegiriman cepat thank u seller,Happy
2558,toko langanan aing,Love
2559,warna kaoskaki sesuai pesanan,Happy
2560,bahan bahannya bagus penutup tape hole lubangnya mudah menarik sekolah menengah junior,Fear
2561,produk terima kondisi terima kasih,Happy
2562,tdk dpt hadiah,Sadness
2563,pengiriman super duper lamaaaa recommended,Fear
2564,produk bagus pas sesuai harga,Happy
2565,lumayanlah sesuai harga,Happy
2566,menerawang nyaman dipakai mudah dibentuk modelnya cantik bahannya adem jahitan rapi warnanya cantik,Love
2567,pengiriman cepat packing rapi beli item rekom bgt gaes,Love
2568,susut,Anger
2569,komunikatif,Fear
2570,beli jelek eror analog g kecewa,Sadness
2571,mantab deh sesuai ekspektasi lancar jaya ga ngelag ram krn optimize mi nya ui simple dr tv box overall puas,Happy
2572,barang terima dgn,Happy
2573,enak bgt pakai caesar pakai duduk jg nyaman bikin sakit rekomen pokok nya,Happy
2574,salah kirim beban dikirim item harga murah smart breaker terlanjur diselesaikan beli anak sungai,Sadness
2575,kw kirim brg bekas rusak tdk menerima komplain kapok bgt ga bkl lnja lg dsni,Anger
2576,kecewa produk sesuai deskripsi tertulis bahan aluminium yg diterima bahan plastik tertarik beli deskripsi tertulis aluminium,Sadness
2577,barangnya berkualitas pengirimnya terima kasih,Happy
2578,karung bkn bekas tipis ga sesuai gambar kapok belanja lg,Fear
2579,bahan jepitnya bagus awet dipake gak mudah rusak,Happy
2580,alhamdulillah bagus material produk bagus produk sesuai produk berfungsi,Happy
2581,pengemasannya rapi jabodetabek perjalanan aman,Love
2582,safely landed next day expired penyadur lamaa thank much,Love
2583,packing seadanya bubble selapis ditambah lapisan plastik hasilnya barang diterima patah,Sadness
2584,harganya mudah rusak disarankan kualitas pekerjaan mengejar murah,Fear
2585,seller ramah responsif langsung dikirim pengiriman kain bagus green screen berfungsi terima kasih,Happy
2586,modelnya keren luarnya tebal dalemannya tipis bertahannya,Happy
2587,barang sesuai permintaan kumpulkan barang bagus,Fear
2588,berbaring efektif,Anger
2589,beli pepsodent paket pcs yg dikirim complain video unboxing gue tau isinya karna gue buka paketnya wey kalo gue tau isi paketnya udah gue video,Anger
2590,respon profesional membantu dng pengiriman cepat kwalitas barangnya sesuai,Happy
2591,kerennn data hp korea langsung,Love
2592,salah mengirim barang dikirimkan harga item murah diselesaikan dibeli kali,Sadness
2593,sarankan transaksi toko pesanan dikirim bohong klo,Fear
2594,barang sampe cepat packaging rapi sayang bbrp fitur tombol trigger ai lock nya ga toko mesti hub garansinya toko ga bantu mohon maaf ya kasih bintangnya puas trimakasih,Sadness
2595,barang basah berair bau berkualitas bagus cat ditarik dikupas,Anger
2596,mc deskripsi iklan paket terima pengisi daya ditambah kotak adaptor micro sd menulis,Fear
2597,busa gak motongnya busa yg telurnya kempes,Sadness
2598,baju nya tipis model celana nya gak foto gak real fict mnurut sablon nya licin cuci dijemur lengket lepas nyesel belanja gak sesuai dgn expektasi,Fear
2599,mantaaff,Love
2600,barang sesuai pesanan utk pilih xl kegedean tepatnya l,Happy
2601,kualitas jelek ngak pakai smartphone,Fear
2602,berfungsi,Anger
2603,barang oke sesuai pesanan,Happy
2604,penipu awas ditipu reply sy udah kirim bukti tambahan lwt wa krn tokped spacenya ga tp blng sy ga kirim bukti,Anger
2605,gak ad solusi semoga uang ny berkah ya mba,Anger
2606,jenderal oke,Love
2607,kekecewaan lihat brg aq pikir beban beda dgn fishing pen yg dipasaran tp sma mlah meragukan ketahanannya lihat fto ulasan smua typenya sma tp yg dikirim aq mlah beda,Sadness
2608,batre sesuai ukuran nano receiver,Sadness
2609,puas barang cepat sesuai yg harapkan,Happy
2610,barang bagus pengiriman bagus ramah pengiriman seminggu diterapkan tuhan kesehatan sukses terima kasih,Love
2611,material produk bagus ukuran produk sesuai kualitas produk bagus produk original,Happy
2612,sukaaa bangett kakanya ramahh bgt responsif jugaaaa thank uuu,Love
2613,zooonk produk tdk dlm paket yg sy order kecewa sm toko,Sadness
2614,pengiriman cepat packingnya rapi bagus harganya ok banget original ga nyesel belanja thank seller,Love
2615,mengecewakan,Sadness
2616,proses setuju cepet banget ng sampe jam langgeng proses ng lapak yg yg tanggerang pengiriman cepet banget recomended banget,Love
2617,bahannya adem halus ukuran gambar sesuai ngak foto,Happy
2618,mengisi soap handsanitizer dipercaya sabun,Love
2619,toko toko pasif,Fear
2620,barang cepat salah barang ab wheel aa,Fear
2621,bintang ya chargernya patah gak cari charger charger nya alatnya kesalahan pengiriman,Fear
2622,wangi nya enak banget bener kaya creambath salon,Love
2623,packing rapih barang ori berkualitas harga murah,Happy
2624,packing rapih fast response rgbnya bagus rekomendasikan,Love
2625,putih normal dikirim,Fear
2626,bahan tipis,Sadness
2627,mantapppp fast delivery langganan trs,Love
2628,barang pelayanan cepat packing aman barang sesuai deskripsi terimakasih sukses yaa,Happy
2629,gk kirim uang gojek hilang dehhh,Fear
2630,mantap banget barangnya sesuai murah pengemasan aman dus wrap next time order sukses lapaknya gan,Love
2631,toples bahan bagus tutup toples pita lubangnya mudah menarik sekolah menengah maaf ulasan bagus,Fear
2632,mantul banget response pelayanan seller lho kurun paketnya rumah aja kalo emang ditungguin,Love
2633,barang ga sesuai permintaan pdhl udh chat dl pesenan motif adh ok tp yg dtg tdk sesuain,Fear
2634,mantaaaappp tersumet sempurna,Love
2635,kecewa makanan yg kirim,Sadness
2636,gaes dikirim barang yg salah,Fear
2637,respon penjualnya top proses pesanan cepat packaging rapi packaging aman penjualnya ramah banget,Happy
2638,singlet lucu bahannya keren ketipisan cepat direkomendasikan toko,Love
2639,alatnya mati kak,Fear
2640,bagus produknya enak marumiya rice topping furikake nya bubur harga terjangkau recommended,Love
2641,penjual ramah barangnya bagus sesuai dgn pesanan packing rapi cmn pesan,Love
2642,bawaan pengangkutan kirim timbangan,Sadness
2643,barang dikirim jatuh tempo,Fear
2644,wanginya bikin enek pusing,Sadness
2645,pengirimannya cepat rapi makasih,Love
2646,terjemahannya nggak pas,Sadness
2647,puas banget bagus adminnya membantu tolong barang langsung terima kasih,Happy
2648,dicademarger lampu menyala dikembalikan berat ongkos kirim dikirim mengujinya segel diuji minimum rekomendasi bintang,Anger
2649,paaaaas banget ukurannya gantiin sampah barang bagus warna cantik miniso ga ngecewain sihkualitas product bagus material bagus harga terjangkau recomended,Love
2650,sdh repeat,Love
2651,barang mengecewakan,Sadness
2652,barang ok pengiriman cepat packaging aman rapi,Happy
2653,puas mantab,Happy
2654,udah notes pake kaleng nya rusak krn bekas selotipnya jd gak enak pegang nya pas nyemprot belajar dr request costumerlah,Fear
2655,laptop indah indah cepat,Love
2656,service mengecewakan,Sadness
2657,elemen penipuan,Fear
2658,bau parfum coffeenya enak alat nya,Fear
2659,belanja seller ramah trakhir kali blanja not recomment,Anger
2660,sulit membuatnya mengerti pengemasan rumit robek robek kertas ya,Anger
2661,produk sesuai pengiriman cepat packaging aman terima kasih seller,Happy
2662,belanja ribut lokasi hancur pembeli seller bertanggung menyerahkan asuransi spt pd screenshoot terima uda diraba kemasan hancur kembalikan langsung kurir dikomplain jawabannya spt pd screenshoot asuransi ribetnya tuh klaim asuransi,Anger
2663,motor sebelah kanan cepat panas tdk berpungsi motor kiri jg,Sadness
2664,buruk busuk,Anger
2665,barang sesuai iklan pesan catatan penjual pesan nomor ikan cupang sekian dlm catatan,Sadness
2666,ala cartenya leanding om tengkyu beli yg kesekian kali memuaskan sukses,Love
2667,pencetannya keras jd tkt cepat rusak airnya jd bau plastik dipakai,Fear
2668,barang kayu palang promo dikirim disuruh refund duit yg dikirim barang hak sale gajelas sale nya nipu bgt sale official store,Anger
2669,layanan seller jelektidak pemberitahuan deskripsi toko deskripsi produk order diatas jam proses besok alasan overload penjual telat memproses order konsumen memahami overload overload produk munculkan toko stop terima orderan konsumen korban overload sellersaya order ongkir reguler hasilnya free ongkir namanya bentuk penipuan konsumentokopedia platform berhati hati seller pelayanan terbaik,Anger
2670,bagasi gelagat uang menerima bagasi,Anger
2671,mintalah kuning emas emas buruk penjual,Anger
2672,celana orderan nomer dikasih,Sadness
2673,seller jelek ga recommended mending ga belanja,Fear
2674,jualan ngotottt nggak kelakuan toko nya mbakyu,Anger
2675,pengiriman buruk tanggapan penjual buruk,Anger
2676,barang nya salah krim kampas rem kasih oli gear hadeh kecewa,Sadness
2677,dapet bolong pelayanan gak ramah udh tau salah gak maaf pesen yg smpe kirim bsk dgn alesan ngbodohin customer pdhl beli dsni udh tp kali pembelian ngaret klo salah ya maaf boong paket jg kirim berantakan masukin sombong udh bnyk yg beli inget customer,Anger
2678,palsu dipakai harga terjangkau,Happy
2679,pejabat menautkan jawabannya,Anger
2680,ok buku sesuai pesanan,Happy
2681,kecewa membayar lgsg agustus september beban menerima keluhan minggu tanggal permintaan sabar batasan menyelesaikannya,Anger
2682,kali belanja mengecewakan pelayanan produk packaging nya barang sesuai request original packaging nya bagus bubble wrap tebal dilapisi kardus aman deh pengiriman,Happy
2683,jujur kecewa pengiriman terlambat lampu led kualitasnya buruk pakai menit langsung mati terpakai akrilik hitam dijanjikan harga it negative negative deal afterall,Fear
2684,plastik yah harga kualitas,Sadness
2685,bahannya persis kayak sarung motor pengiriman cepat ya lumayan harga segini,Happy
2686,kapok belanja kelewat transportasi nya,Fear
2687,beli nge packnya g kenceng sobek berceceran dijalan beli rusak yg sobek isinya tumpah yg pack sampe k dah tinggal driver yg bawa jg g bawanya klw nge packnya kuat g kejadian beli g,Fear
2688,kualitas peti kemas bagus transmisi,Sadness
2689,makasih barang aman tujuan,Happy
2690,penjual direkomendasikan memesan itikad tanggung seller tolong,Fear
2691,pake dah ga pdhal sdh charge penuh baterenya kecewa x not recommended seller barang refurbish kualitas jelek,Sadness
2692,barang sampe sobek gw kasih barang rijek kacau ni seller,Anger
2693,packing oke bgt gak plastik doang tp buble dus cokpat kasetnya oke tp sayang gak kertas manual nya,Happy
2694,packing nya jelek casing nya kualitas jg bbrp pas ditempat nya,Anger
2695,enak bangett packingnya bagus bangett terima kasihh recommended bangett dehh,Love
2696,pengiriman cepat barangnya lengkap sesuai pesanan,Happy
2697,sesuai pic disetting rebahannya sesuai kemauan tdk otomatis krn didorong ndak overall nyaman,Happy
2698,ga gunanya atc ga dikasi bubble bikin rugi aja,Anger
2699,pengiriman disebabkan twinpack terperinci mengajukan keluhan belanja dikompensasi,Fear
2700,barang cacat ngisi baterai stick nya,Sadness
2701,recommended seller respon cepat pengiriman cepat,Love
2702,wae keren alatnya berasa pengrajin rokok matap seler ramah cepat pengiriman cepat,Happy
2703,produk dikirim,Anger
2704,dinding dinding basah mengubah warna berbeda warna konten konten dijamin memenuhi harga,Fear
2705,batere rombeng telp marketing tunggu minggu imbas,Anger
2706,kekecewaan pikir elemennya berbeda pena pancing pasar sekolah menengah diragukan daya tahan lihat komentar fto,Sadness
2707,berfungsi sesuai deskripsi,Happy
2708,sesuai merah hitam,Fear
2709,hasil memuaskan bahan sesuai deskripsi pengerjaan cepat wes wus,Love
2710,kualitas lemnya aibon,Anger
2711,isi gelembung tambahkan kontak kontak kardus peduli dikirim terpisah kasusnya langsung disepakati,Anger
2712,keterangannya kuat jam eh aja jam udah redup,Sadness
2713,komunikatif wrn dipilih obrolan sesuai pengiriman memiliki as alih mengirimkannya dikirim wrn,Anger
2714,pikir elemen datar makanan ditulis diganti,Fear
2715,iuhhhhhhhhhhhhhhhhhhhhhhhhhhhhhh hhhhhhhhhhhhhhhhhhhhhhhhhhhhh hhhhhhhhhhhhhhhhhhhhhhhhhhhhh hhhhhhhhhhhhhhhhhhhhhhhhhhhhh,Anger
2716,bagusss mengulangi pesanan,Love
2717,bagus bgt bukunya suka makasih,Love
2718,berbelanja toko resmi kondisi barang diterima sampah sampah terima kasih,Anger
2719,kecewa,Sadness
2720,mksshhh pelangganku syuukkkaaaa,Love
2721,fast respon barang bagus recommend,Love
2722,packing rapi barang sesuai deskripsi mantep,Happy
2723,obrolan ditulis deskripsi dikonfirmasi mengirim putih memesan pengiriman hitam penuh dipercaya,Anger
2724,bagus banget kualitas mantap,Love
2725,produk beroperasi toko dipercaya pembeli diharuskan mengembalikan produk melempar surat toko enak membelinya,Fear
2726,mantabbb default dahhh topp,Love
2727,barang bagus bocor dibagian saluran operasikan,Sadness
2728,ga rapi bnyk yg item,Sadness
2729,chat bilangnya merek gm bear yg dikirim kardusnya ajah yg merek gm bear tp isinya merek barang ga sesuai kesepakatan mah bohong namanya,Fear
2730,produknya asri n segagasan dgn pesanan sya seller mantul makasih skss,Love
2731,kualitasnya bagus tripodnya kuat bahan tasnya bagus tebal mudah sobek,Happy
2732,elemen kemasan asli bagus penjualnya cepat,Love
2733,cocok warm tone hasilnya awet cocok cool tone cocok kulit kering cocok kulit normal cocok kulit kombinasi,Happy
2734,kekecewaan mengirim elemen rusak cenderung harga murah,Fear
2735,beli toko resmi februari siang reptil harga jual flash murah,Love
2736,kardusnya penyot packingnya aman dpat gratis masker padahl gak,Anger
2737,kali dah metong,Sadness
2738,wadah selubung jelek,Anger
2739,sesuai deskripsi normal minus diluar ekspetasi fitur berfungsi aman terjangkau slow respon,Happy
2740,bahan model warnanya bagus respon penjual cepat harga bersaing kompetitor kemasannya bagus,Happy
2741,foto botol pecah barang pecah kirim toko nya kirim ganti barang uang,Anger
2742,janji kirim instant pakai tutup toko kirim paket malam pas besoknya coba ssd nya terbaca bilangnya kirim toko agarnbisa kirim tangerang ongkos gojek instant sampaiiii minggu kirim sengaja professional berjualan online jual barang rusak etikat ucapan maaf penutup anggap licik pelit ongkir nya suruh tanggung pas barang lihat mah lupakan garansi produk yg ganti rusak,Sadness
2743,bocor kebocoran penyamakan diselesaikan,Fear
2744,recommended barang sesuai seller gercep pengemasan mantap banget,Happy
2745,beli tgl pesanan selesai tgl mouse rusak tgl gak komplain toped admin ditanyain gmna klaim garansi membantu chat bales dibales gk,Anger
2746,bass harganya terjangkau proses pesanan cepat,Happy
2747,barang kirim bubble pdhl sdh info mendung gelap gerimis tp kirim lapis dus kena air bkl robel tembus,Fear
2748,barang sdh diterima sesuai deskripsi pengiriman cepat thx,Happy
2749,pengiriman perlahan seminggu membeli supermarket dibeli langsung,Fear
2750,barang dpt berfungsi mati tdk dpt signal brg diretur aja mati tdk da signal,Fear
2751,kids bener yg beda bahan tipis yg pesan yg katupnya kagak,Fear
2752,warna pinknya tdk sesuai,Fear
2753,warna selevel pesenan,Sadness
2754,elemennya bagus sisirnya tombol mengklik praktis,Love
2755,pelayanan nya top sales service bagus,Love
2756,obrolan imbalan kuota dijanjikan memasuki parah rusak,Anger
2757,bebannya buku mahal mengurangi suka buku membeli buku rompak kasih,Love
2758,roti gawat,Anger
2759,mantap barang bagus banget seller ramah responsif,Happy
2760,langganan beli minigold,Love
2761,bahannya tipis jahitannya rapi,Sadness
2762,nya ragu maza sih dgn harga segitu produk yg tawarkan bs mantap sy org ny selektif dlm memilih produk utk beli paket mendarat sy lgsg unboxing ternyta ekpetasi sy produk berkualitas gel nya lembut nyaman duduk duduk ga sakit lebar ny mantap no endorse ya murni sy pembeli ragu membeli lapak penjual sangay rekomen banget,Love
2763,mengecewakan kemasan kertas sobek basah krn ujung kertas yg melengkung pengiriman pack dgn bubble wrap terima krn gak bikin video unboxing,Sadness
2764,bahannya nyaman nyaman punggung gampang dipakai,Happy
2765,baterai jebol bilang menghubungi pemasaran menunggu minggu sambungan,Anger
2766,pemain mainan robot hulk mohon dicek sblm kirim brh,Fear
2767,parah bener gan barangnya melenceng alat yg merk baterai berkarat murah ya kl bintang komplain mahal ongkir baliknya anggep apes,Anger
2768,butut sucyols yout yellow ijo stabilo barang miskin,Anger
2769,suka bardi membantu mematikan alat jam tidur hidup pagi rumah alat bardi cctv mengaksesnya mudah aula,Love
2770,bahan tebal bagus cepat terima kasih,Happy
2771,disimpan soap perangkat tangan diandalkan sabun,Love
2772,barang packaging yg bagus,Happy
2773,packing oke sdh beli sippppp,Love
2774,isinya gr diskripsinya kg udah terlanjur beli bungkus tolong suka nipu alus model gini kagak berkah tau parah nih sellernya ngasih duit haram keluarganya,Anger
2775,kecewa lembar warnanya beda sekilas bentuk motif tpi dipasang beda rate barang rate penjual,Sadness
2776,sukaaa bangett kakanya ramahh bgt responsif jugaaaa thank uuu,Love
2777,kurir sameday dikirim besoknya pdhal kirim pake sameday bilang tokonya barang ga ready sih jd sistemnya ambil dikumpulkan orderan dikirim ya kaya,Fear
2778,mantep bangettt coklatnya beli promo ditambahin voucher mumer pokok deh,Love
2779,bahan jelek kokoh,Sadness
2780,cancel anjak tgl aja byk cincong,Anger
2781,kecewa,Sadness
2782,pelayanan ramah design maksimal konsekuensi sepadan harapan recommended,Love
2783,bukunya kena rembesan minyak bungkus bublewrapnya parah banget kena minyaknya isolasinya copot sebenernya lumayan kecewa sihh karna kena ekspedisi jd kesalahan seller next semoga bungkus bukunya secure lg,Sadness
2784,packingnya jelek barang rusak,Anger
2785,jaringannya sunyi indihome de menyesal membeli orbit jaringan parah,Sadness
2786,barangnya,Sadness
2787,bahan tebal nyaman pakai,Happy
2788,pesan yg varian tp dikirim,Fear
2789,fast response produk dikirim oke banget,Happy
2790,bagus asap pistol api obor penjual respons cepat pengiriman cepat produk kemasan asli produk bagus berfungsi,Love
2791,dikirim buruk,Anger
2792,buku peninggalan halaman ki gabuk menukarkannya,Fear
2793,barang atur echo putar tpi tetep effect tombol joga pencet pokoknya mengecewakan,Sadness
2794,pengawas permata intinya,Love
2795,keripik tempe dihancurkan makan,Anger
2796,proses pengangkutan tipis,Fear
2797,yeay paketan sampe sempet review semoga dipakenya nyaman enak sempet dibuka,Happy
2798,kirim barang yg dikirim salah nggak barang diterima barang kirimnya ongkir nggak tanggung official store koq pelayanannya kaya bikin kecewa banget,Sadness
2799,warnanya kusam,Sadness
2800,bukunya gede tebal packing tingkatkan bukunya ujungnya respons bagus,Happy
2801,makna,Love
2802,barang pecah dikotak himbauan barang mudah pecah,Fear
2803,salah mengirim produk admin bola,Fear
2804,bagus berfungsi bagus mantap,Happy
2805,alhamdulillah aman bubble wrap tebal banget suka modelnya mevvah banget juara seller,Happy
2806,udah kesobek makanan kucing nya alot,Fear
2807,kaus kaki tumit,Sadness
2808,diskon kecurangan muatan setingkat harganya,Fear
2809,respon penjual nyaa dapet harga muraaaaaah packingnya rapiiiii pengirimannya lumayan cepat lahh coklatnya enakkkkkk,Love
2810,baguss sukaa bgttt next order,Love
2811,pengiriman super cepet super recommended bgt cepat mengisi daya terima kasih,Happy
2812,fitur memuaskan band layar sentuh full sesuai harganya,Sadness
2813,alhamdulillah sabuknya keren cepet nyampenya kemaren sore pesannya,Happy
2814,barang nya jos berfungsi kualitas oke membantu banget pakek bingung gk buka otomatisnya eh app yg gk suport cash drawernya mantul dah,Happy
2815,kue mencoba kue asam mengeluh penjual dikonsumsi makan,Fear
2816,barang paket,Sadness
2817,,Anger
2818,berlangganan membeli miniatur,Love
2819,x belanja tp yg sanngat kecewa,Anger
2820,pengemasan dikemas dikirim kondisi kotak rusak harga barang murah rapi rapi,Fear
2821,paket super cepat barang ori gitu lho kalo hasilnya pesan,Happy
2822,warna sesuai dgn permintaan,Anger
2823,pake pas dicuci robek,Sadness
2824,kualitasnya bagus gambar pengisian daya cepat,Love
2825,komponen kemasan asli bagus penjual cepat respons cepat,Love
2826,fitting sesuai dgn celana pendek,Fear
2827,hadiah diperoleh,Sadness
2828,muatan yg dikirim setara muatan yg dipesan,Sadness
2829,terpercaya,Happy
2830,baunya sesuai harapan bau ikan teri,Anger
2831,mantap klu kasih bintang wkwkkwkwk,Love
2832,respon pengiriman cepat rekomen belanja toko,Love
2833,suka banget belanja pelayanannya cepat ramah kooperatif barang packagingnya aman bangettttttt hasilnya yaowoh memuaskan secinta final touch nya repeat order kalo,Love
2834,jamnya berfungsi normal ukuran sesuai keren banget modelnya,Love
2835,arloji produk bagus sesuai gambar nyaman dipakai,Love
2836,kecewa produk yg,Sadness
2837,sesuai harapan barang susah dimainin,Sadness
2838,gak,Anger
2839,case kardusnya dah robek box nya mayit gaek strip led,Sadness
2840,kualitas jahit buruk,Sadness
2841,warnanya selaras aplikasi,Anger
2842,makasih penjual responsif barang diterima aman semoga awet,Happy
2843,tata tertib kecewa andil memecahkan kopi tersebar kesalahan diperkenalkan,Anger
2844,zonk packaging bottle zonk bgt,Anger
2845,mikrofon merespons,Fear
2846,dipakai rusak menyala maaf ksh bintang,Sadness
2847,mantavv sesuai pesanan joss,Love
2848,brownis nya penyek untung ga ancur kecewa pengiriman nya antaraja lelet bikin brownis penyek tokped hrs nya blacklist tuh antaraja,Sadness
2849,suka dr soap repeat order beli,Love
2850,barang mencapai pesanan disarankan,Love
2851,kekecewaan mengirim elemen rusak cenderung harga murah,Fear
2852,kecewa berat yg dibeli kosong dikirim sy sudh dikirim bilang warna harga lumayan warna senada sy seragaman,Sadness
2853,barang dikirim pembeli dikirim toko menolak,Fear
2854,toko menjual pembelian tanggal dikirim tanggal layanan sesuai ulasan,Sadness
2855,bagus mantab jernih,Happy
2856,kali berlaku prinsip harga sesuai kualitas cek udah feeling ga setuju krn bantal kaki yg lepas tiang penyangga lepas penghubung tiang dicantolin coba biaa pake kemauan mur penopang hape lepas proses pasang hape totally ga pake yahhh anggap aja amal deh pengalaman aja tokonya comment sih krn ga komunikasi,Fear
2857,beli tanggal agustus tp tanggal september sdh error driving wheels akhirna ditanggal jg sya kirim nya service centre tangerang tgn sya tp error lg tanggal september kali error sensor dmn deebot bilang pro installed please move non carpet pdhal ozmo pro tdk attach nya dikarnakan lampu pd deebot akhirna suka bergonta ganti jd biru putih biru putih semalaman voice report menerus bunyi dsuru bawa service lg maap sya tdk mao berhubung ongkosna yg sgt mahal jd ya sya bs matikan voice reportna dl aja biar ga terganggu overall mengecewakan dibandingkan aivi tdk tahan banting pake sebulan tp sdh byk errornya nyesel jg maaap bs kasi bintang segene krn ktdkpuasan kl mao consider beli robot beli beli series aja lebi tahan banting,Anger
2858,buruk palung figur pra istilah,Sadness
2859,sulit merujuk jam kartu sinyal signifikan buruk,Anger
2860,memilih alternatif hitam acc white berkomunikasi pembeli fitur obrolan mengirimnya mengeluh,Anger
2861,kondisi drum pad rapi lem meleleh,Fear
2862,suka sabun,Love
2863,cocok elemen permintaan silakan kumpulkan elemen bersemangat,Fear
2864,tajam kualitas produk bagus produk original produk sesuai,Happy
2865,barang sesuai deskripsi,Fear
2866,kecewa barang kostumer bocor alasannya rusak ekpedisinya ckck,Sadness
2867,beli abon srundeng salah dikasih srundeng jd ga dpt abon krn klo retur hrs ngirim brg yg salah ribet,Anger
2868,kecewa kwalitasnya,Sadness
2869,mantap barang sesuai pesanan,Happy
2870,pengiriman sesuai estimasi kemasan paket bagus n rapi tas gadget ditrima dlm kondisi yg rusak kualitas produk bagus bentuk warna n ukuran sesuai deskripsi,Happy
2871,perjalanan pengiriman membutuhkan keluhan terpisah,Fear
2872,mantaap barang dengab cepat,Happy
2873,mksshhh pelangganku syuukkkaaaa,Love
2874,mainan rusak,Anger
2875,sory kasih bintang krna pengiriman salah kali kirim diperhatikan pengirimannya,Sadness
2876,aturannya kecewa paket pecah kopi tersebar kesalahan diperkenalkan,Anger
2877,gambar tampilan penawaran alternatif hadiah harga berbeda,Fear
2878,pembelian puas elemen salah produk disukai annabol,Love
2879,suka bardi membantu banget matiin alat pas jam nya tidur hidup pagi dirumah pakai alat bardi cctv akses nya mudah diluar aula mungil,Love
2880,gw uda kasih note warna merah gw udah chat kepenjual dateng warna ungu error nih jual kesel gw,Anger
2881,pengiriman barang cepat kualitas mantap sesuai harga,Happy
2882,barang sesuai dgn yg gambar plastik keras utk menumpuk sepatu bingung merakitnya plastiknya mudah meleyot puas,Fear
2883,bahannya nyaman nyaman punggung packaging aman gampang dipakai packaging rapi bahannya fleksibel penjualnya ramah banget desain ergonomis proses pesanan cepat,Happy
2884,wanginya ga sesuai harapan kaya bau ikan teri,Anger
2885,proses pesanan cepat packaging aman,Happy
2886,ok,Love
2887,mantapp terjangkau seller bener bener dimainkan,Happy
2888,repurchase puas barang respon seller nya udah gitu bonus terima kasih,Happy
2889,seller responsive pesan pengajuan pembatalan selisih menit ditolak pengajuannya udah chat pengen ganti tipe barang alamat pengiriman gak diwaro payah,Anger
2890,berbelanja kecewa,Anger
2891,bahannya ga enak,Sadness
2892,harga terjangkau produk sesuai kualitas bagus pengiriman responsif terima kasih yaa sehat sehat utk seller team,Happy
2893,pelayanan mengecewakan,Sadness
2894,diskon barang penipuan,Fear
2895,mengecewakan belanja barang gak gak koperatif,Anger
2896,uglykkk,Anger
2897,penjual motifsuuuu lucu,Love
2898,bahannya nyaman penjualnya ramah banget nyaman punggung packaging aman,Happy
2899,plastik pecah jd lembek,Fear
2900,yg dipesan yg dikirm,Anger
2901,dikirim buruk,Anger
2902,yg pink dikirim yg biru dapet penyok kecewa banget ih,Sadness
2903,obrolan imbalan dijanjikan memasuki perusak ekstrem,Anger
2904,barangnya bagus bgt kokoh sisirnya jg ga tajem tombol kliknya praktis,Love
2905,barangnya bagus banget semoga aweet kalo aweet gua beli dimari cadangaan,Love
2906,pengiriman lambat sampe dana dikembalikan penjual info kalo barang tdk uang dikembalikan samoe skr ga diaksi parah,Anger
2907,gan nya ga mw tampilkab gambar tv pakai hdmi lampu power yg merah kedap kedip trus,Fear
2908,penjaga bubblewrap gaada,Anger
2909,free canister ga dikirim payah kecewah dah males beli,Fear
2910,salah beli barang tp toko kompromi barang disegel kecewa dehhh,Sadness
2911,diiklan,Sadness
2912,thankyou sesuai pesanan pengemasan jg cepat,Happy
2913,pengiriman cepet banget bahan kualitas bagus banget,Love
2914,produk layak dimakan pc penulisan tanggal kadaluwarsa sebulan silakan qc produk makanannya layak makan konsumen,Fear
2915,barangnya kado sih bagus yg terima keliatan happy kualitas product bagus harga terjangkau recomended,Love
2916,memecahkan online rumit,Anger
2917,membeli susu periode pengemasan kotak terbuka,Anger
2918,pesanan ga lengkap chat ga bales toko bagus karyawannya rusak jelek citra amal deh,Anger
2919,respon seller cepat proses pengiriman cepat model bahan ok kualitas jahitannya silahkan lihat gambar deh jahitan pundak lengan kerah bingung pake bajunya gk dipake mubazir dipake ya malu mohon perhatian seller terima kasih,Fear
2920,bahan bagus jahitan mudah lepas,Happy
2921,beli dsni sih pengen free giftnya sebenernya buruan bayar gambar free gift lunch bag nya kecewa penjual konfirmasi free gift bagnya habis barang udah dlm proses pengantaran blg klo ganti dg free gift ehh tumbler dr lactamil jujur kecewa beli lapak krn udh royal swimmng pool dr lapak oyen n biru,Sadness
2922,bahannya kuat kokoh berat bebannya packingnya rapi ngga rusak cacat pengirimannya cepat barangnga original,Happy
2923,kualitas produk mengecewakan bahan tipis barang ganti,Sadness
2924,pesen yg dateng sukiyaki konbutsuyu deskripsi tertulis jenis kecewa bgt,Sadness
2925,barang pecah dikirim,Anger
2926,pengemudi barangnya pintar,Anger
2927,barang sdh smp udah gitu kurirnya ngaco barang blm diterima direport udh diterima trs gak dpt pc blackpink nya bkn nya klo tulisan bebas ongkir ekstra hrsnya dpt pc blackpink krn yg sy belanja store yg tulisan bebas ongkir ekstra dpt pc blackpink lupa atw bgmn jujur kecewa,Sadness
2928,penjualnya komunikatif barang kosong diganti barang konfirmasi pembeli next time jualan pelayanannya ditingkatkan lg mbak mas informasiin pembeli kalo barang kosong jgn seenak udel main barang ntr situ yg ribet rugi barang ganti ongkirnya yakhan,Fear
2929,sesuai permintaan aplikasi diajukan dibicarakan,Anger
2930,jaringannya tenang indihome de deving membeli orbit jaringan parah,Sadness
2931,bawaan selaras deskripsi,Fear
2932,puas barangnya bagus,Happy
2933,butut konyol kuning kasih ijo stabilo barang jelek,Anger
2934,boros batre,Sadness
2935,penjual direkomendasikan nasihat dikirim itikad penjual membantu orang membuatnya,Fear
2936,beli keluhan tanggapan,Anger
2937,gampang dipakai nyaman punggung,Happy
2938,reglemen gambar truck pemadam dikirim mobilan police not recommended,Fear
2939,suka banget ama slamenya bonusnya byk transportasi lajak semoga sukses seller,Love
2940,bawaan kesan uang menerima bawaan,Anger
2941,janjinya kaleng kaleng yg kaleng kecewa bangetttt,Sadness
2942,ngirim barang gak sesuai pesanan ngeselinnn,Anger
2943,cuman dipanjangin sebelah sebelah nga bs dipanjangin karatan karet yg dikasih mudah lepas nga dikasih kotak kondisi barang barang seken nga dikasih baut karet emg double check speeds knp sepele produk aja bs kejadiannya,Fear
2944,beban tdk solusi,Fear
2945,sablonnya pudar tipis bahannya tipis worth price,Happy
2946,elemennya elegan jahitan benang teratur,Sadness
2947,kali belanja tolong billy kecewa pengirimannya wilayah jakarta kota tolong pilih kurir cepat,Sadness
2948,barangnya bagus pengirimannya cepat kekurangan agan ramah pengiriman minggupun dijalankan tuhan memberkati sehat sukses terima kasih,Love
2949,niatnya sihh dibonusin creative planting kit tp kayaknya ga dipikirin ngemasnya gimana ga berantakan box nya akibatnya yg dipesen kotor kena tumpahan pasir,Sadness
2950,sesuai yg dipesan hitam merah pengiriman,Fear
2951,produk ok sesuai pesanan langganan pengiriman cepat makasih store,Love
2952,diminum besoknya udah basi,Sadness
2953,pelayanan page kindle dibeli complaint penjual bilang normal disetiap kindle memiliki page deskripsi produk complaint jelasin kalo normal hati hati memesan deskripsi rinci detail membeli produk elektronik butuh cek devicenya,Sadness
2954,membeli produk bulu mata alis alami,Love
2955,sulit merujuk jam kartu sinyal signifikan buruk,Anger
2956,diskon barang penipuan sesuai harganya,Fear
2957,perlengkapan linting nya,Fear
2958,motifsuuuu patut patut pengisian daya,Love
2959,puas banget kaos kakinya bagus,Happy
2960,piyama kualitas seller responsive prosesnya cepat pengiriman cepat sampainya manado semoga next order sebagus yah terima kasih,Happy
2961,tertera harga aslinya kirain barangnya kualitas premium minimal yg dateng barang kualitas rendah packing nya payah,Sadness
2962,beli cutter dikirim cutter blade cutter blade,Fear
2963,official store sih bener komplen packing tetep abaikan berhubung barang nya ok ya yg beli tolong atasan perushaan perhatikan packingnya cuman packing,Fear
2964,salah kirim warna warna biru merah muda mengirim lampu led hitam hijau merah menyala,Anger
2965,ga sesuai warna pesanan,Fear
2966,prosesnya sampainya eh bukunya penyok,Anger
2967,buku bagus cek sekilas dalamnya gaada sih keknya detail covernya rusak gitu ya aja sih keluhannya,Happy
2968,teman warna menawan bahagia gambarnya,Love
2969,obrolan pengiriman instan jawabannya membuatnya dibayar membebani kacau,Anger
2970,balonnya cakep gampang ditiup thx seller,Happy
2971,kekecewaan pikir item berbeda pena pancing pasar sekolah menengah diragukan daya tahan lihat komentar fto,Sadness
2972,,Sadness
2973,produk rancak toko gak mengambang pembeli disuruh balikkin produk buang ongkir aza toko gak beli,Fear
2974,jelek banget gak pakai mah maskernya berbulu foto tsb,Anger
2975,packing tdk dikemas kirim lgsung pdhal kondisi dusnya rusak mgkin harga barangnya murah jd tdk dikemas rapih,Fear
2976,jelek silikon pelindungnya ditekuk gampang pecah sobek gitu kualitas lamounya yg bayangkan dibawah kualitasnya philips,Anger
2977,mandat yg gawat,Anger
2978,penyok parah banget gk layak jual sobek parah udh beli dikasihnya jelek banget gg bang,Sadness
2979,beli tp gak dikirim,Fear
2980,barang yg foto yaang dikirim tolong yg jujur berusaha nilai uang nya,Fear
2981,selucu dapet free photocard dongggggggggggg happy,Love
2982,jiwo thx bro menerima produk,Love
2983,barangnya palsu gimana lengket beli tefal saus pan engga beli produk tokopedia aja mending ya,Fear
2984,penjualnya bagus barangnya bagus sesuai pengemasan permintaan akurat,Love
2985,keren om barang nya,Love
2986,respons penjual lemot melayani bahan kaos mudah melar pakai mesin cuci,Sadness
2987,pengiriman cepat packaging lapisan warna sesuai pesanan problem,Happy
2988,lem kualitas lambat aibon,Anger
2989,cetakanya gak bagus gak sesuai harga,Sadness
2990,material produk bagus produk sesuai kualitas produk bagus produk berfungsi,Happy
2991,gk tambahan bublenya yg koran nya,Fear
2992,packing buruk kertas sobek bungkusnya,Anger
2993,lubang hangtag rapih,Sadness
2994,kali spons terpisah lemnya bagus,Sadness
2995,mudah dilepas non kaca cermin penglihatan,Sadness
2996,beli kedatangan barang sesuai foto ketajaman menjual gadis senang hati makan uang ilegal,Anger
2997,kecewa keterangannya yard yard,Sadness
2998,airnya segar tekanannya pas foto sesuai barang worth banget layak terlaris,Love
2999,jamnya susah sinyal pake kartu apapun lemah sinyal jelek bgttt udh komplain gada penyelesaian yg memuaskan,Anger
3000,baju tdk sesuai dgn gambar pendek kantong baju,Sadness
3001,bawaan jelek belom pake udah patah,Sadness
3002,wow sm jam respons kerugian memilih,Fear
3003,pemaafan bknnya sy menjelekan produk tp sy kecewa sembarangan gepuk toples warna merah stlah ko berjamur pdhl toples yg wenak bgtzz gepuknya,Sadness
3004,pengiriman lambat toko gak ramah komunikasi,Fear
3005,barang bagus sesuai deskripsi pengiriman cepat recommended seller,Love
3006,mantappp responnya memuaskan dicoba dipasang presisi nyaman cas responsif,Happy
3007,pdhl membeli tangsa suvenir susu cm buruk,Anger
3008,respon cepet ramah solutif kerjaan cepet banget harga kompetitif kerenn recommended seller,Love
3009,cakep banget tp salah pilih size mash kegedean anak tp anak super happy thanks,Love
3010,bgt teratas,Love
3011,puas barangnya,Happy
3012,pesanan sdh diterima,Happy
3013,dibeli menuangkan kopi terbaik,Love
3014,duh ga belajar dr pengalaman ya yg complain datangnya retak sy diperbaiki pelayanannya,Anger
3015,barang diterima kondisi pinggirannya patah,Fear
3016,rombeng,Anger
3017,elemen pengemasannya elegan sayangnya fitur tombol pemicu kunci kecerdasan buatan menawarkan toko pusat toko toko membantu maaf maaf love the stars puas terima kasih,Sadness
3018,terima kasih brang bagus harga murah cepet cod siip,Happy
3019,bahannya adem jahitannya rapi menerawang enak dipakai,Happy
3020,mkshhhh pelanggan syuukkkaaaa,Love
3021,faaaassst respon bangeeettt seller ngabantuin puaaaaaasssss makasih oke recommended bangeeett,Love
3022,kemasannya bagus kualitas nya bagus kabelnya tebal suka warna nya biru muda semoga awet terima kasih seller,Happy
3023,maaf menyerah uangnya mengambang,Fear
3024,enak lumpia basah nya admin daun bawang lebihan eh beneran kasi terimakasih beli,Love
3025,sesuai,Sadness
3026,bahan konstruksi kuat rusak,Fear
3027,beban buruk seminggu respon penjual buruk garansi chat dibalas garansi bohong pikir lg deh klo beli,Fear
3028,sdh kali belanja fast respons amanah,Happy
3029,muatan ok,Sadness
3030,ga berfungsi kecewa bgt,Sadness
3031,kekecewaan melayani toko menyesali toko paket paket paket mencapai tujuan disarankan pembeli barang bertanggung,Sadness
3032,pengalaman membungkus gelembung,Anger
3033,pesan warna putih abu yg warna salem abu kecewa penjual konfirmasi dikirim,Anger
3034,pengiriman time produk berfungsi harapan,Happy
3035,enak dipakai cocok wajah sy mantap,Happy
3036,alas sepatu tipis dipakai aus make ny jarang,Sadness
3037,udah kali restock dr soap aja pdhl diluar handsanitizer yg yg trpercaya dr soap deh,Love
3038,saudara menerima permintaan sesuai pengaturan elemen terima kasih saudara,Love
3039,lampu rusak hidup dr lampu lg mati tdk hidup dipakai sehari,Fear
3040,kotak hancur pelanggan membeli hadiah mengecewakan paket toko plastik tipis modal bungkus gelembung,Anger
3041,overall ok kelewat,Love
3042,shade yg salah kirim,Sadness
3043,berlaku produk nya kutu adem ayem kecewa tdk sesuai speak nya,Sadness
3044,produk oke sesuai foto keterangan,Happy
3045,produk ori kw pgp hp lenovo n sales buruk respon seller recommended,Fear
3046,fast respond packingnya bagus rapih barang yg dikirim sesuai pesanan terima kasih,Happy
3047,handuk cantik material bagus harga terjangkau thanks traktirannya tokped handuknya lumayan upload foto keterangan eror mulu,Happy
3048,pie susunya jamuran duh gawat bgt sih jualan,Fear
3049,puas belanja udah ketiga kalinya beli pengiriman cepat respon cepat,Happy
3050,sukaaaa beli total suami model bahan nyaman memakai warna tanggapan penjual mengirim barang super cepat,Love
3051,elemennya bagus harap berlanjut solid membelinya,Love
3052,buku cacat kertas overall mantap,Happy
3053,pas simpel,Happy
3054,bagus far berfungsi,Happy
3055,paking rapih jebol,Fear
3056,beli barang barang nya status selesai pengembalian uang,Fear
3057,yg pesan warna ngga sesuai klu ngga bilang aja ngga jgn bilang beli,Anger
3058,desainnya mewah warnanya indah ukurannya nyaman memakai produk sesuai foto produk kemasan asli asli,Love
3059,terima kasih menjual seruling yamaha ori barang cepat,Happy
3060,kemasan diperbaiki parfum bocor,Fear
3061,membeli sepatu ukuran berbeda dikirim sepatu pengajuan klaim penukaran diterima uang merugikan pelanggan order biaya ongkir ditanggung kualitas sepatu prima daerah tongue jahitannya loncat pengalaman mengecewakan,Anger
3062,berfungsi korea,Happy
3063,mantap banget ikan cupang sehat lincah langsung menyatukan larutan aquarium ekor sirip half moon bgt,Love
3064,barang sesuai permintaan emas alih mengirim merek putih merek,Anger
3065,alhamdulillah dpt traktiran tokopedia semoga ngasih gratisan sesuai ukuran gak papa makasih seller yg udah rela ngasih kepakek utk rumah aja warnanya cantik menerawang,Happy
3066,penjual positif respons cepat respons cepat diterima produk positif rusak sesuai gambar deskripsi penjual disarankan,Love
3067,bahannya nyaman beban tersebar merata bahannya fleksibel gampang dipakai desain ergonomis nyaman punggung,Happy
3068,bagus barangnya cepet nyampeknya,Happy
3069,barang bagus,Love
3070,dicoba controller berfungsi feel tombolnya oke cocok suka main game casual,Happy
3071,mudah copot lengket kaca mobil spion,Sadness
3072,dipake lngsung sobek bahanya tipis,Sadness
3073,warna putih dikasih hijau seller alasan babibu,Anger
3074,memiliki layanan menyerah,Anger
3075,bisnis bisnis toleransi kali membeli steker rusak menganggap kurir transaksi admin menjual memeriksa mengirim jujur kecewa membeli barang murah rusak berbelanja toko,Anger
3076,langganan bulanan recommended,Love
3077,raknya letoy bgt kalo naro sepatu pasang takut roboh kirain kuat letoy bgt,Fear
3078,gk pakai tali krng,Sadness
3079,barang nya sdh coba tdk berpungsi dgn nggak conek dgn iphone sy,Sadness
3080,wow murah pengepakannya rapi produknya bagus keren uhuuy pisan hehehehehe,Love
3081,langsung sobek pas kali pake,Sadness
3082,pembelian puas barang disukai produk produk anabul,Love
3083,kualitas tali topeng jelek tipis harga mahal mendapatkannya batas,Fear
3084,maaf kecewa pengguna fahhampton membeli isi tes tester farhampton jatuh cinta langsung membeli berubah hak bertahan hidup proyek penguji baunya jatuh cinta tes aroma,Sadness
3085,terhormat kereen seller deh rampas kasih bantuannya,Love
3086,beli tgl dikirim tgl lelet free buku gambar ga dikasih klo ga bilang bro jgn diem aja udah beli free jgn beli lg,Anger
3087,kualitas produk bagus,Happy
3088,cepet banget kepotek ancur,Sadness
3089,warna putih penjual hijau penyebab capo,Anger
3090,barang sesuai deskripsi pengiriman sesuai harapan terima kasih,Happy
3091,bagussss repat peraturan,Love
3092,barangnya bagus,Anger
3093,cat kuku mengirimkan tanggapan penjual menyesal pesanan kali terima kasih,Love
3094,bahannya adem nyaman dipakai,Happy
3095,tdk sesuai pesanan,Fear
3096,gaenak basi iuhhhh plis beli gamau motong rezeki mu sriusan basi busuk apek cuankinya mlempem bocinyaa busuk bumbunya makmur dah ga seger kemasannya makmur dah berdebugituu ahhhhh nyesell jualan niat cari uangnya aja cari rasaaaa kualitas,Anger
3097,ga packing bubble nya,Anger
3098,sip barang sesuai bahannya spundbond pesen dpt ukuran yg sobek overall positive thanks impodio,Happy
3099,bawaan komplain direspon alamat yg beli cek,Fear
3100,rambenj,Anger
3101,pesanan sdh mendarat kualitas barang bagus pengiriman cepat,Happy
3102,kualitas kaos kakinya bagus tebal,Happy
3103,janjinya kaleng kaleng yg kaleng kecewa bangetttt,Sadness
3104,beli toko udah etikat ngasih penjelasan colokan mic soundcard nya gak berfungsi pesan yg read gak ad tanggapan mbak mas tolong jualan yg amanah transaksi jualbeli berkah sah kalo gak ikhlas gak berkah jualan mksh,Fear
3105,mantappp,Love
3106,beli kesalahan jelek rekannya,Sadness
3107,mantap kali order ulang,Happy
3108,minat membeli konfirm game ultraman evolution donk barang sungguh mengecewakan terima kasih hati hati kalo konfirmasi kelengkapan barang pembeli fokus nya perhatikan permintaan game nya,Sadness
3109,wow sm jam respons kerugian memilih,Fear
3110,bagasi yg dikirim gk setimpal modelnya,Anger
3111,barangnya lurus bgt kuat sisirnya jg ga tajem tombol kliknya praktis,Love
3112,mantap ok sesuai produk deskripsi,Happy
3113,barang sesuai pesanan dikirim cepat,Happy
3114,memuaskan,Love
3115,persediaan stok kakak sekolah joyko pilihannya barang original terimakasih pelayanan terbaik deh,Happy
3116,diterima produk sesuai nyaman dipakai terima kasih,Happy
3117,wooy gimana kirim pesan loh coba cek yg dipesan,Anger
3118,barang sampainya,Anger
3119,pesanan cepat seller fast respon,Happy
3120,istimewa,Love
3121,terima kasih produk bagus,Happy
3122,orderan sesuai kualitasnya pengiriman,Happy
3123,produk murni donk ayu,Love
3124,barangnya berkualitas harganya miring warnanya bagus gak kayak barang murah puassss,Happy
3125,puas barang diterima kondisi kendala,Happy
3126,ditagih pengiriman kecewa kepala pengisi daya ditagih laptop terhubung dikenakan biaya,Sadness
3127,kabel tolong teliti pengiriman nya,Fear
3128,respon cepat tp sayang tdk sesuai harapan ukuran s nya kantong tanda pangkat pundak sebelah kiri sebelah kanan posisi kancing tdk pas melengkung kesannya yg menjahit rekomendasi,Fear
3129,bahan tipis sesuai motif garis spt pink dikirim warna fotonya diganti pajang foto yg gak sesuai brg ready pesen strip yg yg cb dicek warna pink,Sadness
3130,recommended,Anger
3131,bahan serius ga bersumber masuk keringat motif printan nya buram,Sadness
3132,pengiriman cepat packaging oke seller ramah recommended sih udah beli kualitas oke mantapp min tingkatkan,Love
3133,hati hati guys gua beli bener bener gabisa dipake sengaja ngasih bintang gua chat abangnya ga respon,Fear
3134,ang kota tangerang pengiriman genap ud gt barang yg ny rusak membiarkan barang video unboxing jg,Sadness
3135,baguus banget puaslah carote ditunggu makasih ya,Love
3136,miring penyok,Sadness
3137,proses pengiriman lambat banget balasan chat lambat bangeeet cancel gak,Anger
3138,pesan merah muda percaya pink ash menggunakannya dalamnya kesimpulannya penjual direkomendasikan,Anger
3139,ok,Happy
3140,tdk seampuh iklannya noda panci msh,Sadness
3141,alasan wewangian menyerupai gambar pencucian tubuh harum mencuci tubuh,Sadness
3142,muananntttaaappp syamsul,Love
3143,barangnya gajelas beli dikirim,Anger
3144,sesuai deskripsi pesanan bahan lembut nyaman dipakai sesuai harga,Happy
3145,mantab bahannya adem ukuran sesuai modelnya cantik warnanya cantik jahitan rapi menerawang,Love
3146,bagus,Anger
3147,mantabbb default dahhh topp,Love
3148,warna lucu direkomendasikan murah murah aturannya,Love
3149,makasiii bgtttt sukakkkk,Love
3150,barang bagus cepat aman,Happy
3151,bocor kebocoran penyamakan diselesaikan,Fear
3152,kemasan gaya direkomendasikan,Love
3153,sempurnaaaaaaaaaaaaaaaaaaaaaaaaaaa,Love
3154,gak sesuai gambar disitu gulanya yg hijau dikirimnya kuning sih beda harganya beda lbh enak yg hijau tokped jd pengguna nyesel,Fear
3155,kotak hancur pelanggan membeli hadiah mengecewakan paket toko plastik tipis modal bungkus gelembung,Anger
3156,solusi mogok dijalan produknya recommended berkualitas senang banget home servicenya senang banget pasangin bengkelnya,Love
3157,produknya dipaketkan rapi cacat recommended,Love
3158,ngeliat review nya bintang kebanyakan bilang semprotannya rusak bener kebagian semprotannya rusak mohon kahf produk kirim pengecekan produk nya semprotannya kecewa produknya,Sadness
3159,pengisian dijamin antusias gelembung cepat operasi senin malam periksa pagi,Love
3160,busyeettt lamaaa amit nyampe udh order,Anger
3161,aneh penjual garis garis gulungan gelembung gulungan penjual menjual gelembung menjual vga bandar huh,Fear
3162,brg dtg ga sesuai pict ga bs pake rusak pengaturan aliran air nya aza hrg flashsale ongkir,Fear
3163,produk sepenuhnya diterima lampu kepalanya gambaran bagus komoditas bagus,Love
3164,mkkasih admin daper harga murah paketan cdr n redoxon,Happy
3165,enak mengenyangkan bgt nasi putih,Happy
3166,barang aja bahan bgitu bagus,Sadness
3167,harga murah fisik diterima sesuai harapan lampu pegangan gaa berfungsi zoom fungsi gaa buruk keluhan obrolan penjual online kepuasan pelanggan don t menemukan keuntungan,Fear
3168,maaf review respons seller produk harganya murah dr recommended,Love
3169,batere aus telp marketing tunggu minggu efek,Anger
3170,ga ga instruksinya rakitnya ginana barangnya beda yg pesan,Anger
3171,wanginya menyengat lengket ditangan pengiriman cepat aman packing tebal pakai dus buble wrap langganan beli produk recommended seller,Love
3172,overpriced analisanya kualitas hard cover bagus sampe lgsg penyok,Sadness
3173,gak dpat tefal info gak konfirmasi terkait udah beli beberp kali sesuai tp kali sesuai mending official store ecommerce buruk buruk,Fear
3174,hati hati jebakan careful judul deskripsi tertulis dart game isi paket buah papan dart inch kenyataannya yg dikirim ukuran inch careful,Fear
3175,pesanan foto mencoba truk truk mengirim polisi mobil dianjurkan,Fear
3176,cepat diproses rapi cepat sesuai nyaman inisiatif mengirimkan warna piyama berbeda,Happy
3177,udah berekspektasi beli official store nya eh yg dikirim ga sesuai warna nya beli nya warna cream yg kirim warna kecewa bgt sih jujur ga konfirmasi kalo ganti warna nya kali amanah ya kak kirim barang yg ga sesuai warna kalo emang stock nya habis konfirmasi hehehe makasih,Sadness
3178,barang harga mahal berekspektasi air bubble pinggiran lobang home button kamera coba kali memperbaikinya salah pemasangannya,Fear
3179,ukuran sesuai menerawang bahan menyerap keringat jahitannya rapi warnanya bagus,Happy
3180,salah kirim produk admin banget balesnya proses retur gak,Fear
3181,kiri pembelian beli yg kanan pembelian warna kualitas berbeda pembelin bahan tipis warna secerah pembelian,Fear
3182,ang in the city of tangerang pengiriman lengkap ud gt salah item rusak mengecewakan membuka kotak video,Sadness
3183,rumah rapi nyaman rekomen material produk bagus produk sependapat murah respon seller kiriman cepat packingnya aman cashback cashbacknya belanja gratis ongkir pastinya bahannya lumayan bagus oke oke oke pokoknya ulasan lebar aja kali ya terimakasih menyimak review sekian ucapkan terimakasih patuhi protokol kesehatan masker jaga,Love
3184,cepat rusak,Sadness
3185,penjual ramah n fast respon,Happy
3186,paket cepat packing aman dapet bonus hair masker wanginya enak banget thank loreal,Happy
3187,merekomendasikan busa doank,Anger
3188,pengemasan ditingkatkan,Sadness
3189,packingnya jelek barang yg diterima kotaknya peot peot rencananya barang hadiah,Sadness
3190,barang mantap anak suka dah gitu pengiriman cepat banget pesan besok dah sampe,Love
3191,elemen dikirim berbeda gambar dikirim merek jatuh sikat penipuan,Fear
3192,barang cepat sesuai deskripsi produk berfungsi packingnya rapih dibungkus tebal recommended banget,Love
3193,megecewakan sy tukar warna mbak nya aja eeh dikirimnya ttp warna yg salah ditukar sy batalkan,Sadness
3194,iuhhhhhhhhhhhhhhhhhhhhhhhhhhhhhh hhhhhhhhhhhhhhhhhhhhhhhhhhhhh hhhhhhhhhhhhhhhhhhhhhhhhhhhhh hhhhhhhhhhhhhhhhhhhhhhhhhhhhh,Anger
3195,pesan hijau yg dtg hitam,Anger
3196,membeli barang terima mengeluh mengulangi videonya video masuk rekaman,Fear
3197,menggunakannya merek,Fear
3198,warna sesuai diinfokan,Sadness
3199,koper penyok sdh pengen nambah pengiriman jabodetabek smoga jd evaluasi seller,Fear
3200,kecewa deh beli helm pakai bubble wrap tp lecet visor helm lg lecet pengiriman tanggapan penjual,Sadness
3201,materi jujur memuaskan warna oke,Sadness
3202,bola bagus mencintai anak,Love
3203,qc oh qc lensa dalamnya pecah katnya udah cek qc picking udah nambah buble wrap perbaiki pelayanan,Anger
3204,barang ok lengkap sesuai pesanan pengemasan rapi aman pengiriman cepat terima kasih,Happy
3205,mintalah warna putih penjual hijau alasan babibu,Anger
3206,mohon maaf kasih bintang kendala disertakan batery nunchaku sedikitpun intruksi batery jenis mohon panduan ringkas menu permainan kemana tampilan panduanya seringkali hang usb terbaca gambar semut solusinya usb dilepas dipasang sensor retak kedepanya mohon infokan minus,Sadness
3207,well sampe fix bawaan terlama tokped sobek bungkusnya ok thanks dsini,Anger
3208,pengiriman nota pembelian kasi,Fear
3209,aksesoris ga rusak nya pcs pcs kali tolong check dlu ya,Fear
3210,tks barang,Happy
3211,warna nya cantik tp potongannya ga rapi jd sperti barang reject gtu maaf ya tp sy ga puas sih dg barang,Sadness
3212,barang nya kotor bintik hitam bintik putih jamuran,Fear
3213,produk mantapp,Happy
3214,toko barang rusak biaya dikenakan konsumen penjual gelembung dibebankan pembeli,Anger
3215,harga kompetitif komoditas sesuai permintaan kardus pengisian gelembung tambahan unsur aman thanksgiving keselamatan tuhan membeli sengaja tujuan mengumpulkan rokok penjual penjual menjawabnya mencapai tes berhasil sampah menggunakannya mudah bagus berat membawanya aktif terima kasih penjualnya,Love
3216,bahanya jelek harganya sdh mahal,Anger
3217,mantabb selernya banget penyabar sampe salah paham selernya tetep profesional hati positive seler game nya seru kelengkapan sesuai produk terbaru,Love
3218,barangnya ga enak udah beda,Sadness
3219,peluang admin buruk hilang pesanan admin diabaikan manajemen wingsfood,Fear
3220,produk yg dikirim tdk alias beku produk usang yg dikirim sbg konsumen sy dirugikan,Sadness
3221,silikon silikon buruk mudah ditekuk kualitas lamo bayangkan kualitas philips,Anger
3222,tanggapan faaaassst penjual bangeeettt ngabantin puaaaaaaassssss,Love
3223,kualitas suara ok banget harga terjangkau barang dijamin ori terdaftar website razer langsung pokoknya bagus bassnya kerasa,Love
3224,memuaskan korea beli vietnam puas lgs konek bgt nyampe tujuan,Happy
3225,pengemasan cepat nya cepat thank seller kurir,Happy
3226,pesan item brg yg kirim item brg brg kosong tdk infokan,Fear
3227,produk bagus utk lantai marmer parket lantai lgsg bersih kinclong penggunaan hemat,Love
3228,mantavv sesuai pesanan jose,Love
3229,penjual direkomendasikan dipesan sungai,Love
3230,kesan warna merah warna hitam menekankan obrolan,Sadness
3231,kualitas,Sadness
3232,jelek jelek jelek jelek jelek jelek jelek tinggal ngopi,Sadness
3233,barang sesuai pesanan packing rapi pas dicoba ok isi ulang dn charge pengiriman sesuai estimasi,Happy
3234,kualitas menjahit,Sadness
3235,bohong manjur,Anger
3236,elemen dikirim sesuai promosi mengecewakan,Anger
3237,warna selaras aplikasi,Anger
3238,kali beli barang research this one top dibanding yg harga kualitas beli yg cepet bgt rusak slip kl yg solid best thanks gan,Happy
3239,pesanan bocor sdh video pengiriman kacau beli rugi barang sisa,Anger
3240,produk swallow tp ukuran yg dikirim tdk sesuai deskripsi seller ga respon payah,Sadness
3241,pengemasannya rapi bagus penjualnya responsif responsif memesan terima kasih penjualnya,Love
3242,bahan bagus sesuai pesanan packing rapi recommended seller,Love
3243,produk asli original suplemen bagus efek samping semoga berproses utk menambah pigmen rambut tks,Happy
3244,kemasan ok aman bgt isi produknya nyaman dipakai,Happy
3245,barang sampe cepat packaging rapi sayang bbrp fitur tombol trigger ai lock nya ga toko mesti hub garansinya toko ga bantu mohon maaf akur bintangnya puas trimakasih,Sadness
3246,lansung coba positive bos,Happy
3247,jempol distributor produk,Love
3248,sesuai deskripsi penjua dites fungsi fiturnya berjalan dg kualitas suara mengecewakan harga yg menarik itupun bonus recomend jd best seller toped,Love
3249,barang cacat suka,Anger
3250,sdh syarat harga murah pengemasan super aman yg susut sy terima,Love
3251,jual toko toko saudara,Anger
3252,sabun lezat berolahraga,Love
3253,beli biji telp toko barang gk n d tawarin ganti murah gak eh dikirim among us yg uv bilang rugi,Anger
3254,aman tujuan buka kemasan diperiksa menangis terima kasih permintaan,Love
3255,mantab pelayanan kunjung bawaan original,Love
3256,kualitas bahan bagus,Happy
3257,penjual super beren terima kasih bantuannya,Love
3258,lampu yg nyala yg nya udah dijemur sblm dipasang ya,Sadness
3259,penjual direkomendasikan saran dikirim niat penjual membantu orang membuatnya,Fear
3260,pianika tuts nada ga bunyi suaranya hilang chat respon online,Fear
3261,wangi nya sma skali gak enak kaya barang udh kadaluarsa pake mobil gak nympe smua yg masuk mobil ane komplain hadeh udh beli biji,Fear
3262,berfungsi produk kutu mati kekecewaan sesuai pembicaraan,Sadness
3263,bukunya pas dibuka kotor gtu penyokan disisi buku,Sadness
3264,recomended seller,Love
3265,xplory,Love
3266,koper printer dikirim rusak admin online membalas obrolan diklaim,Fear
3267,toko terbodoh packing ancur packing barang rusak pesanan sesuai tujuan membeli toko bodoh membeli usb mini fan order barang ready toko ready hasilnya jatah sampe rumah selipin uang refund usb mini fan klk barang kosong cancel aja tolol asan customer berpikir berkali kali belanja toko tolol kecewa membeli nya terimakasih,Anger
3268,barang gajelas kotak,Anger
3269,penjual ga selektif kirim dapet barang kondisi case nya udh rusak,Sadness
3270,elemen buruk,Sadness
3271,dipotong berdasarkan permintaan,Fear
3272,itemnya bagus responsnya berkomunikasi cepat membantu berterima kasih sis semoga sukses,Love
3273,menjual bersikeras perilaku toko mbakyu,Anger
3274,mengecewakan pengepakan aman,Love
3275,bahannya lembut lezat lezat tidur bangun bangun selamat tinggal bantal bahan bagus harga bagus sesuai harga bagus diakses orang orang,Love
3276,botol penggal pakingnya zonk bgt,Anger
3277,ditinjau campuran bagus keras kepala,Anger
3278,admin fast respon ramah bukunya ori diterima tersegel dimasukan dus dibungkus bubble wrap memuaskan terima kasih,Happy
3279,asih dipertukarkan kualitas negatif rusak belas kasihan kecewa,Sadness
3280,pesanan cepat tujuan barang tiada kendala,Happy
3281,respons pengiriman sengaja diubah pengiriman batas pembatalan otomatis elemen berubah pengiriman tanda terima surat cepat,Anger
3282,seller helpful banget barang diterima tes,Happy
3283,tokonya terbaik sii mah udh order keluarga ultah pesen printilannya skg keluarga ultah belinya rukun,Love
3284,gak kecewa jam tangannya gak nyala udah cas kali seharian gak nyala kecewa,Sadness
3285,barang broken proses lamaaa tanggal april beli broken tgl apr tgl april produk uang buruk pelayanannya,Anger
3286,bagussss repat beleid,Love
3287,nomor seri terdaftar barangnya original berfungsi packaging aman,Happy
3288,lampu stagnan antusiasme revan,Fear
3289,bahan berkualitas ukuran sesuai warnanya sesuai potongannya rapi modelnya keren bahan menyerap keringat,Happy
3290,alamak elegan tutup plastik putih transparan tutup plastik hitam elegan,Anger
3291,mantap pengiriman cepat amanah sesuai note tulis terima kasih kaka,Love
3292,salah putarannya kunci los kunci jd tdk terpakai tp sy males return sesuai harga x ya utk respon sich oke tp tdk say sorry dr penjual,Fear
3293,kecewa belanja response reglemen instant courier kirim besok nya sore aduuuuh official store pelayanan nya kayak gini recomended deh,Fear
3294,elemen menggandakan pembungkusnya pembungkus plastik gelembung dihancurkan diterima isinya minyak mentah diabaikan,Fear
3295,admin slow response konfirmasi ketersediaan barang bonus gift yg dikirim ga sesuai,Fear
3296,kualitas product bagus material bagus harga terjangkau recomended,Happy
3297,ramah bagusss warnanya memesona bikin saudara senang gambarnya,Love
3298,sdh beli gak packaging pengiriman oke,Love
3299,barang rusak pemakaian jarang,Sadness
3300,gak fungsi udah charge seharian apes aja mah,Sadness
3301,banget sampainya ga rekomen beli seminggu sampainya,Fear
3302,muatan diterima salim,Sadness
3303,ubin budak krem,Anger
3304,ngirim barang gak sesuai pesanan ngeselinnn,Anger
3305,kain jarik batik kecewa pesen warna dikasih klasik bahan kasar kainnya sih sesuai harga yasudah gpp thanks,Sadness
3306,alhamdulillah paketan dgn cepat penjualannya ramah semoga sukses,Happy
3307,beli brg sale pengiriman via grabsend tapiii dimintain biaya parkir sm driver nya aneh bgt,Anger
3308,bagus kak baju nya jahitan nya rapi cocok pakaian sehari harga sesuai pelayanan nya bagus,Happy
3309,warna lucu direkomendasikan murah murah aturan,Love
3310,pesanan posisi rumah bentaru selatan jakarta bekasi penjual pengemudi gojek mengambil lajur alternatif hellowwww surat cepat tarif sepeda motor internet rumah dibutuhkan rumah dibutuhkan rumpun tuanya penjual tolong kali penjual barang dikirim langsung surat cepat mengambil,Anger
3311,kesekian kalinya pesen green screen puas pelayanan produknya,Love
3312,dijamin kencang mengisi brankas bublewrap operasi cepat senin malam,Love
3313,tipis banget talinya beneran sekendor tali ga si ketebalannua aja tebelnya kaya masker yg wrna baca komen ga percaya evo lumayan mereknya beneran tipis bngt,Sadness
3314,al odran terima kasih harap penjual jujur layak aamiin rabb,Love
3315,mantap barang nyaa aman alhamdulillah,Happy
3316,barang sesuai pesanan silakan kumpulkan barang hati,Fear
3317,bawaan dikirim mantapp bahannya tebal tahan air setimpal utk air seller fast respon thx u,Love
3318,salah kirim sih diselesaikan males aja,Sadness
3319,kecewa barang gak sampe toko nya gak tanggung respon nya bgt bener bener kecewa jgn beli baca komen respon nya bgt delivery nya kacau nyasarin barang gak tanggung beli barang barangnya gak sampe bener bener kecewa,Sadness
3320,kualitas barangnya melupakan,Sadness
3321,barang pesan leging kode item kalinya pesan barang berbeda bahan berbeda kecewa,Sadness
3322,kartunya kw ori gimana sih,Anger
3323,bahan celananya tipis menerawang gak sesuai gambar gambar kayak katun tebal gitu aslinya yg dikirim tipis gak banget ya maaf,Anger
3324,bagus sesuai deskripsi,Happy
3325,lucu proses toko cabang ujung nya kirim ganti alamat penerima repot toko cancel pembelian bikin ribet,Anger
3326,bagusss bgt ikannyaa,Love
3327,pengiriman cepat,Happy
3328,pelayanan memuaskan terbaik penjual responsif tanyain,Happy
3329,barangnya lumayan bagus bass nya,Happy
3330,barang nya lumayan bagus wkwk harga kualitas ga respon barang nya bagus sensitif nya,Happy
3331,kesalahan mengirim produk pengawas bola,Fear
3332,,Fear
3333,pembelian krupuknya mantap pengirimannya cepat rusak terima kasih penjual kurir sicepat,Love
3334,maaf barangnya bagus filternya pakai udh lepas kecewa,Sadness
3335,barang ga mulus bekas tekukan beli sampah aja,Anger
3336,murah cepat sesuai,Happy
3337,mantap,Love
3338,belanja dapet unit cacat dblg suruh ajukan komplain nti dituker trnyta tokonya sndiri yg blg gabs dituker official store mah ga solusinya gmn,Fear
3339,yg direquest dikirim warnanya beda,Sadness
3340,pengemasan lambat banget pengiriman lamaaaaaa,Anger
3341,berfaedah motif lucuu lucyuu seller jg pengangkutan jg kilat mksh yah sis sukses trs,Love
3342,bahan bahannya bagus lubangnya mudah menarik sekolah menengah,Fear
3343,barang sesuai deskripsi mukena nya tebal toko nya rekomended,Love
3344,tipis kualitas jahit busuk,Sadness
3345,tipis rapi harga segitu mahal krn ga awet,Sadness
3346,barang sesuai kualitas oke rekomendasi seller ni,Love
3347,bagus pengiriman cepet banget langganan nih,Love
3348,barang tipis cocok tebal berhenti berbelanja,Fear
3349,karungnya yg ga sependapat bawaan,Sadness
3350,jernih suasana boss,Love
3351,pai susu buruk,Fear
3352,barang dikirim sesuai barang dipesan,Sadness
3353,bro item kedaluwarsa memasak sebulan kuat,Anger
3354,mengecewakan hasil terbaik ngirim kartu selembar aja pake kotak tebal terima kasih sukses,Happy
3355,pengiriman barang cepat sesuai spec barang,Happy
3356,anjing palsu barang awas ketipu oi asli segel distributor nya,Anger
3357,arahan warna coklat yg warna aba aba kali tolong klo jualan profesional,Anger
3358,jelek bgt nyesal nya,Anger
3359,barang mencapai harga ekonomis kualitas barang penjual direkomendasikan ekonomis,Love
3360,kecewaaaaaaa botol pecah ngenes bangeett,Sadness
3361,tipis bahannya,Sadness
3362,produk fresh lezat packing rapih pengiriman cepat pelayanan toko ramah sukses ya,Happy
3363,,Love
3364,kualitas cetakan buku,Sadness
3365,barang sesuai pesanan diterima terima kasih,Happy
3366,produk asli donk bagus,Love
3367,barang sdh sesuai respon lambat dikirim pake sameday jam barang diantar keterima cat transaksi jam siang packing barang pengiriman seadanya rekomendasi deh klw barang pengen,Fear
3368,pitt pengiriman cepat kemasan cepat elegan hrga pengaturan,Love
3369,jahitannya rapi warnanya cantik ukuran sesuai semoga tetep amanah sukses mksh,Happy
3370,barang dikirim sesuai barang,Sadness
3371,disinfektan tangan bagus aroma tangan halus berharap kulit sensitif sakit,Love
3372,pesanan menyedihkan direkomendasikan,Sadness
3373,pengaruh suara,Fear
3374,pesannya hitam barangnya biru kesal kali malas komplain,Anger
3375,mantap bgt kualitas beneran kaya webcam sejutaan,Love
3376,produk berfungsi toko dipercaya pembeli diharuskan mengembalikan produk melempar surat toko bagus membelinya,Fear
3377,diharapkan volumenya cepat cepat,Fear
3378,barang sesuai,Happy
3379,pake udh berulah susah hidup kadang hang frezee blank komputer ubah gk respon trs agun lifetime recommended,Fear
3380,buruk,Anger
3381,kemasan bubble wrap rapih kardusnya penyok arm langsung kokoh produk sesuai,Happy
3382,elemen kardus rusak bawa menerima kardus kecewa menerima elemen diterima paas terbuka antiseptik basah memegang membukanya,Sadness
3383,mantaaapppppp battt renyahhh hrg fs free ongkiiir luv luv luv,Love
3384,barang dikirim pembeli mengirim toko menolak,Fear
3385,kecewa pakcing buruk box kayu hancur beli bh jual gak bagus retur kena biaya terpaksa jual box kayu,Sadness
3386,item lengkap pemeriksaan mengirimkannya kirimkan kalah pelanggan diberitahu mengirim kekurangan item rumit,Fear
3387,warna sekelas dgn lamaran,Anger
3388,pengiriman kurir gagal menangkapnya berat paket tipis panas,Fear
3389,proses cepat pengiriman cepat packaging aman barang terjamin tdk bocor,Happy
3390,mantabbbb barang bagus dahhh topp,Love
3391,pengiriman cepat packaging rapih prodak ok,Happy
3392,barang semoga awet terima kasih,Happy
3393,respond cepat packing aman barang sesuai deskripsi recommended,Happy
3394,memfasilitasi pemasangan tanggapan cpt cpt penjual,Love
3395,sesuai dg deskrip yg jual packing bagus cacat sy pesan,Love
3396,bonus kalender nya buku ok,Happy
3397,dikirimnya plus batrenya alias tdk sesuai pic,Fear
3398,elemen dikirim cocok pengaturan warna salah harap berhati menanggapi keluhan responsif,Fear
3399,barang sesuai pesanan,Fear
3400,bocor bala karet pendiangan bocor dri drat karna gk berapit rapatkan gk karna mentok,Sadness
3401,elemen setara menggambarkan sentuhan menghadapi rekomendasi lembut lembut,Love
3402,barang diterima kualitas brg mengecewakan mantap abis,Love
3403,kulkas udah basi hiks,Sadness
3404,barang toko pefia tolong reviwe kerjasama kurir antaraja lelet gak bertanggung barang sdh konfirmasi diterima pemesan hadeeehhh kurir super lelet,Fear
3405,waaah seneng bgt beli peralatan tulis joyko lengkaaap barangnya bagus harga terjangkau sellernya fast respon happy top deh pokoknya,Love
3406,barangnya lumayan tp kecewa respon penjual yg membantu kecewa ekspedisi barang ga smpai ambil,Sadness
3407,barang mantap jooss,Happy
3408,makasiii bgtttt sukakkkk,Love
3409,response cepat barang cepat kartu langsung aktif,Happy
3410,tdk sesuai ekspektasi,Sadness
3411,jahitannya rapi warnanya bagus,Happy
3412,ritsleting dibuka ritsleting,Sadness
3413,pelayanan bagus order,Love
3414,barangnya sesuai gambar lucu jga dipke anak,Love
3415,paket cepat terbungkus rapih bubble terima kasih toped kurir sellerkualitas product bagus material bagus harga terjangkau recomended,Love
3416,beli mengirim keluhan tanggapan kerugian beli kapuk,Anger
3417,barang bagus banget asli harga sgni dpt quality wireless microphone kek gni best,Happy
3418,lucu warnanya disarankan basis murah murah,Love
3419,bahan konstruksi kuat rusak,Fear
3420,kecewa bgt packing nya aman expedisi produknya cacat bekas baut nya udah dibuka brg trus body nya bekas lecet tombol power nya patah,Sadness
3421,mesin kasar pelayanan,Fear
3422,mencubit kehilangan kantor persidangan ditutup selotip longgar menguncinya lengan sayang bingung ditutup,Fear
3423,pasangnya gampang bahannya kokoh barangnya original proses pesanan cepat packaging aman packaging rapi respon penjualnya top penjualnya ramah banget,Happy
3424,permintaan mencapai alamat memulihkan uang menerima permintaan,Anger
3425,colokan adaptor mengalami kerusakan respon seller butuh diajak diskusi memperbaiki dibalas repair,Fear
3426,lampunya berfungsi nyala lumayan kekuatan batere jemur seharian jam barang yg soket bautnya patah terbuka,Sadness
3427,gak pengaruh kutu msih hidup sdh tes langsung ditipu nih semoga karma dah lu,Fear
3428,respons cepat barang ok terimakasih seller toped,Happy
3429,ernyata tebel bangat pengiriman cepat packing aman kualitas barang oke kereenn banget thanx,Love
3430,mudah dipakainya,Happy
3431,perintah dikirim,Anger
3432,tipis banget bahan parasutnya keterangan penjelasan tebal tipisnya seller perjelas,Fear
3433,respons penjual pengiriman cepat,Happy
3434,warnanya lucu barang sesuai cepat,Happy
3435,barangnya jelek cepet rusak pake sehari talinya lepas,Anger
3436,pesanan cpt diproses sy sdg pakai simcard nya eropa signal bagus recommend bgt,Love
3437,nyaman harga kompetitif olahraga dijamin termurah,Love
3438,item bungkus bungkus gelembung pecah layanan pengiriman kemasan layanan pengiriman aslinya kecewa,Sadness
3439,barang nya robek chat penjualnya bilang wajar karna produksi masal trus tulisannya pake capslock bilang maaf krna produksi masal kebablasan capslock kirim nya cek posisinya kebalik yg diluar ngebaliknya susah kaku,Anger
3440,produk bagus paking aman rapi respon kirim cepat,Happy
3441,kualitas bahan bagus nyaman dipakai jahitannya rapi warnanya cantik ukuran sesuai bahannya lembut model celananya cantik,Happy
3442,produk aslinya nyaman pembelian puas kesuksesan,Love
3443,mengecewakan barang tdk sesuai dgn yg ditawarkan cacat berlubang buatan kasar,Sadness
3444,layanan perjalanan gojik langsung pagi,Anger
3445,pengiriman cepat masker jahitannya rapi bahan kain,Happy
3446,amazing respon seller cepat barang ori foto sesuai deskripsi proses pengiriman kilat banget thank yaa kak sukses,Love
3447,diinfo dent dent ny kejelasan msalah battery kecewa tpi pesawat ban batt capacity kanan pesok bag monitor,Sadness
3448,packing aman berfungsi berguna banget pas nyetir,Love
3449,satpam bubblewrap gaada,Anger
3450,jelek mudah rusak,Sadness
3451,penjual ramah,Anger
3452,celanany ga masuk k kaki anak pesannya udh naikan ukuran,Sadness
3453,file cd kosong rekomendasi,Fear
3454,produk diterima lengkap lampunya terang pas kepala pengiriman standard paket aman makasih,Happy
3455,sesuai ditarik,Fear
3456,butek beli guys,Fear
3457,proses pengangkutan tampang tipis,Fear
3458,pengalaman mengikat globe,Anger
3459,penjual pelanggan sopan,Fear
3460,maaf kasih bintang barang udha dicek aktual sampe rusak,Sadness
3461,pilihan mix warna yg dikirim warna biru utk anak perempuan kecewa gk beli dsini,Fear
3462,batere usang telp marketing tunggu minggu sambungan,Anger
3463,perintah yg kritis,Anger
3464,layanan disarankan memenuhi respons pengiriman cepat,Love
3465,bagasi paruh kecewa,Sadness
3466,memesan pengemasan rapi lilin tulisan ulang rentan rusak dimasukkan pengiriman kardus cepat item dipesan lengkap berkualitas bocor lilin tulisan ulang anak bungsu senaaaaang terima kasih,Love
3467,,Anger
3468,roti keras,Anger
3469,kualitas beban produksi terbaru pengemasan penjual sederhana merespons,Love
3470,mantap dislorikin aja bro,Love
3471,wangi enak isi ulang nya,Sadness
3472,toko barang smpai gagal pickup yg kendala toko admin toko profesional mmg gak bener jg tdk gak pesan minggu dikirim rabu toko official store dipertimbangkan krna pelayanan pekerjanya yg gk bener bungkus cm kardus doang dilapis apapun,Fear
3473,warna putih dikasih hijau seller alasan babibu,Anger
3474,toples bahan bagus tutup toples pita lubangnya mudah memukau sekolah menengah maaf kupasan bagus,Fear
3475,kecewa karrna keterngannya lembar,Sadness
3476,order hitam pcs hitam,Sadness
3477,barang bagus sesuai deskripsi,Happy
3478,dapur kemasan asli efektif penjual cepat,Love
3479,thankyou seller bahannya adem cocok anak ambil size yg gede biar pake,Happy
3480,barang jelek tipis kepala batu elastis segagasan harganya kecewa berat beli,Sadness
3481,teksturnya keras hasilnya awet beneran waterproof gampang dipakai gampang proses pesanan cepat penjualnya ramah banget packaging aman packaging rapi respon penjualnya top,Happy
3482,barang bagus layanan bagus,Happy
3483,memesan kemasan buruk kotak dada rusak saudara,Anger
3484,parfum kondisi terbungkus rapi curiga tercium aromanya belom dibuka kardus luarnya buka kardus kardus dalamnya basah buka didalamnya isi parfum tinggal yg bermasalah oengemasan pengiriman mohon dievaluasi terimakasih,Fear
3485,expektasi bahannya kucel,Fear
3486,udah hubungkan ama hp n tablet tetep gak,Fear
3487,produk bagus rusak,Sadness
3488,mending beli habisin duit lengket,Fear
3489,klo test minimal nyala barang yg nyala komponen dioda yg gak terpasang power sih ok sy perbaiki,Fear
3490,barang dikirim cocok pesanan pesan jahitan tas minnie merah muda tas antek dikirim,Fear
3491,rumah rapi nyaman produk produk direkomendasikan produk bagus sesuai penjual tanggapan murah penjual cepat pengemasan aman cashback cashback pengiriman gratis belanja materi bagus oke oke oke intinya kali terima kasih mendengarkan ulasan terima kasih,Love
3492,sesuai kapasitas yg tertera boxnya kecewa pokoknya kalo gue balikin gue balikin dah,Sadness
3493,terima kasih spatoeid packaging rapi aman pesanan komplit,Happy
3494,kecewa penjual ga tanggung komplen gada solusi,Sadness
3495,penyok penyok doang sisanya bagus,Happy
3496,barang bagus teliti charger salah magnetik kabel charger usb ok,Happy
3497,memory sdh sy pasang keping gb berfungsi dg pengiriman lumayan cepat recommended seller,Love
3498,mantap sesuai pesanan blm coba semoga bagus,Love
3499,mampet sulit dibersihkan recomended produk,Fear
3500,udah ngikutin prosedur penggunaannya lemnya nggak lengket habis lem udah kering udah dikasih lakban kaya prosedur sandal dilem ditarik menjengkelkan,Anger
3501,barang asli nya seindah yg difoto,Sadness
3502,kantong sampahnya tebel ga bocor ga rembes kualitas oke banget beli,Happy
3503,mantap broooo penjual ramah sabar ditangani arigatooo,Love
3504,moon maaf ya gan paketnya sy buka bungkus buka krn sobekannya rapih ujung ujung bungkusnya posisikan terbalik buka berantakan isinya pesan kg bungkus yg rusak kg bungkus pesan kali kejadian tp kejadian yg yg parah maaf toleransi krn kelewatan kasih bintang selesai transaksi yg skrng mohon maaf kasih bintang perbaikan,Fear
3505,packingnya ga rapi yg ga ketutup kena hujan buku rusak,Sadness
3506,barang tdk lengkap sdh lapor tp sdh tp aja,Anger
3507,barang yg dikirim beda jepitan jemuran hilang udh uang sy gak,Sadness
3508,aman tujuan tinggal buka packingan blum sy cek yg sobek trims tengkulak next order,Love
3509,warna sesuai karet spy kaos kaki tdk mudah lepas,Happy
3510,ringan suara glodak glodak hidupkan ga proper sbg penyedot debu setara penyedot debu murmer design yg dijual,Fear
3511,suaranya bagus jernih discord kayaknya deh rekam audio bagus worth price,Happy
3512,kecewa kali bru beli aja udh lepas halaman ntah buku asli g nih packing jg,Sadness
3513,puas banget sellernya fast respon banget alhamdulillah butuh lilin dikirim yg anak ku ultah beli perlengkapannga insyaallah,Love
3514,mantul bet,Love
3515,speaker mic nya ga bunyi,Fear
3516,beli proses pengisian pena dikirim pena menjual hati terang,Fear
3517,produknya bagus toko mengambang pembeli diberitahu mengembalikan produk memunculkan ongkos kirim toko membelinya,Fear
3518,baunya sesuai harapan bau anchiah,Anger
3519,pelayanan ramah gratis design pokoknya rekomendasi banget bikin cap,Love
3520,halaman hilang halaman langsung lompat halaman mohon cek halamannya kalo dicetak,Sadness
3521,maaf sy aga kecewa ga yg bli ko polos gada tulisan kuy gayakin asli skali lg mohon maaf ulasan jujur,Sadness
3522,barang ngga sesuai warna hitam yg dikirim warna biru pas chat tulisannya ready stock bilang barang yg habis main kirim sesuai dgn permintaan,Anger
3523,barang sesuai deskripsi produk original packaging bagus,Happy
3524,kecewa buka kotaknya pegangan karet kepalanya patah ngecas batrai pengecasannya konslet untung kebakaran kecewa berbelanja,Sadness
3525,elemen dikirim cocok pengaturan tas mini stitch pink tas pelanggan dikirim,Fear
3526,respon seller rapih pesanan sesuai kukisnya enak teksturnya pas kemanisan mnrt sy dikurangi manisnya ok,Happy
3527,product spray kocok recomended kecewa,Sadness
3528,bahan parasut tipis deskripsi penjelasan tebal tipis penjual diklarifikasi,Fear
3529,tulis motif iron cement ga save penjual ga motif langsung kirim motif acak,Fear
3530,enakkk dipakenyaa bahannya bagus bahannya adem modelnya kekinian menerawang warnanya cantik jahitannya rapi enak dipakai,Happy
3531,aneh penjual lapisan lapisan gulungan gelembung gulungan penjual menjual gelembung menjual vga,Fear
3532,puas penjual tineco barang respons cepat dikirim kualitas,Love
3533,packing rapi barang sesuai pesanan,Happy
3534,barangnya ringkih bgt pake udh penyok pdhl pake mesin cuci kg maap,Sadness
3535,toko amanah dikirim kekurangannya karet baut dll pembantar kena ghosting kabar itikad petik kasih,Anger
3536,sukaaa bangett kakanya ramahh bgt responsif jugaaaa thank uuu,Love
3537,gak setanding batasan kualitas nol,Anger
3538,lucu penjualnya responsif obrolan malam sore senang cerah gelap terima kasih,Love
3539,parak aja sih seller ditambahin yg deret deret aja bubble aja roll aja seller jualan bubble jualan vga bandar yaa,Fear
3540,pengisian cepat hati mengirim lensa makro mata ikan sudut lebar lensa makro verifikasi mengirimkannya kecewa,Sadness
3541,nicee segel plastik jg aman asli,Happy
3542,bebannya buku buku pol mengurangi suka buku membeli buku renggut kasih,Love
3543,nyaman dipakai jamnya bagus banget warnanya cantik produk sesuai foto,Love
3544,lubang nya jelek bgt,Anger
3545,kecewa pengiriman barang rusak penyok tergoda harga murah ya,Fear
3546,maaf bintang penilaian tergantung efektivitas produk beli efeknya menggunakannya,Sadness
3547,sesuai harapan item sulit dimainkan,Sadness
3548,kerennn hp korea baka,Love
3549,deskripsi puas layanan penjual aplikasi ditangani dipilih menyelesaikannya,Fear
3550,bagus mengecewakan pengemasannya aman,Love
3551,berbohong sembuh,Anger
3552,enak enak enak enak uda order aja kali reorder thank u sukses,Love
3553,pengiriman,Sadness
3554,asri mengecewakan pengepakan sejahtera,Love
3555,kecewa udah beli gaada wangiwanginya cuman bau alcohol aja,Sadness
3556,tali tas nya putus,Sadness
3557,tipis bgt jelek,Sadness
3558,proses pesanan pengiriman barang cepat produk sesuai deskripsi seller responsif sukses jaga protokol kesehatan ya seller terima kasih,Love
3559,jumbo buka ukuran nya kardusnya,Fear
3560,aman tujuan cepat tinggal buka packingan blum sy cek yg sobek trims bos next order,Love
3561,barang dobel bandela plastik bubble wrap hancur diterima sejahtera isinya lengkap minyak mentah nya penyok,Fear
3562,tadiinya pesen beda model tp g selernya terpaksa pakai dah gmn lg,Sadness
3563,pengiriman cepat packing aman barang bagus sesuai deskripsi terimakasih,Happy
3564,gak merek keyboard,Fear
3565,saudara ps tombol hijau tombol hijau mati,Fear
3566,lucu warna disarankan harga murah murah,Love
3567,udah repeat order far puas,Happy
3568,rapi universitas qc diskonnya barang rusak kecewa,Sadness
3569,barddi lega mematikan penundaan jam tidur tinggal pagi rumah alat bardi cctv mengaksesnya mudah aula aula,Love
3570,pengemasannya krn high order kualitasnya yg kaya gimana gt harganya diskon tau click bait aja pas cek toko harganya miring untungnya cashback produk dtg udah ga simetris kurir alamat dibilang negative address kalo komplain kurir kemana ya btw kualitas barang dgn harga segitu ya positive tebal blm dicobain masak thanks seller,Happy
3571,gampang lepas new fujifilm,Sadness
3572,ujungnya robek rusak,Happy
3573,kualitas bahan mantap,Love
3574,harga flash sale kualitas barang nya bagus struktur nya kokoh utk smartphone nya,Happy
3575,bagus puas,Happy
3576,kualitasnya bagus foto pengiriman cepat,Love
3577,barang cocok permintaan mengumpulkan elemen,Fear
3578,tolong saudara muncul gambar tv led power lights hdmi,Fear
3579,ban pesanan perbaiki ditempatkan tokopedia menipiskan pembungkusnya baiklah pungut kasih dsini,Anger
3580,obatnya manjur anjing ku udah pulih sakit kulitnya thanks gan recommended seller,Love
3581,ga adda mesin nya beli,Fear
3582,membantu jerawat,Sadness
3583,langganan pengiriman cepat bagus berlanjut,Love
3584,beli tgl kiriman selesai tanggal tanggal tikus tikus mengeluh dipopang admin mengklaim garansi membantu bal bal gk gk,Anger
3585,parfum kondisi terbungkus rapi curiga tercium aromanya belom dibuka kardus luarnya buka kardus kardus dalamnya basah buka didalamnya isi parfum tinggal yg bermasalah oengemasan pengiriman mohon dievaluasi terimakasih,Fear
3586,bahannya jelek kualitasnya jelek brp menit rusak,Sadness
3587,membina,Love
3588,best banget pengiriman cepat,Love
3589,barang diterima sayangnya baterai merendam,Fear
3590,harga murah respon penjual cepat ramah sukses ya trims,Happy
3591,game fad,Anger
3592,produk original nyaman dipakai,Happy
3593,toko liburan memiliki pemberitahuan psn psn sejarah merah dibl cm membayangkan,Anger
3594,mandat,Anger
3595,tko libur ga ad pmbritahuannya pdhl aq psn sblm tgl merah chat dibls cm stu kta slma jam hmpir sja kulaporin pusat bantuan,Anger
3596,barang udah ya gan berfungsi terima kasih,Happy
3597,ang kota tangerang pengiriman lengkap ud gt barang yg ny rusak mengecewakan barang video unboxing jg,Sadness
3598,material produk bagus kualitas produk bagus produk sesuai produk original,Happy
3599,bener aja beli susu kemasannya berpendidikan gini kecewa mah acc dtgnya pas open box hancur gini,Anger
3600,kali prinsip harga berlaku sesuai kualitas pemeriksaan buruk bantal dilepaskan tiang pendukung pusat penghubung tiang menghubungkannya berbaris cobalah menggunakannya harapan kacang mendukung ponsel dirilis proses memasang ponsel ya pertimbangkan badan amal toko the berkomentar berkomunikasi,Fear
3601,produk dikirim tombol putih setting nya semprotan berfungsi garansi,Anger
3602,pengiriman cepat adminnya responsif buku kualitas bagus banget,Love
3603,packing aman puas thx seller sukses,Happy
3604,lucu,Happy
3605,warna ga sesuai,Fear
3606,yg beli wiskas junior bau bangke kucing gk pd doyan,Anger
3607,elemen sesuai,Fear
3608,diskon barang penipuan,Fear
3609,beli ezviz terpasang mudah dipasang setting barang original gambar pan tilt membantu menemukan sudut pandang optimal memantau terima kasih seller,Happy
3610,pengiriman ramah pengiriman minggu diterapkan tuhan kesehatan,Love
3611,pakai krn habiskan stock yg skr kualitasnya buruk krn cair beda yg tdk cair pdhal suka produk disayankan kualitasnya turun krn dicampur cairan,Fear
3612,seminggu merusak bahan koneksi ditentukan rapi,Sadness
3613,barang sesuai produk dipesan gm bear set pisau yg terkirim merk,Sadness
3614,coba sip mantul mudah mudahan yg satunya jg berfungsi sesuai deskripsi thanks gan,Happy
3615,ga bonusnya huhu,Sadness
3616,seller fast respon nice packing wrap game udah lancar jaya,Happy
3617,produk diterima lengkap lampunya terang pas kepala gak sempet foto barang bagus proses cepat penjual respon nya melambay terima kasih,Love
3618,pisaunya tajam,Sadness
3619,balon sesuai gambar bagus kualitas kecurangan gambar kecewa,Sadness
3620,keras banget ukuran nya gede nya dikit banget,Sadness
3621,barang bagus pengiriman cepat,Happy
3622,ekspektasi recommended seller,Love
3623,kotak kemasan kotak rumong,Anger
3624,berfungsi layanan toko bagus sarankan berbelanja toko pelanggan terbaik toko kecewa,Love
3625,kirim paket tokopedia ga teak wasit berguna,Anger
3626,keyboard tdk nyala baterai dicoba kali tdk murah toko barang tdk bohong,Anger
3627,bagus mengecewakan pengemasannya aman,Love
3628,beli dikirim komplain no respon gak solutif rugi beli kapok,Anger
3629,kali kecewa dapet udah kadaluarsa minum sehari besoknya udah asem gak diminum mohon pastikan tgl kadaluarsanya jujur kecewa banget,Sadness
3630,unreliable dptnya flash sale tetep gak worth sekedar charge yg mgkn ok,Fear
3631,proses pesanan cepat respon penjualnya top packaging rapi,Happy
3632,tripodnya berkualitas produk sesuai deskripsi packingnya aman sayang gak tau tengahnya gak pasang gak ngait aluminiumnya lepas gak nahan beban hp bs lem dlu bru pakai thank tokopedia toko yg terkait smga lancar usahanya overall bgs,Happy
3633,lem nya gak paket,Fear
3634,jelekkkkk putuss talinya,Anger
3635,dibuka robek,Fear
3636,mantap nyaman dipake bahan premium semoga awet diskon harganya,Happy
3637,admin keluhan selesai bintang suka kasihan bos memiliki karyawan memiliki empati keluhan memperbarui pengembangan keluhan,Sadness
3638,kemasan hancurrr pecah berantakan ga kepakai ssmoga kedepannya safety packingnya,Fear
3639,well sampe fix pesanan terlama tokped sobek bungkusnya ok thanks dsini,Anger
3640,alhamdulillah bagus,Happy
3641,penjual koperatif pengiriman lmyn cpt bau ny harum hotel,Happy
3642,bagus kualitas sisirnya tombolnya mudah dipencet bulu gampang ayun kucing banget disisir sampe merem melek,Love
3643,harga mahal ga sesuai ekspetasi cat ga rapih bahan kyk plastik murahan,Anger
3644,bagus suka udah x pesen ketagihan bahan alus,Happy
3645,udh top banget beli juara oriannya langganan pokonya,Love
3646,kualitas,Sadness
3647,wadah tudung buruk,Anger
3648,diterima mantafffffffffffff,Love
3649,rapi enak dipakai,Happy
3650,lampunya mati sialan,Fear
3651,barang bagus aslinya sesuai,Happy
3652,jelek packingnya hand body tumpah,Anger
3653,gak bintang sesuai iklan iklan nambah nol kenceng eksistingnya,Fear
3654,bahannya adem warnanya cantik tebalnya pas jahitan rapi,Happy
3655,sdh kebijakan harga murah pengemasan utama aman yg rusak sy terima,Love
3656,silikon payung rombeng ditekuk mudah rusak robek kualitas lamo sebagus bayangkan kualitas philips,Anger
3657,cenderung,Sadness
3658,bagasi terkirim pembeli kirim ulang toko menangkal,Fear
3659,harga murah lucu cepat kirim sukses ya,Happy
3660,debessss,Love
3661,gaenak basi iuhhhh plis beli gamau motong rezeki mu sriusan basi bau apek cuankinya mlempem bocinyaa bau bumbunya kaya dah ga seger kemasannya kaya dah berdebugituu ahhhhh nyesell jualan niat cari uangnya aja cari rasaaaa kualitas,Anger
3662,penjualnya tolong dibungkus kardus aman tanda paketnya dilarang ditimpah dijemur isinya film kamera,Happy
3663,barangggggg okkkkk,Happy
3664,,Love
3665,bagus alatnya harga sesuai kualitasnya tp msh masuk akal dibanding merk yg harga diatas kualitasnya seller responnya cepat tanggap mantap,Love
3666,slamenya hadiahnya cepat berharap penjual sukses,Love
3667,produk berfungsi,Happy
3668,respon delivery packing mantul barang sesuai thx,Love
3669,beli official store tgl feb eh feb udh siang cepat banget thank bangettttt cussons dapet harga flass sale jd murah,Love
3670,keren banget pelayanannya cuman beli lilin ajah servicenya bagus super cepat pesan pagi eeeh siang dah,Love
3671,penjual responsif pengiriman dibatalkan menginginkannya,Fear
3672,salah terbaik packing rapih kualitas makanan bagus,Happy
3673,buruk kotak bentuk pra,Sadness
3674,saran toko mengirim pengiriman menyarankan pengiriman orang,Fear
3675,sampe brgnya cepet sih tp pas dipasang kipasnya bunyi plus gak mur baut utk pengikat tutup kipasnya,Fear
3676,bawaan gak penipuan,Fear
3677,kualitas bahan mantap dijamin termurah berfungsi semoga awet tks,Love
3678,produk sih bagus seller teliti mbaca pesanan salah ukurannya susah,Sadness
3679,muatan tipis tdk cocok dibilang tebal kapok belanja,Fear
3680,kardus bekas pk bayar,Anger
3681,rumah rapi nyaman rekomen material produk bagus produk sesuai murah respon seller kiriman cepat packingnya aman cashback cashbacknya belanja gratis ongkir pastinya bahannya lumayan bagus oke oke oke pokoknya ulasan lebar aja kali ya terimakasih menyimak review sekian ucapkan terimakasih patuhi protokol kesehatan masker jaga jarak,Love
3682,barangnya bagus bagus sesuai pesanan harganya terjangkau berkualitas terimakasih tokopedia kurir seller,Happy
3683,exp april beli total jual klo tau exp g ambil dpt zonk segitu mo dipakai g habis exp,Fear
3684,toko elemen rusak mengharuskan konsumen dikenakan penjual gelembung dikenakan pembeli,Anger
3685,aroma bikin pusing,Sadness
3686,hadiah gak kirim toko offical gak amanah kapok dah,Fear
3687,seller responsive recomended,Love
3688,barang diterima dites berfungsi dg mantaaaaap recomended seller,Love
3689,kue bertanggung kue tanggal india mengeluh penjual dikonsumsi dimakan,Fear
3690,packing nya patut bngt pengiriman bangat kurirnya jg ramah recommended,Love
3691,kecewa krn muatan dlm box dibuka ransum botol ransum dibagian isinya tdk yg tersisa,Sadness
3692,lancaaaaarr kamarnya bagus terimakasih yaaaaa,Love
3693,bahan alami melembabkan kulit bayi bahan pengawet aman kulit bayi nggak lengket nggak memicu alergi proses pesanan cepat penjualnya ramah banget respon penjualnya top packaging aman packaging rapi,Happy
3694,bocor,Anger
3695,pengiriman leak beban habis dikirim barang pengganti leak parfum habis kali dapet botol ki harapan,Fear
3696,barang sesuai pesanan recommended,Love
3697,sy pesan yg gold tp yg putih barang gak sesuai kecewa,Sadness
3698,packing aman handle patah emang bahan plastiknya ringkih sih maklum pengiriman lumayan cepat,Fear
3699,barang nekas buka packaging nya,Fear
3700,kardus aus packing jelek,Anger
3701,terima kasih barang yg terima bagus berfungsi packingnya oke jd barang aman rmh kerusakan,Happy
3702,bahan adem pengiriman lumayan cepat,Happy
3703,solusi game menyenangkan permainan terbaik kalinya membeli dsni aj memuaskan mencapai esensi penjual komunikasi berkelanjutan memainkan pengiriman hebat terpelihara dilestarikan terjaga terjaga terjaga terjaga elemen aslinya proses pengemasan cepat hadiah arab terima kasih membeli dsni langsung menggunakannya mengecewakannya memiliki kesempurnaan sempurna terbaik terima kasih sukses,Love
3704,toko barang rusak dikenakan biaya konsumen penjual gelembung dibebankan pembeli,Anger
3705,barang yg sesuai pesanan,Sadness
3706,pelayanan patut kaidah,Love
3707,menerawang mudah dibentuk warnanya cantik pesanan cepat belanja toko mengecewakan,Happy
3708,toko ga niat jualan beli tanggal dkirim tanggal barang sih bagus pelayanan ngga banget sesuai review,Sadness
3709,pengiriman cepat packing rapi aman kardus packing tebal plus bubble wrap barang dicoba berfungsi thank much seller,Happy
3710,beli proses pengisian pena dikirim pena menjual hati jujur,Fear
3711,bubel gak kasih ud atc,Fear
3712,pengiriman kebocoran isinya dikirim elemen alternatif bocor,Fear
3713,menggunakannya merek,Fear
3714,susah bikinnya ga ngerti ribet packing yg lecek robek kertasnya acc kangmas,Anger
3715,packing aman produk sesuai kualitas produk bagus,Happy
3716,barang original segel proses cepat barang pengiriman bebas ongkir barang dibungkus bubble wrap tebal pengiriman aman,Happy
3717,kakananya ramah responsif terima kasih,Love
3718,bagus lem,Anger
3719,gak rapih bgt dalemnya kayak gak qc ntah diskon barang rusak kecewa sih,Sadness
3720,jamnya produk tokcer foto berangin,Love
3721,pesanan sesuai ukuran,Sadness
3722,kualitas baut bayi berlanjut,Anger
3723,dapet berjamur gini padaha expnya tolong perhatiin produknya,Anger
3724,benih konstruksinya kekar mudah patah,Fear
3725,jahitan rapih jahitan sambungan samping,Sadness
3726,sesuai,Fear
3727,pembelian beda aja pelet maxi nya beda ya dr warna gelap aroma beda,Fear
3728,kualitas barang,Sadness
3729,dabest pokokmya pengiriman lampung prosesnya jg gercep banget puas teruuuus ngga kecewa sm original source mantap,Love
3730,suka bau karet kuat,Fear
3731,,Love
3732,itemnya bagus sisirnya tombol klik praktis,Love
3733,produk sesuai pesanan,Happy
3734,retak gimana ya pembungkusnya nggak dicek dikirim,Fear
3735,barangnya bagus cuman berdebu aja,Happy
3736,bagussss repat order,Love
3737,bagasi serasi foto,Fear
3738,paket diterima kondisi aman lengkap cacat packing rapi aman pake bublewrap berfungsi normal ori segel harga bersahabat seller ok recomanded,Happy
3739,enakk banget isinya saosnya mantap seller ramah thank,Happy
3740,gampang penyok,Sadness
3741,kekeliruan dikit spongenya kirain tanggung nyampe mulus gak kekeliruan nya,Sadness
3742,mantap cepat proses kirimnya harga tjakeeeepp recommended,Happy
3743,pelayanan buruk respon warna baju tdk sesuai wa chat via toped gg respon beda yg yg beli toko,Sadness
3744,pesan barang pas promo dikirim disuruh refund duit yg dikirim barang hak sale gajelas sale nya nipu bgt sale official store,Anger
3745,kalinya membeli menyesal kualitasnya,Love
3746,respon lambat,Fear
3747,bad service pengangkutan day gosend melewati batas estimasi tdk memerhatikan pengangkutan sameday gosend non aktifkan pembeli tdk bayar lbh mahal ongkir,Fear
3748,produk busuk,Sadness
3749,nyoba varian micelar water nya sesuai kayak varian micro essence nya loreal harga diskon pulak cintaaa pengiriman aman terimakasih tokped loreal,Love
3750,membeli memperhatikan,Anger
3751,seret kalo dipadukan produk original pake kekuatan masuk overall puas produk bahan finishing bagus haturnuhun,Happy
3752,kalo malas macking daftar tokocabang aja bro biar konsumen puas gak bayar pegawai handle pengemasan barang packing jelek bgt,Anger
3753,packing buble wrap parit tambahkan kardus komunikasikan pengangkutan biar repot dikirim terpisah case nya ngga instan ngga dicancel,Anger
3754,bagus,Love
3755,pengiriman,Sadness
3756,membeli sepatu ukuran berbeda dikirim sepatu pengajuan klaim pengalihan diterima uang merugikan pelanggan order biaya ongkir ditanggung kualitas sepatu prima zona tongue jahitannya loncat pengalaman mengecewakan,Anger
3757,maaf kekecewaan pengguna fahhampton membeli angkutan tes tester farhampton jatuh cinta langsung membeli berbelok hak bertahan terbit proyek pemeriksa baunya jatuh cinta tes aroma,Sadness
3758,beli benih telepon toko muatan penggantian murah,Anger
3759,salah kirim warna sy warna pink biru hitam yg dikirim merah hijau hitam lampu led tdk nyala,Anger
3760,mantabbb default dahhh topp,Love
3761,dijamin termurah buka murahan kualitas bahan mantap berfungsi,Love
3762,warna kuning gold gold nya payah seller,Anger
3763,silent bagus pekerjaan ringan,Happy
3764,wangi wangi peppermint sesuai pesanan sdh beli botol,Anger
3765,pengiriman cepat bangeett packing aman walo dapet flash sale expired,Love
3766,bagussss bangeeettttt,Love
3767,mudah memfasilitasi tanggapan penjual lambat ketentuan,Sadness
3768,barang sesuai permintaan kumpulkan barang bagus,Fear
3769,elemen elemen bocor cocok deskripsi,Sadness
3770,kecewa respon tokonya pengiriman sameday order jam kirim besoknya chat pagi malam kapok,Sadness
3771,barang dikrm beda dgn yg pesan,Sadness
3772,udah kali beli ngga nyesel banget kualitas udah oke pengirimannya bagus cepat packagingnya rapi aman,Love
3773,bahan sepatu jelek bahan kalep cpt rusak,Anger
3774,bulatan besi yg disekrup salah ujungnya diputar,Fear
3775,barang sesuai foto leggingnya jg yg sobek,Fear
3776,barang udah nyampe makasih gan,Happy
3777,puas produk layanan rusak kondisi tertutup menutup meja pemasangan engsel sejajar pendek menyebabkan daftar robek dipaksakan menutup meja perbaikannya cacat pabrik pengiriman keluhannya diterima toko penjual menghubungi kurir,Anger
3778,menerawang mudah dibentuk nyaman dipakai jahitan rapi bahannya adem,Happy
3779,bahannya tipis menyesal membeli tes hahaha maaf bintang,Sadness
3780,ok,Happy
3781,produk berfungsi toko dipercaya pembeli diharuskan mengembalikan produk melemparkan surat toko bagus membelinya,Fear
3782,penjual responsif pengen cancel menginginkannya acc,Fear
3783,pengiriman kondisi paket barang diterima kondisi dicoba berfungsi terima kasih sukses,Happy
3784,barang jelek tipis kaku elastis sesuai harganya kecewa berat beli,Sadness
3785,melempar sesuai deskripsi produk ready stock packing rapi,Happy
3786,ngisi powerbanknya bgt sampe jam pas coba charge hape jg jam dr ngecharge listrik langsung,Fear
3787,beli cashew dikirim almond beli dikirim cm gak berkah dagangan mu,Anger
3788,cookies terenak dimulutku,Happy
3789,kualitas gunting bagus krn gunting rumputnya tdk tajam disebabkan krn bilah gunting nya tdk rapat celah yg mengakibatkan guntingan g maksimal utk penjual responsif tp barang memuaskan,Fear
3790,yg pesan alhamdulillah brg sesuai pesanan n wkt terimakasih recommended seller,Love
3791,proses cepat celana lumayan bagus makasih selleer,Happy
3792,barang sesuai gambar mengecewakan,Sadness
3793,sesuai pesanan,Happy
3794,warnanya sesuai,Fear
3795,customer pesan day delivery nyampe besoknya malam komplen cuci tangan ga tau really negative ga beli barang tokopedia,Sadness
3796,kecewa layanan toko menyesali toko paket paket paket tujuan menyarankan pembeli memesan barang bertanggung,Sadness
3797,bahannya lembut anti slip ukuran sesuai bahannya tebal warnanya cantik,Happy
3798,selesaikan kompleks internet,Anger
3799,mantap bernostalgia eranya maen jaman liburan sekolah,Love
3800,sesuai bayangkan,Fear
3801,kali kesekian pesanan ginseng membantu meningkatkan kebangkitan tubuh kondisi sup ayam direbus meminum air memasak,Love
3802,enak bgt cepet sampe,Happy
3803,barang dibungkus bubble rumah pecah dech nanya penjual ktnya claim video unboxing ga papa sedekah aja tokonya kwalitas tripotnya bagus kokoh,Fear
3804,kecewa membeli lgsg dibayar agustus september beban menerima keluhan minggu tanggal pesanan sabar batasan menyelesaikannya,Anger
3805,keras gak,Anger
3806,cepat harga oke sesuai pesanan,Happy
3807,kaos kaki tumitnya pakai langsung melar,Sadness
3808,duanya goib,Anger
3809,bawaan diterima eman baterenya uda soak,Fear
3810,kecewa belanja toko respon penjual cuek tanggapan barang tumpah basah minggu tau kirim nya pengiriman nya,Fear
3811,pengiriman perlahan seminggu membutuhkan pembelian supermarket langsung,Fear
3812,keripik tempe hancur n bau tengik ga kemakan,Anger
3813,spons terpisah kali lemnya bagus,Sadness
3814,baunya pasaran prtama kali pakai orang gue sakit kepala trlalu expektasi rugi harga segitu,Fear
3815,artemia dtg damai,Fear
3816,baguuuus sisirnya halus banget udah coba pake bulu,Love
3817,harga murah fast response ramah recommended pastinya order pertahankan ya kak best,Love
3818,ga efek buang duit mending beli parfum smprot,Anger
3819,kain jarik nya tipiiis banget kalo untk acara resmi cari aja harga emang kwalitas,Fear
3820,puas produknya pelayanannya bawaan cacat sifat tertutup mejanya menyalut rapat pemasangan engselnya sejajar pendek yg memicu listnya sobek krn dipaksa menyalut daun mejanya fix nya cacat pabrik pengiriman komplain ga diterima toko penjual suruh hubungi kurirnya,Anger
3821,cakep produk nya rekomen banget nih sesuai deskripsi,Love
3822,bahan panas dn warnanya ga cocok,Sadness
3823,isi paket via link aja yg rekomendasikan aja gagal via ovo mandiri sampe bca aja gagal ga system nya jualan,Fear
3824,penyelesaian permasalahan berbelit abad online oke,Anger
3825,diterima terimakasih,Happy
3826,mengecewakan hipseat baby carrier disambung safety lock hipseat baby carrier hood pelindung kepala bayi tersedia semoga kedepannya deskrepsikan produk konsumen mengerti paham produck yg jual,Fear
3827,robek diperiksa mengirim murah merusak elemen dikirim sebentar,Anger
3828,console sebelah kanan analoq ya drift lecet ng recommend deh kapok,Fear
3829,sepatu dikirim cocok warna jenis keluhan kompleks permintaan disimpan,Anger
3830,pesanan udh selesai orang barang terima ajukan komplain nungguin sampe saiki ga dpt barang penilaian barang kecewa berat deh,Anger
3831,bagus asap torch flame gunnya penjualnya fast respon pengirimannya cepat produk original packaging bagus produk berfungsi,Love
3832,penjual respons cepat keamanan pengiriman cepat,Love
3833,bantuan,Love
3834,fix berahi produk bahannya solid sepadan deskripsi beli,Love
3835,ukurannya yg yg lumayan harga segitu makasih ya,Happy
3836,dikirim lilin nya sdh beli,Fear
3837,paket barang sesuai pesanan dipakein boot hdd internal mesti konfigurasi ulang chip matrix nya terimakasih semoga awet,Happy
3838,pdhl tangsa membeli suvenir susu buruk,Anger
3839,barang bagus sesuai harga pengiriman cepat pesen malem pas paginya sampe,Happy
3840,pesanan sdh diterima dlm fast respond dr seller mantap,Happy
3841,barang gak dikirim gak ngadain flash sale gak stok,Fear
3842,kekecewaan pengiriman sebelah jebol cenderung harga murah,Fear
3843,kecewa pelayanan toko barang bermasalah disuruh tekan komplain kenyataannya ribet dibelakangnya kapok belanja barang senilai video barang berfungsi menolak komplain semoga berkah,Sadness
3844,sesuai pesanan,Happy
3845,kain green screen nya sesuai deskripsi kainnya tipis tp gpp dipakai,Happy
3846,packing tdk tau pengiriman tp tdk dilapisi pelindung sudut barang rusak,Sadness
3847,kekecewaan membeli komputer pengemasan pengemasan berlubang menggigit tikus,Sadness
3848,respon penjualnya top,Happy
3849,repurchase deh produk bulu mata oke banget ngerapihin alis akuuu natural yaaa,Love
3850,barang bagus packing rapi sesuai,Happy
3851,udah buble wrap aja tipis packingan nya,Fear
3852,jamnya ulet berkepanjangan anugerah kartu anugerah lemah buruk,Anger
3853,not recommended seller,Fear
3854,bagus pengiriman jg cepat enak dipakai anak ringan,Happy
3855,materi puas yah,Sadness
3856,buruk kotak model pra,Sadness
3857,ga kartu garansi alasannya kalo resmi ga kartu garansinya aduh boong bgt temen sales samsung ttp dus udah letoy bgt krn kurir logika aja bubble wrap tebel dus robek bubble wrap ga robek ga headset casan ga plastik kertas bawaan pake kertas tipis kaya hvs glossy kaya kotak bikina udah chat penjual jg ga penyelesaian hpnya sih ga lecet baret apapun smoga awet bener asli,Fear
3858,kerennn bahan hp korea langgeng,Love
3859,mantap dettol packaging super aman pakai air bag prosesnya cepat wanginya enak,Happy
3860,musim hujan dibungkus aman rapat air hujannya masuk,Sadness
3861,produk berfungsi harga sesuai kualitas packing rapi banget proses pengiriman cepat seller responsif ramah pesanan sesuai sedikitpun semoga awet terimakasih,Love
3862,aliran air lancar,Sadness
3863,buku gambarnya gulung alhasil melengkung,Sadness
3864,botol dikirim sesuai foto produk,Sadness
3865,ikat rambut mejanya loss ga ngunci coba seal tape longgar nge lock boom arm nya bagus eman bingung pakenya karna ga ngelock,Fear
3866,payahhh packing cm plastik dustnya manaaa,Anger
3867,silikon jelek mudah terdistorsi kualitas kejang bayangkan kualitas philips,Anger
3868,mantaps barang respon pengirimannya harganya murah,Happy
3869,rakit coba naikan kulkas sebentar kaki patah al hasil pakai untung kulkas jatuh,Sadness
3870,doang ngerasa gimaba warna ga much expected overall loved,Happy
3871,mantap enak sit,Love
3872,gelembung pengepakan,Anger
3873,mantaaap,Happy
3874,pengiriman kemasan bagus,Sadness
3875,mantap,Love
3876,cetakan buku nya tdk bagus,Sadness
3877,size dikirim konfirmasi,Sadness
3878,produk tiruan cacad ricord pembeli beli produk kalo rugi beli merk taffware taffstudio produksi casing tp kualitas dri buang buang duit clip aja ricord suara suondcard gx product gx,Fear
3879,pelayanan buruk barang dikirim enak beli,Fear
3880,penjual amanah responsif kabel berfungsi pengiriman cepat terima kasih,Happy
3881,kantong tidur tipis,Fear
3882,jamnya mujur terlampau produk sesuai foto berangin dipakai,Love
3883,menggunakannya terbalik toko cepat mengirim orang pulang rumah telepon menanggapi,Fear
3884,produk donk asli bagus,Love
3885,terimakasih recommended seller,Love
3886,barang sesuai pesanan,Happy
3887,penguncinya baris muat baris baris gak penguncinya gak kepake yng baris kardus utuh kayaknya lengkap pas nyiapkan kadung klik tetima mohon anak sungai cek jitu kirim,Fear
3888,memiliki layanan menyerah,Anger
3889,blm dimainin barang udh cacat angkanya yg pudar parah dah,Anger
3890,warna beda asli diganti seh tp pas dateng bahannya tipissss banget nyesel deh,Sadness
3891,nyaman memakai paket pengiriman bagus,Love
3892,barddi membantu menghentikan alat jam tidur hidup pagi rumah alat bardi cctv mencapainya mudah rumah bagus,Love
3893,asem tomat,Fear
3894,packaging rapih kemasan produk bolt sobek unboxing beban makanan benjut,Anger
3895,menghabiskan stok buruk kualitas buruk cairannya berbeda cairan suka produk kualitas turun dicampur cairan,Fear
3896,busuk menyahut respon pembeli n garansi kerusakan direspon,Sadness
3897,bukunya bagus harganya bersahabat banget nambah perbendaharaan cerita si,Happy
3898,barang sesuai pesanan,Fear
3899,barangnya original garansi ibox imei terdaftar kemenperin greenpeel barangnya mulus sinyal aman berfungsi,Happy
3900,diterima dus terbuka dus nya rapih tebel packing bagus diterima dus kebuka sobek penyok dapet bonus tp lecek kelipet karna packing ga niat barang nya kaya ga niat ngasih jd ga berguna bonus nya bagus,Anger
3901,diterima cacat lembut mantan ketara bersyukur,Sadness
3902,sy pake sameday dtgnya besoknya smtra sy byr jam respon rugi tau gt sy ga ush pilih yg sameday mksd biar jd rekomen,Fear
3903,warna sesuai pesanan menulis catatan cancel warna pilihan,Sadness
3904,info dent kejelasan baterai kecewa mesin jalan bagus kapasitas batt kanan monitor tas pesok,Sadness
3905,ujung hardcover penyok,Anger
3906,barang gak dipakai parah mah,Anger
3907,beli serioxyl nya ga yg giftnya aja gmn sih official account lho,Fear
3908,pie susunya jamuran duh parah bgt sih jualan,Fear
3909,terima kasih barang selamat produknya kemasannya aman,Love
3910,bahannya tipis kasar pengiriman cepet,Happy
3911,tipis masker medis kenal,Sadness
3912,gak kasih bintang toko manapun x kecewa barang yg minyak kayu putih gak kirim semoga berkah ka uang sgitu gak belanja toko yg gak amanah,Sadness
3913,pengiriman cepat product aman dicoba charge cm gak fast charging,Happy
3914,barangnya rusak kak diservis,Fear
3915,prosesnya,Anger
3916,jamnya sulit sinyal kartu sinyal lemah buruk,Anger
3917,sesuai deskripsi packingnya rapi thanks,Happy
3918,kabel nya original iphone seri bolak cas masuk,Happy
3919,sesuai harganya build quality nya bagus material bodi nya plastik kuat nahan beban hp yg kadang meruyup tripod nya hp nya posisi nunduk pemakaian kayu mount nya patah note foto pasangin tripod nya dgn holder merek holder bawaannya bagus,Sadness
3920,pengiriman oke produk kondisi warna salah gapapa makasih yaa,Happy
3921,barang selaras gambar serius,Anger
3922,thx gan barang selamat,Happy
3923,barang pcs yg dtg kualitasnya jelek bahannya potongan yg g rapi ketelabalan yg g sesuai mm deskripsinya g setebal,Fear
3924,kaus kaki tumit,Sadness
3925,cepat rapih aman beli ya,Happy
3926,barang palsu,Fear
3927,warna sesuai digambar,Fear
3928,beli dipakai udah hangus kapok beli catridge gak sampe seminggu,Fear
3929,toko bodoh sepenuhnya diisi barang rusak sesuai tujuan beli toko bodoh membeli kipas usb mini elemen toko paket hasilnya rumah rumah rumah pemulihan uang bayaran mini mini fans pembatalan bodoh berharap pelanggan berpikir kali berbelanja toko orang bodoh kecewa membelinya,Anger
3930,mantaab udh langganan keluarga syukaaaa trims,Love
3931,barang ok pengiriman cepat packing aman,Happy
3932,gak sesuai dgn pesanan pengiriman pengganyian produl konfirmasi,Sadness
3933,kemasan kotak,Anger
3934,ga selevel gambar kirain batang kardus,Anger
3935,pujian hamdolla elemen bagus membeli permintaan proses cepat,Love
3936,pengiriman cepat produk nyaman dipakai dirumah,Happy
3937,sesuai dibayangkan,Fear
3938,xplory,Love
3939,transportasi kebocoran isinya dikirim elemen substitusi bocor,Fear
3940,box hancur customer beli kado melengahkan bungkus pake plastik tipis toko gak substansi bubble wrap,Anger
3941,nggak fungsi pisaunya ditusuk tong kepalanya stay,Sadness
3942,barangnya kw kirain beneran promo,Fear
3943,kualitas produk bagus butuh ngecharge berhubung lampunya cahayanya ga semerata pakai ringlight okay ringkes bawa kemana,Happy
3944,keren banget harga murah banget dapet kualitas yg bagus pelayanan seller responsif,Love
3945,slow respon kecewa berat sampe batal otomatis karna ga diproses,Sadness
3946,adminnya ramah bgt asli nanya aja dijawabnya gercep bgt,Happy
3947,sialan wewangian biji kopi sesuai judul biji kopi kecewa penipu,Anger
3948,produk sesuai deskripsi recommended,Love
3949,pengiriman cepar barang bagussss,Happy
3950,kualitasnya mengecewakan blm dipake rusak bola joinnya,Sadness
3951,bubel ud atc,Fear
3952,barang sesuai deskripsi pengiriman cepat recommended seller,Happy
3953,produk sesuai deskripsi variasi produk beragam berfungsi,Happy
3954,toko niat niat menjual pembelian tanggal dikirimkan tanggal layanan sesuai ulasan,Sadness
3955,sleeping bag nya recomend tipis,Fear
3956,barang bagus kualitas bagus harga terjangkau recommended,Love
3957,lumayan sesuai harga makasi,Happy
3958,mantap berkualitas,Love
3959,lucu warnanya disarankan terjemahan murah murah aturannya,Love
3960,chat ga baca pdhl online salah pengiriman tp ga tanggung kaka ak doain bangkrut ga tokonya kali kek gitu ga berkah rejekinya,Anger
3961,layanan desain ramah hasil maksimum sesuai harapan direkomendasikan,Love
3962,order tgl nov tgl dec order official store itupun kemarin follow ekspedisinya status toped menunggu pick paket dipacking aman selembar plastik basah kena hujan kapok ga berani belanja melulu dichat penjual balas sistem info menunggu pick,Fear
3963,beli rusak bilangnya dicek ga ya,Sadness
3964,lengkap eyeliner milky white nya,Sadness
3965,karungnya yg ga sesuai pesanan,Sadness
3966,membantu jerawat menambah,Sadness
3967,sy pesan lilin yg angka tpi kirim nya angka angka nya sdh pdhl wkt beli sy sdh jlalasin sy yg angka sy tdk bs kirim foto nya krn sy udh buang brng nya krn tdk bs pakai sy udh tunggu brp hr smp brng nya buka yg kirim sm yg beli sy cmn pesan utk dpn nya blajarlah yg teliti brng kirim,Fear
3968,respon cepat buku sampul hardcovernya halaman halaman posisinya,Sadness
3969,pakai langsung koyak bahan tipis pengiriman chat ga bls ga recommended,Fear
3970,,Anger
3971,admin gemep intinya,Love
3972,respon cepat barang aman buahnya segar bagus pengiriman cepat,Happy
3973,wow sameday sm jam respons kerugian memilih,Fear
3974,kualitas produk bagus desainnya cantik warnanya cantik,Happy
3975,harga kualitas harga vs kualitas rendah,Sadness
3976,roti keras enak,Anger
3977,sekelas official store kacau sih packingnya plastik item tipis kualitas trash bag dilakban mending opsi bubble wrap,Sadness
3978,sukaaaa beli total udh pcs suami bilang model bahan bagus nyaman dipakai warnanya respon penjual mengirimkan barang super cepat,Love
3979,bru dipakai kali alat rusak penjual tdak bsa menganti,Sadness
3980,warna dusty sma abu abu kirim abu abu ama pink,Sadness
3981,barang mantapppp original robot harga lumayannnn okeee,Happy
3982,barang suasana bertabur packing sobek,Anger
3983,barang nya sampe buku bukunya mahal kurangin suka banget bukunya aka beli buku terima kasih,Love
3984,berfungsi retur berat ongkir kedepannya test kirim,Sadness
3985,nyaman banget dipakai kualitas bahan bagus,Happy
3986,pakar,Love
3987,pesan sabtu kamis,Anger
3988,kekecewaan dibatalkan produk dikirim rumit pengawas menerima paket langsung kategori titik toko resmi produk dikirim sesuai,Sadness
3989,ikan bagus sehat mantaaaaap,Love
3990,penjual super crane terima kasih bantuan,Love
3991,warnanya soft baguus sukaaa harga terjangkau warna kuku,Happy
3992,proses pembelian transmisi admin aaaaaaaaa sahutan lambat sopan toko,Anger
3993,warna lucu direkomendasikan nilai murah murah aturannya,Love
3994,kabel jack nya bagus colok mic nya terbaca coba colok speaker teken biar nyala suara mic nya bagus pake jack,Sadness
3995,lem kualitas aibon,Anger
3996,alhamdulillah brng sdah sya trima recomended,Happy
3997,silikon jelek mudah terdistorsi kualitas laundu bayangkan kualitas philips,Anger
3998,box nya gak rakit,Sadness
3999,secuil diputar,Fear
4000,sblmnya maaf boxnya gasempet difoto packingnya rapih bre pakai bubble wrap tpi tebel aman guncangan benturan isinya kokoh harga udah murah pelayanan terbaik sellernya gila sih pokoknya juara sih build nya kokoh besi kontrolnya sulit btw krn control sikunya dh terbiasa sih enak aja,Happy
4001,diadili berpengaruh proses pengiriman penjual terima kasih cepat,Sadness
4002,koper selaras gambar,Fear
4003,kemasan dibuka tercium aroma kecoa yg sgt menyengat mata bor disimpan yg bersih,Fear
4004,pesan dateng,Fear
4005,kali beli toped pelayanan mengecewakan jasa pengiriman diganti pemberitahuan pengiriman telat payah,Sadness
4006,kura kuranya mulus,Sadness
4007,buruk kotak formulir pra,Sadness
4008,kualitas kokoh slot terbuat karet gampang masukinnya ga bikin cartridgenya lecet ukurannya compact bgt gampang dibawa ga motifnya gambar stiker timbul bahan karet,Happy
4009,bagus bgtt modelny wrnnya bagus sedotannya kuat,Love
4010,alhamdulillah barang efisien beli kali pesanan proses cepat,Love
4011,mantavv serasi orderan joss,Love
4012,alhamdulillah barang bagus beli kali pesanan proses cepat,Love
4013,seller lumayan responsif kualitas brg sesuai harga dicek browser nya kebaca mb tp kalo udah dipake save game cuman kebaca mb ga game ngebaca mc nya sayangnya game game yg top yg ga ngebaca mc nya kaya god war,Fear
4014,baterai rusak bilang menghubungi pemasaran menunggu minggu koneksi,Anger
4015,kecewa pengiriman banget barang nya rusak penyok tergiur harga murah ya,Fear
4016,packing rapih aman makasih,Happy
4017,produk berfungsi toko dipercaya pembeli disuruh mengembalikan produk membuang ongkos kirim toko bagus membelinya,Fear
4018,dibuka bentulnya aneh kaya udah meleleh dibekuin buka pengiriman,Fear
4019,maaf kecewa pengguna fahhampton membeli isi tes tester farhampton jatuh cinta langsung membeli menyesar hak bertahan proyek penguji baunya jatuh cinta tes parfum,Sadness
4020,menulis motif semen besi menyelamatkan penjual motifnya alih mengirimkan motif acak,Fear
4021,bener aja beli susu kemasannya kaya gini kecewa mah ya dtgnya pas open box hancur gini,Anger
4022,seller tdk bertanggung jwb kindlenya dibeli rusak pembelian okt okt kindle nya rusak ad garansi bgtu message whatsapp read ga bertanggung banget ya beli sale service nya sgt bagus gabisa dipake deh kindle nya sayang banget uda nabung smoga dpt karma nya sndri deh,Anger
4023,yg direquest dgn yg dikirim beda warna konfirmasi,Fear
4024,bagus mengecewakan kemasannya aman,Love
4025,cacat gitu jidatnya bgt hadeeuuhh,Anger
4026,kualitas bangunan retak air retakan air optimal,Fear
4027,alat berfungsi,Sadness
4028,diterima packing terbuka pecah komplain kembaliin barang ribet repot,Anger
4029,jelek yg ori mousepad jd ga bs dipakai kl charger jd getar parah barang ga sesui foto kayak barang lapak sebelah yg harga beli bagus persis spt foto yg indikator ujung charger order lg mahal barangnya tdk dgn order,Sadness
4030,brg sesuai pic kurir sll yg terbaik langganan,Love
4031,proses pengiriman cepat berwarna sesuai pengaturan doff hitam doff memiliki harapan,Sadness
4032,produk terima dgn exp aman thx soho,Happy
4033,produk sesuai deskripsi variasi produk beragam berfungsi,Happy
4034,kecewa banget sih pesan maroon hijau army mint tu dganti warna semoga teliti n komunikasi dg pembeli barang tersedia,Sadness
4035,terimakasih kak pengiriman cepatt,Happy
4036,sampah bgt mohon beli produk sampah,Anger
4037,pesan warna coklat abu silakan jual profesional,Anger
4038,herbal lengkap harga oke langganan foto kalo masak tim ayam obat,Happy
4039,kecewa pengiriman bermasalah ekspedisi pengiriman c penjual fast response,Sadness
4040,kotak kemasan kotak rumong,Anger
4041,kecewa ganti alamat mlh gk,Sadness
4042,sulit angin bocor,Fear
4043,produk harga harga wajar kualitas pengiriman mencoba pengiriman barang paket pembeli rumah aman terima kasih,Love
4044,udah bandar restock dr soap aja pdhl diluar handsanitizer yg yg trpercaya dr soap deh,Love
4045,produk sesuai deskripsi pemasangan mudah kualitas gambar bagus pakai aplikasi pro,Happy
4046,respon proses not recomended,Fear
4047,byk yg hancur dikirim jkt,Fear
4048,udah berkali beli adminny bener sopan responsive sempet salah ukuran langsung retur ganti ukuranny proses mudah cepatt emg best atalon,Happy
4049,ujung buku rusak mahal beli buku import,Sadness
4050,best value money keliling eropa minggu ongkosnya segini,Happy
4051,packing rapi proses pengiriman cepat,Happy
4052,tampan halus sesuai harapan terima kasih,Love
4053,brg dtg tanda stick nya ga ok penjual ga periksa dl yak trus tukar tp ga mao alang ongkir nya donk emg penjual ga mao rugi ya mao ga mao byr uang xtra utk ongkir tukar stick smoga kedepannya bs lbh,Fear
4054,jelek,Anger
4055,pesen jam jam barang udah sampe pake gosend instant dapet potongan gosend instant cuman bayar harga refill instaxnya doang thankyou kakk,Happy
4056,kotak penutup buruk,Anger
4057,tas nya nggk bagus bahan sablonan murahan,Sadness
4058,bau serai pengiriman aman rapi,Love
4059,pengiriman cepat seller responsive barang nya bagus grip nya solid bahan plastik nyaman genggam adjust nya berfungsi harganya murah bgt puas beli,Love
4060,kunci garis memuat garis kunci garis kardus utuh lengkap menyiapkannya klik tolong silakan periksa kali mengirim,Fear
4061,produk sesuai deskripsi seller ramah barang langsung dikirim,Happy
4062,tdk sesuai,Fear
4063,sesuai harapan elemen sulit bermain,Sadness
4064,barang diterima sesuai deskripsi repon cepat paking bagus terima kasih,Happy
4065,material produk bagus ukuran produk sesuai,Happy
4066,barang dikirim diperiksa konsumen membayar membebaskan paku rivert sebelah penutup penahan tutup penahan dilepas menggunakannya,Anger
4067,pengangkutan charger fast charging,Fear
4068,ditrima barangnya dg memuaskan trimakasi ya toko pedia smg sukses trus,Happy
4069,pembelian salah dipertukarkan mencoba menawarkan permintaan jaminan membalas alih robot tai,Anger
4070,alang barang nggak tangkas tangkas suara keterima dgn transaksi langsung klik selesai besoknya error sisi penjual nggak dgn produk error setlh transaksi diklik selesai nggak diretur kepaksa ulasan diedit bintang deh pake yg model kabel,Fear
4071,item orang gantinya doraemon mengobrol sesuai urutan admin,Sadness
4072,makasiii bgtttt i sukakkkk,Love
4073,lem kualitas lambat aibon,Anger
4074,jelek bgt bikin kecewa,Anger
4075,kualitas produk mengecewakan mulut buaya dibuka stuck dipakai klaim mengembalikan barang prosedurnya mudah sampah rumah,Sadness
4076,baterai rusak menghubungi pemasaran menunggu minggu kelanjutan,Anger
4077,barangnya bagus mewah banget udah dicoba jg yg ngegumpal tarik jg bagus pokoknya,Love
4078,kulkas kondisi bagus semoga awet suka banget toko aja lebaran sanggup kirim pesen jam jam nyampe mantaaaap thx seller,Happy
4079,kertas nya jelek tinta cetakan baca,Anger
4080,barang diterima cacat analog komplain dilayani kirim kesana ribet ongkir pengiriman nya kali tdk buka segelnya cek analognya complain kirim terima kasih,Fear
4081,bahannya tipis,Sadness
4082,lampu mati nyala revan,Fear
4083,barang sesuai ukuran,Sadness
4084,expirednya bentar,Sadness
4085,buku palsu,Anger
4086,barang udah kondisinya sobek,Sadness
4087,mantap recommended seller,Love
4088,barang yg dikirim gk sesuai modelnya,Anger
4089,busa yg telurnya kempes,Fear
4090,barang air basah bau berkualitas cat terkelupas,Anger
4091,seller positive mini wireless keyboard berfungsi terima kasih,Happy
4092,pdhl membeli tangsa suvenir susu cm buruk,Anger
4093,layanan,Anger
4094,raknya bagus simpel masangnya susah pengangkutan recomended,Love
4095,barang promo alang dikirim alih diberitahu mengembalikan uang dikirim penjualan penjualan penjualan mendekati penjualan toko resmi,Anger
4096,,Happy
4097,maaf kecewa pengguna fahhampton membeli isi tes tester farhampton jatuh cinta langsung membeli berubah hak bertahan hidup proyek penguji baunya jatuh cinta tes aroma,Sadness
4098,membeli kedatangan elemen sesuai citra menjual gadis bahagia mengambil uang ilegal,Anger
4099,mantullllllll,Happy
4100,membeli benih telepon toko barang memiliki penggantian murah,Anger
4101,barang,Sadness
4102,toples bahan teratur penutup jar lubangnya mudah memukau sekolah menengah,Fear
4103,dendeng yg sy terima muncul jamur putih dipermukaan dagingnya ketumbarnya dimakan kasar seller mohon diperhatikan kualitas produk dijual terima kasih,Fear
4104,barang dg selamat packaging rapi proses pemesanan malang terima kasih,Happy
4105,packing sesuai respon markotop,Happy
4106,talinya ud putus dimasukin,Anger
4107,bahan plastik kuat menopang sih kuatnya tablet gaisss beli,Fear
4108,kecewa barang rusak reseler jualan tdk amanah klo jualan amanah ya kak biar berkah,Sadness
4109,produk dikirim alias mati produk rusak dikirim konsumen,Sadness
4110,chat gk balas recommend beli,Fear
4111,exp udah beli jual pengalaman klo harga miring mumer waspada,Fear
4112,puas produk layanan cacat kondisi tertutup kantor perbaikan cacat pabrik pengiriman pengaduan diterima toko penjual menghubungi,Anger
4113,proses isbat chat gk,Fear
4114,silikon jelek mudah terdistorsi kualitas laundu bayangkan kualitas philips,Anger
4115,produk original barang sesuai deskripsi bahan tebal keren,Happy
4116,warna putih dikasih hijau seller argumen babibu,Anger
4117,diterima bagusssss,Love
4118,mantap paket makasih ya gan,Love
4119,mengecewakan,Anger
4120,jamnya banget produk sependapat foto berangin dipakai,Love
4121,beli isi ulang pulpen yg dikirim isi ulang pulpen kalo jualan teliti jujur gan sayangnya gak video unboxing kalo komplain gak buktinya rugi acc udah diiklasin aja smoga dijadikan plajaran pembeli,Fear
4122,disconnect kadang berfungsi autocatch,Fear
4123,barangnya buwaguusss sesuai pesanan angin nya kencang angin puting beliung laptop ademmmm benerrr,Love
4124,bagus halus ringan teleskopik gagangnya kokoh dibanding gagang,Happy
4125,roda pesanan perbaiki ditempatkan tokopedia menipiskan pembungkusnya baiklah terima kasih dsini,Anger
4126,modelnya keren ukuran sesuai bahan berkualitas potongannya rapi bahan menyerap keringat warnanya sesuai,Happy
4127,barang lengkap packing sdh chat kekurangannya dikirim janji barang bagus,Anger
4128,packing jelek brg dtng kotaknya pesan bh rusak bh,Anger
4129,kardus bubblewrab,Love
4130,ga bagus ga lem,Anger
4131,kesempatan hilang hilang,Fear
4132,luarbiasaaa udh beli toko penjualnya ngerti kebutuhan sy butuh urgent minggu dihandle pdhl hrsnya libur pake sameday tp nyampenya ekspress jaksel bekasi puji tuhan thanks much seller kurir sameday gbu,Love
4133,produk murah selamat wrapnya tebel biar bintang yg bicara,Happy
4134,packingnya jelek handling produknya bagus kasih kado orang kardusnya jelek biki malu aja,Anger
4135,promo ngawur asa kejar diskon spesial mahal dr promo reguler,Anger
4136,ringan bgt enak dipakainya batang pel nya kokoh ga nyangka harga semurah tp kualitasnya bagus bgt pel nya bs mutar derajat bikin gampang ngepelnya ga manuver bikin pegal,Love
4137,harganya ok banget dpt cashback very fast response ga kendala check mantap,Happy
4138,bahannya adem stretch worth buy utk harga segini yg hitam bagus dibanding yg putih,Happy
4139,pesan yg dtg pink yakali pake pink kalo mmg abu abu habis loh fitur chat konfirmasi pembeli bersedia ganti warna kardus rusak barang dijual penjual maaf kesalahan yg solusi kekeliruan yg penjual prosesnya banget beli jumat pagi diproses senin alasannya sabtu minggu libur kayak pns ya barangnya gak nyaman banget sakit kalo dipake panggul kesimpulannya not recommended seller at all,Anger
4140,pengiriman perlahan seminggu membutuhkan pembelian supermarket langsung,Fear
4141,elemen dikirim dicoba komputer berfungsi surat mahal harga barang kekecewaan,Sadness
4142,pengiriman,Sadness
4143,responsif barang lengkap tulisan refund komplain disuruh bersabar ditunggu itikad pengembalian dana nya,Sadness
4144,kecewa tdk puas dgn tgl order barang status menunggu konfirmasi diproses penjual pembatalan mengganti produk yg beli toko yg konfirmasi penjual melalu chat proses pembatalan malam tidur status menunggu konfirmasi yg pesanan diproses tp tgl juli pagi penjual mengubah statusnya diproses yg penjual berkenan pembatalan status diubah menunggu kurir ditanggal pagi tgl barang dikirim status menunggu kurir status pengiriman terupdate penjual menyalahkan provider pengiriman barang dikirim setelat lapor tokopedia,Anger
4145,item berlipat ganda plastik bungkus gelembung dihancurkan diterima isinya lengkap minyak mentah penyok,Fear
4146,admin ramah sabar menghadapi rekomended,Love
4147,kaca plastik pesan rusak barang terima barang cacat toko dipercaya menawarkan ganti rugi ribu item barang rusak harga beli itupun proses berbelit belit toko dipercaya,Fear
4148,ha ha ha,Anger
4149,seukuran yg digambar,Fear
4150,area dingin gritongan hahaaaa,Anger
4151,respon chat cepat recomended seller packing rapi,Love
4152,selesaikan kompleks internet,Anger
4153,itemnya bagus pengirimannya dikirim kecewa,Sadness
4154,dapet lengkap solusinya,Fear
4155,elemen kondisinya dihancurkan kemasan eksternal robek,Anger
4156,barang diterima sayangnya baterai rendam,Fear
4157,beli pc normal hambatan macet rumah pergi langkah normal mengikuti manual,Fear
4158,barang aman,Happy
4159,fast response produk bagus sesuai pesanan pengiriman cepat,Happy
4160,barang bicara respon penjual lambat mengajukan pembatalan respon saran tolong responsif penjualan online jual sustain keyboard jgn menyepelekan toko jual customer butuh kejelasan membeli barangnya sya sehari pengirimannya kecewa kapok belanja,Fear
4161,trimakasih barang sayang kulitnya cacat,Sadness
4162,komponen bagus terima kasih maine,Love
4163,sdh belanja smg terlonggok dah aamiin,Love
4164,uucchh gemezzzz syukaaa,Love
4165,proses pengirimannya lekas warna setolok pesanan hitam doff doffnya yg jd nga setolok ekspektasi deh,Sadness
4166,respon cepat barang sesuai sipppppppppp,Love
4167,jamnya susah karunia pake kartu apapun lemah karunia jelek bgttt udh komplain gada penyelesaian yg menimpali,Anger
4168,obrolan imbalan kuota dijanjikan memasuki parah rusak,Anger
4169,kencang nyaman aman aktivitas dijamin termurah,Happy
4170,produk sdg smp sy tes tp terbaca fast charging hp,Sadness
4171,alhamdulillah cepat pengirimannya seller ramah packing rapi produk kondisi tebalnya pas bahannya ok sesuai perkiraan terima kasih,Happy
4172,bagus bangettt bahan lumayan teball sukaa murahh kualitas lumayan lahhh tapiii sukaaaa,Love
4173,mobil elegan mobil elegan senang layanan rumah senang dipasang bengkel,Love
4174,keren langsung pasang jepitannya kelebihan lemari gampang dirakit warna sesuai kualitas ok kokoh mantap mantap,Happy
4175,tripodnya sturdy ringan manual seller fast response,Happy
4176,dikasih lcd rusak touch gak layar oke garis horizontal layar besok nya layar shadow pake lcd yg penjual alasan sbg pembeli disalahkan pemasangan beli aja korban,Anger
4177,pengiriman pesanan kamis dikirim diklat dikirim hasilnya gagal melepaskan kinerja,Fear
4178,kecewa bikin body mobil jd kusam pakai mobil jd ga kinclong lg,Sadness
4179,topi bagus membeli ah,Love
4180,baterai usang bilang menelepon pemasaran menunggu minggu efeknya,Anger
4181,udah botol refill beli dpt botol yg sticker dermatologically tested nya,Love
4182,sedotannya kuat harganya murah mudah dibersihkan kabel listrik,Happy
4183,barang dikirim berbeda gambar dikirim spilling merek sikat penipuan,Fear
4184,packing rapih fast response rgbnya bahari rekomendasikan,Love
4185,bahan mudah bengkok pdhl sepatu sambungan mudah lepas,Sadness
4186,kakinya gampang diatur berfungsi kualitas sesuai harga,Happy
4187,mantap pas sih ga lengket galon tpi speed air mulutnya yah dikit,Happy
4188,barang terkirim pembeli kirim ulang toko menolak,Fear
4189,bahannya lembut empuk lezat tidur bangun bangun selamat tinggal bantal bahan bagus bagus sesuai harga terjangkau terjangkau,Love
4190,mengirim lilin membelinya,Fear
4191,respon mutu lumayan hrg terjangkau,Happy
4192,beli twinpack yg kirim cm mohon tanggung nya ka bayar harga twinpack,Fear
4193,beli jerigen kemasan liter jerigen yg isinya,Fear
4194,membeli diperhatikan,Anger
4195,beli datangnya barang gk segagasan foto ketajaman yg jual goblok tenteram makan uang haram,Anger
4196,barang sesuai yg diiklannkan sdh tukar yg payahnya peka copartble merk,Sadness
4197,barang sesuai diskripsi kulit muka jd bersih lembut halus rekomen bwt cowok mantabs,Love
4198,kemasan lambat pengiriman,Anger
4199,belanja kecewa belanja kali,Fear
4200,bukunya penyok diujung kebuka dikit plastiknya pas nyampe,Sadness
4201,warna lucu direkomendasikan murah murah aturannya,Love
4202,pelayanan buruk barang dikirim enak beli,Fear
4203,sentosa packing ya sentosa pokoknya,Love
4204,lumayan barang berfungsi lucuuu,Happy
4205,mobil roda panas asli pikir aslinya,Fear
4206,membatalkan tanggal perubahan cincang,Anger
4207,makasih gan sukses selaluu pelayanan mantapp barang asli sukses seller agih harga pelayanan yg mantapp,Love
4208,recommended seller barang udah packing rapih barang sesuai deskripsi thanks ya,Love
4209,kaki mainan robot hulk mohon dicek sblm kirim brh,Fear
4210,kecewa selaras p g packingnya kayak gini dilapisi plastik bening udah tau penyalut wanita sifatnya privasi pengirimannya,Sadness
4211,emang kaya basi gimana gini kaya bau tong sampah,Anger
4212,barang diterima kondisi packing aman makasi,Happy
4213,ketahanan wangi claim yg sebutkan,Fear
4214,warna dgn permohonan,Anger
4215,kekecewaan pikir bebannya berbeda pena pancing pasar sekolah menengah meragukan daya tahannya lihat meninjau jenis sekolah menengah dikirim aq berbeda,Sadness
4216,seller menggapangkan menyepelekan pembeli pengiriman pelayanan memuaskan seller bilang dikirim barang dikirim pas pick gagal pick follow lg seller complain kerjain kirim kualitas barang standar intinya beli dimana barang sejenis tp menyesal berhubungan seller,Sadness
4217,pengawalan dikirim,Anger
4218,kondisi drum pad nggak rapih lem belepotan,Fear
4219,packaging rapih kemasan produk bolt sobek unboxing isi makanan berantakan,Anger
4220,celana masuk kaki anak pesannya meningkatkan ukuran,Sadness
4221,barang diterima bertanggung kali belanja langsung dikecewain,Fear
4222,elemen memiliki pembelian elemen,Fear
4223,pengiriman lamaaaaaaaaaaaaa sadar,Anger
4224,beli pesanan tgl diselesaikan tanggal tanggal tikus tikus mengeluh didukung admin mengklaim garansi membantu mengobrol bal gk gk,Anger
4225,berbelanja dikumpulkan aamiin,Love
4226,bawaan cacad dent kabel usb adapter gk kolom,Anger
4227,barang berfungsi membeli barang rusak,Fear
4228,deskripsi diameter filter salah memasangkan lensa lenscap cocok,Sadness
4229,berfungsi flashsale harga murah oke andalan utk rebus telor,Happy
4230,kemasannya lecet lengkap sesuai pesanan,Sadness
4231,barang gambar bereskan ulang tatakan balon nya gak dikomplain tokopedia biaya nya tetep kecewa karna penjual menginformasikan ketersediaan barang banget maaf dikasih rate segitu,Sadness
4232,aturan kecewa paket memecahkan kopi tersebar kesalahan diperkenalkan,Anger
4233,terima kasih paketnya barangnya bagus banget sesuai foto muat pakai baju senang banget ramah orangnya,Happy
4234,diterima cacat keara terima kasih,Sadness
4235,toko liburan memiliki pemberitahuan psn psn sejarah merah dibl cm membayangkan,Anger
4236,produk pakek sehari lo bayangin udah rusak analog nya wkwk asem tenan wkwk,Anger
4237,admin menghubungkan jawabannya,Anger
4238,celana pesanan nomer dikasih,Sadness
4239,great service pelayanannya super cepat memuaskan yg sabar,Happy
4240,layanan mantab cepat komoditas asli,Love
4241,jelek packingnya hand body tumpah,Fear
4242,privasi nya gak terjaga pas ngambil nya malu bacaan celana wanita tolong jaga privasi udah paket nya smlm titipkan orang,Fear
4243,kanun gambar truck pemadam dikirim mobilan police not recommended,Fear
4244,ga aromanya,Anger
4245,barang bagus sesuai gambar gaberwarna,Happy
4246,utk pencil alis nya yg matic patah free kaca ny pecah,Sadness
4247,maaf kecewa pengguna farhampton membeli isi tester penguji farhampton jatuh cinta langsung membeli ketahanan proyek pemeriksa aromanya jatuh cinta aroma tester,Sadness
4248,arah dikirim,Anger
4249,pembelian buka langsung sobek,Sadness
4250,yg berat,Anger
4251,celanany ga masuk k partisan famili pesannya udh naikan ukuran,Sadness
4252,pengiriman cepat tp teliti dikirim macro lensnya dapet fish eye wide angle macro lens yg mohon dicek seblm dikirim kecewa,Sadness
4253,puas kemasanya aman ya karna pakai bublewrap pake map coklat gitu mapnya sobek ujung nya untung bukunya aman,Happy
4254,desainnya cantik potongannya rapi,Happy
4255,berfungsi kualitas sesuai harga penjualnya ramah banget proses pesanan cepat respon penjualnya top,Happy
4256,barang dibuka dipakai jahitan yg terbuka negative quality control,Sadness
4257,lem pipa rekat ngelem sepatu kecewa,Sadness
4258,sesuai randomnya sesuai expektasi renggut kasih,Love
4259,direkomendasikan warna lucu harga murah murah aturannya,Love
4260,hidup,Fear
4261,br pakai rusak engga jatuh ga kebanting,Fear
4262,cepet banget proses kirimnya pelayanan terbaik,Happy
4263,bawaan nya kw harmonis lemah beda ori,Anger
4264,barangnya sesuai pesanan bagus banget yg aus samping nya packibg kebuka,Happy
4265,mantap biar bernostalgia eranya maen pas jaman liburan sekolah,Love
4266,harga alat sesuai kualitas logis dibandingkan merek meningkatkan harga kualitas penjual respons merespons cepat,Love
4267,pesanan tdk dikirim tlg direspon,Fear
4268,bagus kuteknya pengiriman respon penjual okey nyesel pesan next time order thx,Love
4269,berfungsi kualitas print bagus enak disimpen karna sleeves nya,Happy
4270,sdh diterima dg tdk yg bocor pengiriman cepat,Happy
4271,sy order dikirim krn weekend senin sy cek system sdh close penjual penipu krn tdk online,Fear
4272,bocor paket basah jd tinggal bublrwrap terikat alienasi aja plus liquid nya gak enak botol rujukan aman,Anger
4273,maaf kecewa pengguna farhampton membeli isi penguji tester farhampton jatuh cinta langsung membeli ketahanan proyek penguji aroma jatuh cinta tester aroma,Sadness
4274,mantap banget best price pelayanan responsif thumbs,Love
4275,nympe,Anger
4276,produk mencapai puasa modifikasi ucapkan terima kasih,Love
4277,harga sesuai barang yah,Happy
4278,pengiriman cepat respon penjual packing bangt terima kasih seller,Happy
4279,klo kirim barang cek gan beli yg mati harga segitu lumayan,Sadness
4280,mudah,Love
4281,foto display varian yg bonus harga berbeda,Fear
4282,cepat paketnya bahan satin bagus halus ramah banget orangnya,Love
4283,barang aman diterima yg seneng wanginya enak banget,Love
4284,payahhh packing cm plastik dustnya manaaa,Anger
4285,barang operasikan menghubungi customer service belom response,Anger
4286,tipis bgt kyk stocking,Sadness
4287,memuaskan cpt smpe,Happy
4288,lumayan bahannya harganya murah,Happy
4289,bagus berkualitas sesuai gbr makasih seller tokped kurir,Happy
4290,warna sesuai gambar daya serap nya buruk cendrung menyerap air parah kecewa kualitasnya memburuk pas order wood pellet,Sadness
4291,tolong diperhatikan lg warna catatan pembeli pesan warna hitam list silver dikirim warna silver list hitam kecewa berat,Anger
4292,parah respon nya butuh hr order dikirim granola nya jg ancur,Anger
4293,bukunya sampe makassar rongsok ujungnya unpack packing nya tebel kurirnya bermasalah ga rela sih bukunya tebakan mahal,Fear
4294,dikirim sesuai pesanan proses,Fear
4295,lobang tali sepatunya lobang tusuk pulpen sepatunya cek kirim,Sadness
4296,brg trima dgn n respon cepat tks,Happy
4297,kekecewaan harapan membayar lgsg agustus september barang menerima keluhan seminggu tanggal,Anger
4298,diinfo dent dent ny kejelasan msalah battery kecewa tpi mesin jalan batt capacity kanan pesok bag monitor,Sadness
4299,barang cocok mengirim tim termurah harga barang,Sadness
4300,wow murah pengepakan elegan produknya bagus keren uhuy pisan hehehehehe,Love
4301,alas kandang nya oke banged tebal bahannya bagus pengemasan pengiriman jg cepat,Love
4302,responsnya cocok deskripsi solusi respons penjual,Sadness
4303,elemen rusak seminggu tanggapan penjual percakapan,Fear
4304,urutan kecewa membungkus kopi tersebar kesalahan parah kurir,Anger
4305,produk chip dalamnya didaur ulang dipasang menggiling aslinya pembeli harap perhatikan tolong perhatian khusus,Fear
4306,kualitas tali jelek masker nya tipis laba lumayan banter ga worth aja,Fear
4307,wanginya enak,Fear
4308,produk cepat sesuai deskripsi chat nya slow respon overall bagus,Happy
4309,udah sampe gampang banget rakit besinya lumayan kokoh sellernya ramah terima kasih,Happy
4310,terang elemen rusak dikirim dikirim kesalahan membukanya video unboxing menteri mengecewakan presentasi catatan silakan periksa barang mengirim barang mengirimnya,Anger
4311,packing good,Happy
4312,bahannya plastik ga melamin berkilau,Sadness
4313,pengiriman kurir penjual lambat mengirimkan ekspedisi barang,Anger
4314,touchscreenya fungsi saran aja dikasih konsumen baiknya tes,Fear
4315,terjemahannya berantakan bgt mending beli yg versi inggrisnya aja,Anger
4316,tersebar dipakai kemasan bagus pengiriman hebat,Love
4317,ukuran konsisten pembelian memuaskan pembelian kebesaran size nya komplain pembelian pembelian kebesaran,Sadness
4318,membatalkan perubahan tanggal pengiriman cincang,Anger
4319,kualitas bagus,Sadness
4320,barangnya gak berfungsi,Sadness
4321,barang cocok pesanan silakan kumpulkan barang hati,Fear
4322,toko,Fear
4323,semurah sebagus maaf ya telat kuota bajunya dijemur ringan dipakai jahitannya rapi ukuran sesuai warnanya bagus bahan menyerap keringat menerawang,Happy
4324,kotak dirakit tipis rusak diterima pengemasannya mengeluh tinju barang murah membuang berbelanja item tinju pbb,Sadness
4325,nympe,Anger
4326,dingin harganya murah,Love
4327,beli tanggal lengkap mengeluh tanggal kerusakan,Anger
4328,elemen menggandakan penutup penutup plastik gelembung dihancurkan diterima,Fear
4329,terbalik akal penyok,Sadness
4330,ulas sih mintanya tumbuk halus membandel,Anger
4331,gak rapih bgt dalemnya kayak gak qc ntah diskon beban rongsok kecewa sih,Sadness
4332,barang kagak sampe beneran kagak sampe gak toko nya aplikasinya kecewa,Sadness
4333,sangt bermanfaat kamera digerakan putar turun mengirim suara audio gambar kamera bagus,Happy
4334,barang oke recomended seller dah,Love
4335,petuah toko pengangkatan nya antaraja disarankan pegiriman nya yg aja,Fear
4336,mantab dikardusin babblewrap lg murah lg,Love
4337,kecewa extra box dikirim beli sepatu extra box extraboxnya terima sepatu box,Sadness
4338,kiriman sesuai pesanan,Happy
4339,pembelian ya lupa insya allah iki bakule jujur amanah recommend,Love
4340,jelek jgn beli kecewa harga murah emang murahan bahannya nyesal penjualnya,Anger
4341,barang murahan keset sulit membuka payung menutup payung nyesel deh beli,Sadness
4342,mouse keyboard direkomendasikan bagus,Love
4343,bagasi foto leggingnya jg yg sobek,Fear
4344,gampang dirakit desain elegan penjualnya ramah banget,Love
4345,kalinya membeli menyesali kualitasnya pengirimannya bagus kemasan cepat rapi aman,Love
4346,murah udah ngga fresh,Fear
4347,kali spons terpisah lem bagus,Sadness
4348,pelayanan buruk pengiriman respon beli barang kalo ga kecewa aja,Fear
4349,produk harga terjangkau ramah admin berkualitas responsif pengiriman mencoba pengiriman barang kemasan pembeli rumah aman terima kasih,Love
4350,brg dgn cepat cm sehari tp sy kecewa krn sy warna mix tp yg dtg cm wrn hitam next cb dichek permintaan pembeli ya kak ckp sj belinya deh,Sadness
4351,barang sesuai cepat,Happy
4352,barang nya sesuai deskripsi foto bersih coba dpat bebas ongkir jga cpat smpai terimakasih tokopedia seller,Happy
4353,kopi jelek jelek jelek kopi,Sadness
4354,mur bautnya penjual bilang respon minggu aja ga solusi disuruh kirim jemuran mur baut dibikin ribet ga dipake profesional penanganannya,Anger
4355,barang bagus berfungsi seler ramah pengiriman cepat,Happy
4356,proses pembelian transportasi admin aaaaaaaaa respons lambat mujarab toko,Anger
4357,oke yah kakakkk langganannnnnn,Love
4358,pengiriman pulau penjual packing dg lapis kresek alhasil dusnya babakbelur penyok sobek utk kado olshop dipakein bubble wrap kotak double bgt dikirim order sabtu dikirim senin shame,Anger
4359,kirim item peduli,Fear
4360,flash disknya selamat packingnya aman bgt rapi game aman dimainkan kayaknya dapet bonus game jg dalamnya tangkap kasih kak bahan sesuai gamenya seru,Love
4361,keren bagus,Love
4362,lapisan preventif kotak plastik kubis diterima ember mucikari menutup toko,Anger
4363,bungkusan barang robek kertas yg kuning menandakan barang terbuka mengecewakan,Sadness
4364,mikrofon kualitas buruk maksimal suara,Sadness
4365,ribet pemakaian gk saranin beli,Fear
4366,gak rekomendasi beli seller ga pesan ga pakai fitur komplain tokped gw seller tanggung pesanan otomatis selesai balasan pelajaran aja beli barang kaya gacha ga beruntung barang jelek ga dituker,Fear
4367,kecewa banget plastik seal ga rapet dialamnya banget semut banget komplain penjual ga tanggep bilangnya semut komplain pembeli alasan sih ga semutin aja goji berrynya ga kering packingnya penuh angin gitu ga seal rapet hey penjual lupa tuh customer service jualan salah ga bilang sorry prihatin penjual ga peduli parah banget gila jarang tulis ribet beli bawaan gini banget ga recommend urusan nih toko,Sadness
4368,proses cepat paket dikemas aman desain warna cantik minimalis boros cocok kamar tidur,Happy
4369,bagus kotaknya harga nya murah pengiriman cepet,Happy
4370,pesen dikirim,Anger
4371,sebelah diputar,Fear
4372,harga segitu lumayan efektif melamun,Love
4373,kecewa membayar lgsg agustus september beban menerima keluhan minggu tanggal permintaan sabar batasan menyelesaikannya,Anger
4374,penjual motifsuuuu lucu,Love
4375,beli ga yg enak banget kota hoedjan,Anger
4376,nyesel mati beli ni produk beli liat ulasannya positif sumpah krim baunya ga enak banget kalo digambarkan baunya perpaduan muntahan bayi minyak iya separah yg kasi ulasan idungnya mati ato gmn ya pengiriman sih cepat bagus sorry product nightmare pricey tau gini gw ttp beli wak doyok yg wanginya lbh enak lbh murah cream recommended,Fear
4377,produk sesuai deskripsi fitur berfungsi takut ya ulasannya kebanyakan penyok pas sampee aman gaiss checkoutnya bubble wrap sampe aman barangnya baguss lumayan kokoh harganya murah lampunya terang makasiih seller seneng bangeet,Happy
4378,nyaman punggung penjualnya ramah banget,Happy
4379,enak bahannya pas banget bagussss pengiriman cpt bgtt sampe gainget pesen paket wkwk,Happy
4380,ukuran sesuai modelnya keren potongannya rapi nyaman dipakai jahitannya rapi,Happy
4381,elemen cocok,Fear
4382,pembelian puas barang disukai salah produk disukai anabul,Love
4383,gak nyala batt udah anak sy jd kecewa ditukar jg barang cm brp ribu,Sadness
4384,aja toko terima pembatalan order,Fear
4385,lucu penjual responden mengobrol malam sore,Love
4386,layar hijau memesan puas layanan produk,Love
4387,bocor tutup tertutup rapat,Anger
4388,puas belanja packing aman brg diterima dlm cacat respon pengiriman cpt brg sesuai deskripsi positive seller,Happy
4389,salah unitnya dlu nyala ntar gak nyala lg lampunya unitnya perfect thanks,Sadness
4390,beli gk colokan dirumah sy coba colokan yg berbeda masuk,Sadness
4391,bocor koneksi karet mengklik bocor bertemu cermat macet,Sadness
4392,proses konfirmasi obrolan gk balasan,Fear
4393,pesan celana sesuai dng yg dipesan kecewa,Sadness
4394,barang sdh selamat trimakasih,Happy
4395,gradasi warna elegan murah murah melebihi harapan,Love
4396,barang diterima sesuai dgn deskripsinya terimakasih,Happy
4397,sebenernya barangnya pengirimannya banget pesan tgl sampainya tgl,Sadness
4398,pelayanan nya gak php,Sadness
4399,penjual bertanggung celana adem direkomendasikan,Love
4400,beli mengeluarkan dana,Fear
4401,knop kanan gabisa diputar,Fear
4402,barang sesuai pesanan diantar sesuai yg dijanjikan recommended seller,Happy
4403,beli beda warna tp sis nya dikirim warna yg udah terlanjur dipack sis nya diganti ovo lho sy terima barang tanggung sekalii celana sesuai deskripsi,Happy
4404,barang sesuai ya tp,Fear
4405,packingnya rapi bagus barangnya pengiriman cepat sellernya responsive ok banget deh pesen makasih seller,Love
4406,barang ok harga porsi terjangkau enak pengiriman cepat good job,Happy
4407,mantap barangnya cepet enak digunainnya,Happy
4408,unboxing barang bagus tpi pas cek seksama sticknya hancur bautnya hilang packingan kayu penyok ps coba game yg mnt ps langsung mati coba cek kipas ps menyala penjual ps cek sekedarnya komplain disuruh mengembalikan ksana cek ongkir pp tanggung miris percaya toko ulasan yg buruk tpi percaya tenyata barang yg tdk memuaskan,Fear
4409,nggak jalan kereta nya anakqu kecewa,Sadness
4410,pengiriman cepat packing aman,Happy
4411,terima kasih barang sesuai deskripsi,Happy
4412,fast resp seller transmisi cepat packaging rapihhh sejahtera barang lengkap sesuaii thankss lott,Love
4413,pc warna pink lampunya copot chat complain gak dibales kecewa,Sadness
4414,fit l fit gambar ngak sesuai poto,Anger
4415,respon brg tdk deskripsi tdk solusi tdk respon dr si penjual,Sadness
4416,terbaik barang pelayannya memuaskan always,Happy
4417,dikirim sesuai urutan proses,Fear
4418,safety packaging terima kasih semoga awet top seller,Happy
4419,barang robek krn jahitan tdk rapi selebihnya,Sadness
4420,barang sesuai yg dipesan sarung tangan n yg dikirim peluru tolong teliti merespon pesanan,Sadness
4421,packing kemasan aman order sesuai diterima komplit terima kasih semoga batere awet,Happy
4422,pesanan playdough dikirim stempel pesanan dikirim byr penuh cfm merekomendasikan toko maaf dipercaya,Fear
4423,bungkusan barang robek kertas yg kuning menandakan barang terbuka mengecewakan,Sadness
4424,tolong diperhatikan barang yg dikirim pesanan yg sy kirim sesuai warna size barangnya kusam sendal bekas,Fear
4425,barang komplain direspon pelajaran yg beli cek,Fear
4426,barang bagus sesuai harga fast respon,Happy
4427,order yg packingnya rapi lilin tulisan ulang rentan patah dimasukkan kardus pengirimannya cepat barang yg dipesan lengkap kualitas bagus ga yg bocor lilin tulisan ultah nya ga yg patah anak bungsu senaaaaang terima kasih ya,Love
4428,barangnya sih bagus sellernya aja yg nyebelin maksudnya pengen ganti alamat doang tp ga bisaa,Fear
4429,x belanja tp yg sanngat kecewa,Anger
4430,prinsip harga berlaku kualitas pemeriksaan bantal diluncurkan kolom dukungan pusat diatur ambisi mendukung dukungan ponsel dirilis proses menginstal ponsel sepenuhnya ya masukkan amal toko komunikasi,Fear
4431,kualitas bahan bagus nyaman dipakai menerawang,Happy
4432,barang tdk sesuai dtng kecewa,Sadness
4433,model warnanya manis kwalitas bahannya bagus,Happy
4434,kecewa,Sadness
4435,paket kondisi dusnya rusak kotor kayak bekas jatuh dicek dalemnya lakban nya menyedihkan,Sadness
4436,ga pakai,Fear
4437,membeli diperhatikan,Anger
4438,sesuai dekripsi harga terjangkau produk oke top,Love
4439,bahan tipis jahitan kuat dihancurkan cepat,Sadness
4440,kualitas barang bagus produksi terbaru kemasan sederhana seller cepat menanggapi,Love
4441,roti keras gak enak,Anger
4442,respon barang proses cepat thx kyou recommended,Love
4443,pesan tanggal udah tanggal barang nongol gila parah banget toko laen pesan obat tgl tgl dah nyampe ckckckck bangeeeettt super slow respon duuhhhh kucing jalanan yg udah pesakitan modelannya drop modelan lemot gini kerjanya,Anger
4444,bawaan yg dikirim gk serasi modelnya,Anger
4445,pesan merah yg biru parah,Sadness
4446,ukuran karet sesuai mantul pengiriman cepat jadwalnya mantap dah best,Happy
4447,keren akur gretongan haahaaaa sejati,Anger
4448,barangnya bagus,Sadness
4449,nambah gatel aja kasian liat kucingku,Sadness
4450,buku pemesanan lumayan cepat pengirimannya buku bubble wrap dalamnya dikemas kardus overall bagus,Happy
4451,jujur memaksakan bawaan terjual bawaan dikirim sesuai antaran pembeli disuruh mengirim bawaan yg solusi bawaan resiko bawaan yg ditawarkan,Anger
4452,stagnan separuh kecewa pedahal udah kek percaya,Sadness
4453,pesan cappuccino ungu gelap ohhhhhhhhhhhhhhhhhhhhhhhhhhhhhhhhhhhhhhhhh,Sadness
4454,bahan konstruksinya kuat mudah patah,Fear
4455,sebulan pemakaian lampu jam indikatornya mati berfungsi jam jatuh terkena percikan air mati jam menyala batre dicas penuh sesuai iklannya yg bertahan belasan,Fear
4456,packing rapi aman dus penyok player hancur,Sadness
4457,barang aman rapih mantap gan dapet bonus bast pokoknya wajib blanja olshop boz makasih barangnya,Love
4458,saku kiri kemeja nampak sobek dijahit bolong menjahit saku kemeja kiri semoga pembeli cacat pakaian diperbaiki dijual pembeli mengulangi kesalahan terima kasih perhatiannya,Fear
4459,urutan hasilnya rapi mengecewakan mengupas laminasi potongan bolongan rapi menonjol,Sadness
4460,packagingnya payah pesan kaleng yg pecah diganti csnya bukti foto video kirimkan menyudahi komplain,Anger
4461,packaging ok sealed mulus selamat thank,Happy
4462,item printer dikirim admin rusak online membalas obrolan klaim garansi,Fear
4463,mksh paket dah cepat bahannya bagus suka,Love
4464,chat balas kuota janjikan nya masuk hancur la parah parah,Anger
4465,membeli kedatangan elemen sesuai citra menjual gadis bahagia mengambil uang ilegal,Anger
4466,kartu nya lengkap packing model terbaru ready stock,Happy
4467,memalukan dipertukarkan kondisi awan rusak kecewa,Sadness
4468,barang packing aman pke bublewrap pengiriman cepat pesan kmren pgi tdi pgi udh lgi kurir ramah langganan terimakasih tokopedia,Happy
4469,pengiriman banget oder hr minggu dikirim kamis proses barang dikirim salah size warna order merah yg dikirim hitam parah koordinasi nya,Anger
4470,mantab lilinya sesuai makasih ya,Happy
4471,barang terima cuman ngelupas kayunya tp ok terima kasih,Happy
4472,gunanya atc gelembung kerugian,Anger
4473,beli pcs asas larangan stuck house cartridge nya gak step nya asas ikutin manual,Fear
4474,pakai efeknya tdk sy pakai flimty asli alasannya knp,Fear
4475,bagus cepat,Happy
4476,respon cepat barang sesuai deskripsi busa tebal semoga awet,Happy
4477,ngaco banget pesen mouse gak lengkap gak penutup batre bluetoothnya,Anger
4478,kecewa belanja pesan dikirim,Sadness
4479,recommended memikirkan untung memikirkan keluhan konsumen,Fear
4480,beban lengkap next cek dlu sblm kirim gak cm kirim aja jual gk rugi mlh ngrugiin customer suruh kirim kekurangan barangnya gak ribet gmn dpt keceriaan n kepercayaan pelangg,Fear
4481,seller responsif membimbing step step,Happy
4482,kecewa produk yg,Sadness
4483,bagus harga bahan lumayan halus kaku tipis menerawang nyaman dipakai,Happy
4484,cute sayangnya noda noda kuning beauty blendernya,Sadness
4485,barang sesuai pesanan pengiriman cepat pengemasan bagus bubble wrap tebal,Happy
4486,kualitas tas pengiriman,Sadness
4487,terima kasih elemennya selamat produknya paketnya aman,Love
4488,respond cepat packaging rapih semoga efeknya cepat bermanfaat rambut,Happy
4489,pengiriman barang nya cacat tolong diperbaiki layanan nya,Fear
4490,coklat nya dgn selamat tdk leleh packing aman pengiriman cepat harga murah thank,Happy
4491,pujian hamdolla elemen bagus membeli permintaan proses cepat,Love
4492,barang diterima nih kak makasih yaa,Happy
4493,botol baris pakingnya zonk bgt,Anger
4494,beban sesuai,Fear
4495,bagus,Sadness
4496,kualitas barangnya melengahkan,Sadness
4497,bibit konstruksinya kokoh mudah patah,Fear
4498,terjemahannya berantakan membeli versi bahasa inggris,Anger
4499,kantong tidur tipis,Fear
4500,bahan tipis,Sadness
4501,bagus kualitas sisirnya tombolnya mudah dipencet bulu gampang lepas kucing suka banget disisir sampe merem melek,Love
4502,pengangkatan cepat tp persis dikirim macro lensnya dapet fish eye wide angle macro lens yg mohon dicek seblm dikirim kecewa,Sadness
4503,pelayanan mantap langsung kirim sampainya cepet banget packingnya ok banget,Love
4504,dikirim satupun chat apapun penjual dikomplain selesai mengecewakan anak suka menunggu dateng ga dikirim,Fear
4505,penyediaan layanan buruk gosend melebihi batas layanan pengisian sameday gosnd dihapus pembeli membayar surat mahal,Fear
4506,ga sesuai expetasi nya ga kcl kaya mainan,Anger
4507,produk diterima dicek sesuai deskripsi gambar produk dites dicoba berfungsi,Happy
4508,kemasan box romong,Anger
4509,barang yg dtg gak bagus plastik busa gt bagus kualitasnya bs gambar ya,Fear
4510,dipakai malam langsung ngedrop,Sadness
4511,kemasan rapi kemasan produk baut robek membuka kotak isi makanan berantakan,Anger
4512,pulih motif lucuu lucyuu seller jg pengangkatan jg kilat mksh yah sis sukses trs,Love
4513,jaringanya ngelek banget bimbang mending pake indihome de nyesel beli orbit jaringan ya kritis,Sadness
4514,selesai gak barang penipu ya,Anger
4515,pengaturan dikirim,Anger
4516,pc menggelitik rambut menyarankan tambahkan bungkus gelembung menjadikannya kantong pengaman kemasannya,Fear
4517,jelek barang udah rusak gk jalan,Anger
4518,beli sebelah bagus banget jahitannya rapi pas beli jahitannya nggak rapi kayak buatnya serius sih kecewa udah excited banget semoga pas beli nggak kayak gini ya,Sadness
4519,alhamdulillah mendarat dgn mulus smuanya berfungsi dgn bs mainkan tv jg tp stik controllernya emang keras sih jd cpt pegel,Happy
4520,barangnya yg dikirim sesuai dg bawaan wejangan tas stitch pink minnie tp yg dikirim tas minion duanya,Fear
4521,toko barang buruk dituntut konsumen penjual gelembung dibebankan pembeli,Anger
4522,pemrosesan pengiriman produk cepat daerah jabodetabek produk diterima sempurna buah micro usb data cable kualitas premium bonus kartu perdana smartfren trims,Happy
4523,sesuai pesanan yg rusak,Happy
4524,kotak hancur pelanggan membeli hadiah mengecewakan paket toko plastik tipis modal gelembung,Anger
4525,pengiriman cepat barang sesuai pesanan terbungkus rapi recomended,Love
4526,heh dagang gak looo gw udah bilang yah gw salah klik alamat lo tetep kirim barang kealamat gw yg salah lo udah tolak order gue tarif ongkir gw atc ulang tarif ongkir lo tetep ngirim barang kelamat salah lo profesional udah barang gw nyasar gausah lo pk cancel resi kalo emang barangnya tetep dikirim kealamat yg gw belanja yah kali aja gue salah klik alamat gw nyesel tanggepan lo,Anger
4527,udah pilih varian biru catatan ditulis eeehh ya konfirmasi dikirim warna putih ya males komplen,Anger
4528,gak kirim yg,Anger
4529,aman tujuan cepat buka kemasannya diperiksa robek terima kasih pesanan,Love
4530,layanan,Anger
4531,pengirimannya cepat amanah,Love
4532,kualitas ala kadar nya obeng buka mur ujung matanya kalah meletot padahalur nya ngga kenceng bahannya bagus,Anger
4533,barang selamat fungsi insya allah berjalan tinggal penggunaannya mahir barang oke mantap,Happy
4534,produk goresan elegan kotoran tepi,Fear
4535,faster better cheaper,Happy
4536,seller ramah n reapon cepat packing rapi thanks seller,Happy
4537,busa telurnya,Fear
4538,proses packing lambat,Fear
4539,pelayanan yg buruk pesan grab instan jam pagi jam sore kali chat respons nya tdk profesional melayani konsumen,Anger
4540,bagus bajunya sehari anak,Happy
4541,kekecewaan lihat brg aq pikir barang beda dgn fishing pen yg dipasaran tp sma mlah meragukan ketahanannya lihat fto komentar smua typenya sma tp yg dikirim aq mlah beda,Sadness
4542,mantap penjualnya fast response ramah,Happy
4543,barang deskripsi pengiriman cepat,Love
4544,obrolan membutuhkan pengiriman jawabannya membayar mengunduhnya berantakan,Anger
4545,bahan panas menyerap keringat model pencetakan buram,Sadness
4546,parahhh barang rusak retak komplain urusannya sgt ribet beli,Anger
4547,kemasannya,Love
4548,produk original tersebar dipakai pembelian enak sukses yaa,Love
4549,isi penuh wangi nya segel pakai solatip seadanya,Sadness
4550,rincian penggunaan nya keterangan alat pendukung utk hp kamera ngga ngerti klo pake hp gmn tinggiin tripod nya gimn,Anger
4551,material packaging nya bagus rapih halaman bukunya banget halaman yg buku buku buku bacanya pindah pindah bingung ga nyaman,Sadness
4552,terimakasih,Happy
4553,yg sebelah hidup sebentar trs mati panas kaya yg konslet,Fear
4554,pelumpuannya bagus barang pesan cm cm mengirim item pelaput jepitannya dikirim innvoid item tertulis penjualnya kasar well bintang membantu memeriksa pengiriman,Anger
4555,faaaassst respon bangeeettt seller ngabantuin puaaaaaasssss makasih acc recommended bangeeett,Love
4556,barang rusak pisau yg patah bekas goresan pisau sayang banget quality kontrolnya buruk,Sadness
4557,kecewa tripod lampu cincin tripot rusak,Anger
4558,dikirim cepat tanggapan menjual mandat tangers jujur membelinya toko,Fear
4559,sendinya ga seret lossssss ga stand meyesell banget,Anger
4560,bgt,Love
4561,spray tdk sesuai gambar semprotannya spt mainan pistol aja,Fear
4562,puas bgt toko responnya full cepet bgt pelayanannya diatas standart,Happy
4563,sesuai spesifikasi abis komplain layani bahaya,Fear
4564,barang sih bilang ukuran tp sunat bahannya banget foto underpad yg merk lbh lbh tebel bkn harga cuman tp kesel aja liat penjual kasih spek tp banget ukuran sebenernya kapok deh ga beli merek terima kasih,Fear
4565,produk asli donk,Love
4566,jar bahannya bagus yg lumayan tutup jar pita tlg diperhatikan lubangnya gampang ditarik smp lepas tp terbalik dgn tutupnya stick yg kekecilan lobangnya stick plastik g masuk hrs diganti tutup stick jd tutup pita tp pe er ngerjainnya krn udh keiket gt maaf reviewnya bagus,Fear
4567,bahannya jujur puas warna sih oklah,Sadness
4568,full hd hasil video nya noisy gak gitu harga rupa overall acceptable range harga,Happy
4569,bahan bagus harga terjangkau,Happy
4570,butuh cepet kirim respon jual menyekat brather sehat nyesel gw beli toko,Fear
4571,penjual ramah tertib sesuai urutan pengepakan pengemasan pesanan,Love
4572,kue mencoba kue asam mengeluh penjual dikonsumsi makan,Fear
4573,packaging simpel penjualnya ramah banget proses pesanan cepat packaging aman packaging rapi respon penjualnya top,Happy
4574,sesuai foto sampainya cepat yg dijadwalkan,Happy
4575,pengiriman,Anger
4576,produk original packing aman seller fast respon kurir ramah promo tokped terpakai,Happy
4577,kualitas mantap kotor goresan tp udah uji coba aman kiriman cepat ga nunggu pokoknya best recomend,Love
4578,koleksi next koleksi nya thank,Happy
4579,dr humidifier diffuser yg sy beli pasang kantor bbrp mengeluarkan bunyi yg luarbiasa brisik sy shock kecewa bngt produk type works well butuh kebesaran hati penjual utk menukar item yg tdk sesuai spec,Sadness
4580,penjual membaca catatan pembeli,Sadness
4581,barang tdk packing pake kantong plastik kaleng nya pd rusak pengiriman kecewa tdk belanja toko parah service nya,Sadness
4582,dikirim tutupnya,Sadness
4583,jiwo thx bro menerima produk,Love
4584,debessss,Love
4585,produknya sesuai gambar,Happy
4586,ga tahan kalo dipake menerima tahan merk sekerat,Fear
4587,produk sesuai foto,Happy
4588,warna lucu direkomendasikan murah murah aturan,Love
4589,lcd kamera lepas posisinya semoga teliti memelih barang dikirim dicek,Sadness
4590,tipis kualitas jahit buruk,Sadness
4591,warnanya cantik bahannya adem tebalnya pas jahitan rapi keren banget si harga terjangkau kualitasnya oke pelayanannya okee,Love
4592,pengiriman nya minggu kecewa,Sadness
4593,kali berlaku prinsip harga sesuai kualitas cek udah feeling ga oke krn bantal kaki yg lepas tiang penyangga lepas penghubung tiang dicantolin coba biaa pake aspirasi mur penopang hape lepas proses pasang hape totally ga pake yahhh anggap aja amal deh pengalaman aja tokonya comment sih krn ga komunikasi,Fear
4594,cepat rusak gampang sobek kotor recommend,Fear
4595,produk sesuai deskripsi pengiriman cepat seler ramah barang mantap tetimakasih admin,Happy
4596,gak pengaruh kutu msih hidup sdh tes langsung ditipu nih semoga karma dah lu,Anger
4597,pokoknya sibuk bgt ama sabun,Love
4598,mantab murah berkualitas,Happy
4599,pdhl tangsa membeli suvenir susu cm buruk,Anger
4600,suka respon yg bagus banget,Anger
4601,gak ad solusi uang ny berkah acc mba,Anger
4602,box nya rusak pesenan orang kado mengecewakan,Sadness
4603,maaf tp sablonnya ga layak,Anger
4604,desainnya mewah warnanya cantik ukuran sesuai nyaman dipakai produk sesuai foto produk original packaging aman,Love
4605,arloji produk apik gambar tersekat,Love
4606,penjual pengiriman cepat barang impor produksi hati kepala sapu dirilis terkait sempurna mencoba lem,Fear
4607,kecewa barang tdk lengkap tdk holder u mohon dipetiksa kerabat nangis merajuk,Sadness
4608,thanks gan paket udah mendarat selamat pelayanan ok mantab super fast respon top recomended seller,Love
4609,produk sesuai,Happy
4610,membeli item yg kebas komplain tdk video mudik video rekam,Fear
4611,kualitas beban bermanfaat produksi terbaru kemasan sederhana seller acap menanggapi,Love
4612,penjual responsif pengiriman pengen cancel menginginkannya ya,Fear
4613,darat aman keesokan harinya peranugut kadaluwarsa tangki,Love
4614,barang sampe kardus rusak gini mas yg bawa pas terima kardus nya uda gini kecewa uda barang diterima bgini nya paas buka sanitizernya basah smua tumpah seger kayak buka gitu,Sadness
4615,order gambar truck pemadam dikirim mobilan police not recommended,Fear
4616,maaf produk bintang semprotan semprotan diperbaiki mengganti pemasok botol,Sadness
4617,barang dikirim berbeda gambar dikirim spilling merek sikat penipuan,Fear
4618,puas kartu lngsung dipake korea,Happy
4619,jujur memaksa barang menjual barang dikirim sesuai permintaan pembeli diharuskan mengirim barang memiliki solusi bahaya pengantar kenyataan,Anger
4620,barang bagus bahannya adem modelnya cantik,Love
4621,pesan imboost kids syrup tp yg dikirim tablet hisap pengiriman very negative service,Anger
4622,kali pake udah rusak kainnya gak rekomendasi banget barangnya mudah rusak,Fear
4623,barang rusak kirim,Anger
4624,seller bertanggung keren,Happy
4625,pelayanan cepat barang sesuai service bagus,Happy
4626,pengiriman charger fast charging,Fear
4627,seller kirim order minggu rabu pagi sampe selasa g dikirim dikirim rabunya kamis sampe udah kelar butuhnya udah request cancel barang dikirim seller g cancelin alasan gabisa cancel audit sistem,Fear
4628,mantapp rasanyaa repeat order,Love
4629,gak nyala,Fear
4630,kotaknya pembungkus penyok jelek,Anger
4631,barang ga yg pake,Fear
4632,payah dikirim diterima byk mati sengaja pilih official harga mahal tau gitu pilih aj toko aja hasilnya,Fear
4633,respon seller cepat ramah packing rapih recommended seller pokok nya,Love
4634,penggunaan hp samsung kualitas suara kualitas mic standar buruk suara keras terdengar lawan bicara pengguanan macbook terhubung kualitas suara terputus stabil koneksinya connect laptop gitu mending cari tws deh koneksinya laptop stabil sekian,Fear
4635,expirednya coba dikonfirmasi habis kek gitu ga malu kah toko ambil pahalanya aja silap ongkir bolak,Fear
4636,sdh belanja smg terakumulasi dah aamiin,Love
4637,muatan dibuka dipakai jahitan yg negative quality control,Sadness
4638,barang retak malas retur anaknya keburu sedih,Sadness
4639,yg beli wiskas remaja bacin bangke kucing gk pd doyan,Anger
4640,bahannya luntur tipis yg,Sadness
4641,udah order buble buble nya gk untung gk,Fear
4642,ok ritsleting dibuka ritsleting,Sadness
4643,kain microfiber fungsi dicoba kalo biar tokonya joss,Love
4644,kapok beli kembang api toko bilang nya,Fear
4645,barang cet thanks seller fast respon nya,Happy
4646,penjual amanah masker warna abu hitam kirim abu,Anger
4647,bagus kamera mirrorless goyang goyang,Sadness
4648,puas banget sempet error kurir pake gercep seller nya respon bgt cari solusi order ulang ga pelit yg dikasih tambahan makasi ya kak jaya tokonya,Love
4649,dipotong sesuai permintaan,Fear
4650,barang aja gak sesuai ukuran,Sadness
4651,produk sesuai rapi aman dus bubble wrap pengiriman cepat pagi pesan sore,Happy
4652,mantap sesuai respon cepat semoga awet,Happy
4653,dipakai sungai dah metong,Sadness
4654,muaanntttaaappp syamsul,Love
4655,sesuai dg deskripsi produk,Happy
4656,toko terisi penuh elemen terpengaruh sesuai tujuan beli toko bodoh membeli kipas usb mini elemen toko paket paket hasilnya mencapai rumah rumah rumah memulihkan uang dibayarkan uang penggemar jutaan pembatalan,Anger
4657,murah simpel tinggal tukar,Happy
4658,salah mengirim barang dibantu pengembalian barang dikirim rusak isinya eye shadow menunggu pengembalian semoga membantu,Fear
4659,seller ramah pengirimannya cepat barangnya mantap positive banget tokonya,Happy
4660,ckup bagus terimakasih,Happy
4661,kecewa beli terpal sesuai rekomendasi penjual terpal bocor lem chat penjual sale digubris parah sih,Anger
4662,kekecewaan berpikir bebannya berbeda pena pancing pasar sekolah menengah diragukan daya tahan lihat fto meninjau jenis sekolah menengah dikirim aq berbeda,Sadness
4663,tipis kaku dipakai nyaman,Sadness
4664,puas mantap cepat rekomendasi belanja,Happy
4665,transportasi lamaaaaaaaaaaaaa tegak,Anger
4666,geriginya bendonya banget gak kayak gambar,Fear
4667,kualitas beban bagus produksi terbaru kemasan sederhana seller bangat menanggapi,Love
4668,pesen putih yg hitam periode sy balikin sih ditukar sm yg putih ongkir gak tanggung jg boong blg cela mmg,Anger
4669,ad retak kasingnya yg ad logo bluetooth nya unit kit blom tes nyala tes gak ad suaranya kalo pake modul nyala biaya niat hemat buntung,Sadness
4670,barang ok sdh repeat order bbrp kali ok,Happy
4671,kado loh dusnya hancur,Fear
4672,ukurannya pas cepat menyerap lecet,Happy
4673,penjual super crane terima kasih bantuan,Love
4674,lem gak kuat,Sadness
4675,beli isi ulang pena dikirim isi ulang pena menjual hati jujur,Fear
4676,rendang lembut pengiriman cepat direkomendasikan,Love
4677,harganya mahal kualitas setipis gpp deh semoga murah,Sadness
4678,proses nya sngt cepat terima kasih respon nya,Happy
4679,barang hilang ekspedisi aja beli pas harga promo beli udah harga normal huhuu,Sadness
4680,kasi bintang ya yg sebelah kanan gak berfungsi kali cek,Fear
4681,bahan nya enak adem langganan kak biar motif nya beda dr yg aq pesan prob yg bahan enak tidur harga terjangkau,Happy
4682,mantap berkualitas,Happy
4683,barang tujuan dikirim mohon perhatikan barangnya,Fear
4684,estimasi proses pesanan online platform kalo ga cepet menuhin customer online jualan offline aja customer beli online dipake apalah ditulis deskripsi produk customer nanya diinfo proses pemesanan ga efeknya kemasan dibungkus bubble wrap tipissss ga kebayang kalo customer yg apes barangnya ancur isinya janjiin customer barang weekend aja libur sabtu minggu,Fear
4685,pakai gamepad kanannya mati direnggangkan kecewa seller,Sadness
4686,pengisi daya indeks dioperasikan,Fear
4687,poharhh pengepakan cm debu debu,Anger
4688,barang yg pesan sesuai packing rapi,Happy
4689,bagus banget kertasnya sesuai deskripsi,Love
4690,diterima semoga awet packing bagus kelengkapan sesuai,Happy
4691,pelayanannya mantap respon penjual cekatan pengirimannya singkat terimakasihhh layanan bonus buku,Happy
4692,barang bagus lecet rusak super sekaliii terimakasih sukses jaga kesehatan,Happy
4693,yg sebelah kanan ga pas telinga udh dicoba org ga pas dengarx ga maksimal,Fear
4694,beli twinpack yg kirim cm mohon nya ka bayar manfaat twinpack,Fear
4695,ok,Love
4696,mantap tajam kualitas produk bagus produk sesuai,Happy
4697,menggunakannya merek,Fear
4698,membeli diperhatikan,Anger
4699,fast reponse barang halaman blank,Happy
4700,parah pake sungguh kalengnya aja udh gimana bentuknya peyot parah tolong packing lbh perhatikan mengecewakan,Sadness
4701,kali kecewa kedaluwarsa minum sehari keesokan harinya meminumnya pastikan tanggalnya kecewa,Sadness
4702,suka anyir karetnya menyengat,Fear
4703,repeat order yg keberapa puas makasiii gan sukses selaloeee yaaaa,Love
4704,rendangnya enakkk dagingnya empukkk salut krn kirim minggu jd bs nyampe lebaran udah kl ngirimnya ketunda sehari aja udah ga pas momennya sellernya gerceppp thanksss,Love
4705,isi lengkap yg patah dusnya dirakit berfungsi,Happy
4706,solatip nya merekat lampunya topp,Happy
4707,beli paket dikirim paket kecewa,Sadness
4708,overall ok banget,Love
4709,barang setara diskripsi pesawat peraba muka jd pribumi lembut halus rekomen bwt cowok mantabs,Love
4710,pesen yg dateng tolong cek ulang donk,Fear
4711,sesuai pesanan barang yg kirim penjual paking teliti,Fear
4712,produk rusak,Sadness
4713,produk bagus ukuran pas original,Happy
4714,dibungkus bubble donk kardus membayar adik gelembung kardus,Anger
4715,barang mantap,Love
4716,pengalaman gelembung pembungkus,Anger
4717,produk cacat kepalanya penyok tukar gak dikasih,Anger
4718,menerima produk kurir kurir menelfon kalo muatan diantarkan dititipkan menerima paket mengedepankan komplain,Fear
4719,tasnya bagus ringan elegan sayang pas dibuka jahitan sebelah kanan copot jdi lgsg bawa permak tas,Sadness
4720,udah langganan,Love
4721,beli tasbih digital berbeda warna terima barangnya sesuai catatan kasih,Fear
4722,kecewa beli baju dewasa yg dtng ukuran anak sd moga berkah tuh duit,Sadness
4723,mesen yg hnya yg bosnya kosong ngk isinya,Fear
4724,deh beli udah pembatalan ganti alamat hebatnya seller menolak pembatalan konfirmasi,Fear
4725,elemennya bagus sisirnya tombol mengklik praktis,Love
4726,terima kasih berhasil layanan barang asli berhasil penjual berharap harga layanan,Love
4727,ngga bs charging fast charging kecewa udah pake pengawas charger semia ngga bs charging colok laptop yg ngga asosiasi charging,Sadness
4728,kecewa kalinya emang susah dah cari penjual jujur,Sadness
4729,celana nya nyaman kalo sakunya kanan balance kalo simpan saku tks sukses maju,Happy
4730,sampainya pesan rabu senin,Anger
4731,mantaaaaaaaaaaap produk original pokoknya recomended seller,Love
4732,produk original efektif menyaring kotoran produk berfungsi barang sesuai deskripsi,Happy
4733,saran aja temen temen beli buang box nya simpan biar kalo beli rusak claim garansinya,Fear
4734,isi apapun,Love
4735,rosakk mengirimkannya rekan tuhan,Anger
4736,bahan tipis seller ramah ekspedisi cpt,Happy
4737,verifikasi nya gak pc bts udah co jam pas,Sadness
4738,memesan safee aman murah rusak menerima,Love
4739,merekomendasikan hutang rumah,Anger
4740,responsnya cocok deskripsi solusi,Sadness
4741,respon pengirimannya siang pemberitahuan malam,Love
4742,unduhannya,Fear
4743,pembelian yg pmbelian yg sbelumnya potnya mujur yg ni beli pot kyk mayit tembelan plastik retak beli sprti,Sadness
4744,yg kena tipu judulnya machine mesin otot tangan bs retur gak yah useless kl kyk gini kl bs retur chat ubah bintang nya,Anger
4745,dicoba efek proses pengiriman penjual cepat terima kasih,Sadness
4746,bayar langsung dikasih akses proses cepat kelengkapan sesuai admin membantu dlm terima kasih,Happy
4747,dikirim cocok antaran proses,Fear
4748,ukuran dekrit,Fear
4749,lem nya merekat,Fear
4750,sesuai ekspektasi suara mic ga perubahan,Fear
4751,penjual bilang batterynya battery tanam yg tdk kecewa,Sadness
4752,rusak,Anger
4753,penjual barang dagangan diterima pemulihan sumber daya manusia diselesaikan uang dikirim penjual mandarin,Anger
4754,jelek bgt nyesal nya,Anger
4755,pembelian kali terima kondisi segel terbuka kartu garansi beda unit garansi resmi indonesia unit ip cameranya berbahasa indonesia kondisi unit dinyalakan saran barang dikirim kondisinya transparan,Happy
4756,bahan kemasannya bagus elegan halaman buku halaman buku buku gantinya buku bacaan dipindahkan memindahkan pencampuran nyaman,Sadness
4757,produk produk produk produk produk produk produk produk direkomendasikan,Love
4758,sepatunya enteng solnya empuk nyaman dipakai ukurannya sesuai desainnya sporty proses pesanan cepat warnanya cantik packaging aman,Happy
4759,wow murah pengepakan elegan produknya bagus keren uhuy pisan hehehehehe,Love
4760,kualitas barang bagus,Anger
4761,bubble tdk pesan bubble,Fear
4762,solusi semoga uangnya berkah mba,Anger
4763,packing jamin senang pakai bubblewrap cepet kelewat prosesnya senin malam cekout paginya kirim rabu sore lekas puas terimakasih sukses yah tech cube,Love
4764,masker sesuai pesanan packing sukses kak makasih,Happy
4765,,Love
4766,produk original,Happy
4767,kecewa pesanan barang dikirim sesuai,Sadness
4768,blackmores nya lengket dikonsumsi parah bangettt tersegel dalemnya kapsulnya dikeluarkan dikonsumsi dicongkel pake garpu garpunya yg bengkok,Anger
4769,kualitas tali jelek masker nya tipis harga lumayan mahal ga worth aja,Fear
4770,masker bagus sesuai harga,Happy
4771,disarankan mengisi keanggunan,Love
4772,super bintang store libur barang dikirim recommended,Love
4773,mmaaaaancccllaaappp,Love
4774,penyok dikit yg sebelah kiri usb gak berfungsi mesti ganti usb,Sadness
4775,gagang sapu rapi aman far brg sampe dgn selamat,Happy
4776,sy terima package makanannya buruk tegak bekas kecewa,Sadness
4777,bagus warna menarik anak bahagia gambar,Love
4778,barangnya yg dikirim sesuai dg kiriman pemberitahuan tas stitch pink minnie tp yg dikirim tas minion duanya,Fear
4779,mainannya rombeng gak dipake,Anger
4780,beli toko resmi feb feb siang cepat sungguh sungguh cussons harga penjualan flash murah,Love
4781,mikrofon merespons,Fear
4782,obrolan imbalan dijanjikan memasuki perusak ekstrem,Anger
4783,mencoba variabel air misel berharap cocok varian esensi mikro loreal lawan pulak kali koneksi cinta aman terima kasih tokped loreal,Love
4784,belanja mantap transportasi acap barangnya rekomended packing aman rapi belanja insyaallah,Love
4785,ok barangnya murah meriah gampang gas galon dll,Happy
4786,jelek,Anger
4787,sesuai dipesan merah hitam,Fear
4788,maksimal hasilnya pecah,Fear
4789,toko terbaiknya dipesan anak berulang memesan cetakannya anak ulang solid,Love
4790,belom anut paket tuntas yah gimana sih,Anger
4791,uucchh gemezzz syukaaa,Love
4792,halaman terulang malu pas kasih hadiah,Sadness
4793,butuh cepet kirim respon jual menutupi brather menunjang nyesel gw beli toko,Fear
4794,pengemasannya seadanya lembukunya mudah patah cdnya gak diplastikin diselipin aja dibukunya semoga dipebaki,Sadness
4795,pesan brg tdk menit mengajukan pembatalan ditolak sy memesan ulang krn salah metode pembayaran pelayanan jelek,Fear
4796,product kwalitas bagus berfungsi,Happy
4797,cepatt sampainya barang asli adminnya ramah,Happy
4798,barang dikirimkan,Fear
4799,kecewa orderan nya ga langsug proses pdhl bayar pakai gosend instan,Sadness
4800,nyampenya cepet kualitas,Happy
4801,thankyou produknya bagus banget dapet bonus foundation shadenya cocok pengiriman,Happy
4802,kecewa brg rusak dikirim chat responnya batas otomatis habis sdh langganan ditoko,Sadness
4803,mantap,Love
4804,barang original mantapp,Happy
4805,pesan yg eyeliner putih yg dateng yg itemmm hmmmmm tolong teliti,Fear
4806,wewangiannya segar nyaman bayi kemasan bapil rapi penjual,Love
4807,beli gk colokan dirumah sy coba colokan yg langka menggelincir,Sadness
4808,hati belanja suka sembarangan returnya toko niat kek gitu nipu video unboxing ngk bs retur video toko penipuan tokonya,Fear
4809,brg udah ny yg dtng doraemon udah chat sebanding persentase adminny dtngny,Sadness
4810,ad bbrp berfungsi,Fear
4811,membeli pahlawan orian berlangganan pokonya,Love
4812,berjanji menyimpan data berpikir menggunakannya kartu dibaca data disimpan proses garansi sebulan terbaik membeli merek kesehatan terima kasih,Fear
4813,kecewa scroll rusak,Sadness
4814,barang rusak dikirim,Anger
4815,bulu mata lentik packaging rapi packaging aman proses pesanan cepat aplikator mudah dipakai,Happy
4816,susah bgt pasangnya gak kuat menahan airnya,Anger
4817,kesekian kali beli mantap,Love
4818,puas banget admin ngejelasin detail bgt trus pas dipake gak kendala pokonya top banget deh,Happy
4819,permintaan pengepakan buruk kotak bra dada rusak,Anger
4820,sore bermain sekolah,Love
4821,barang rapih diproses cepat,Happy
4822,kebocoran karet basah bubblewrap terdekat isolasi plus cair botol kaca aman,Anger
4823,puas langganan pengiriman super cepat top pokoknya,Happy
4824,iklannya seragam pgri kemeja hem katun pria tp bahannya katun smg deskripsi dg iklannya shg pelanggan kecewa lo,Fear
4825,orang voucher ramah dikirim email dikirim saudara terima kasih ya langganan,Love
4826,pengiriman cepat aman bubble wrap harga murah competitor mantap,Happy
4827,pesen kabel data sesuai deskripsi barang packing aman pengiriman cepat nyiapin barang teliti overall ok,Happy
4828,proses pengiriman bahan tipis,Fear
4829,harga bagus,Love
4830,barang cepat sesuai standar pengiriman kondisi buku cacat tepi buku gapapa,Happy
4831,busa doank gak mika bwt pelindungnya,Anger
4832,packing tebel double bubble wrap kardus dlm barang yg brg cacat sy dkt dng tefal jd pengiriman cepat sy join tokopedia dr blja sehari jd bs bedain brg rusak krn pengiriman video krn susah skali upload foto video complain beli krn event thn jd ya produk rusak jng menyalahkan tulis deskripsinya promo cuci gudang brg pembeli jg gak expect brg cacat terima spt admin membalas ulasan mohon respon chat mrk tdk menghubungi pembeli produk untk admin produk,Fear
4833,barang diterima berfungsi terima kasih,Happy
4834,barang terlepas jg yg hilang toko jasa pengiriman yg krg,Fear
4835,lem kualitas lambat aibon,Anger
4836,respon cepat packing aman bonus yg agan sukses,Happy
4837,harga worth kualitas nya bagus nyaman tali,Happy
4838,mantapp packing rapi fast respon recommended,Love
4839,sesuai gambar memuaskan pelayanannya komplain respon dgn,Sadness
4840,dimainkan aman sellernya oke akunnya gk antri aja,Happy
4841,nyaman olahraga harga bersaing dijamin termurah,Love
4842,respon cepat barang dpt,Happy
4843,mantap dibiarka diluar pas asemnya,Happy
4844,jd langganan harga terjangkau pengiriman oke,Love
4845,cover kotor halaman kotor packaging aman jd buku terlipat,Sadness
4846,pro pro pot burja port,Anger
4847,seller ramah,Fear
4848,barang diterima dgn kondisi produknya bagus cocok bbrp kali beli,Happy
4849,enak celananya nyaman dipakai,Happy
4850,merek pena favoritt murah tintanya nyata ga macet smooth klo nulis,Love
4851,product sesuai deskripsi packing rapih beneran fast charging terima kasih baseus,Love
4852,obrolan balasan janjikan menguatkan menghancurkannya,Anger
4853,sedih kirang pensil alis tolong teliti,Sadness
4854,seller busuk packing sembarangan ga niat info produk nipu blgnya tp kenyataannya jujur dikit bos kl jualan,Anger
4855,pesannya cappucino datengnya ungu tua aduuhhhh bngat sungai belanja udah menganaktirikan,Sadness
4856,toko buruk tanggung,Fear
4857,cepatt nya ga ahlakkk fast respon barang besttt moga cocokkk,Love
4858,kualitas kualitas harga terjangkau direkomendasikan,Love
4859,item diterima bocor kosong item cocok deskripsi,Sadness
4860,produk bertepatan deskripsi penjual salah solusi instruksi ditulis deskripsi,Fear
4861,halaman yg hilang,Fear
4862,barang yg gk sampe ud complain tetep aja rugi belanja,Fear
4863,batere rusak telp marketing tunggu minggu kelanjutan,Anger
4864,dekorasi berguna penjual lucyuu lucu mentransmisikan keberhasilan kakak,Love
4865,packing tdk dikemas kirim lgsung pdhal kondisi dusnya rongsok mgkin nilai barangnya murah jd tdk dikemas rapih,Fear
4866,mendarat dgn selamat ikannya bagus,Happy
4867,gak pakai,Sadness
4868,mobil asli hot wheels sy aslinya,Fear
4869,dipake lngsung sobek bahanya tipis,Sadness
4870,cacat lipatan jahitannya,Sadness
4871,item dikirim dicoba pc berfungsi dikembalikan ongkos kirim mahal harga barang kecewa,Sadness
4872,barangnya bagus praktis harganya murah ga salah pilih produk blueprint original merk respon penjual cepat ramah rrcommended,Love
4873,produk sesuai harga terjangkau bagus,Love
4874,,Fear
4875,pengiriman efektif cepat langganan,Love
4876,paket halus mencapai tujuan toko,Love
4877,mantap langsung dipakai anak belajar,Happy
4878,seller slow response step last minute official store butuh maks barang order diterima,Sadness
4879,pengiriman cepat aman repeat order nabung,Love
4880,packaging diperbaiki parfum tumpah,Fear
4881,terpasang palang yg ukuran pendek cacat bengkok cedok bekas besi ditekuk pindah posisi palang dibagian barang ditingkatkan qc nya,Fear
4882,noda kuning jilbab nya pendek kaku,Anger
4883,cepat paket bagus,Love
4884,setara,Fear
4885,lampunya terang pancaran cahaya lampu yg seller cepat responnya pengiriman cepat,Love
4886,toko barang rusak biaya dikenakan konsumen penjual gelembung dibebankan pembeli,Anger
4887,udh ga ngegrip,Fear
4888,elemen cepat rusak,Anger
4889,gantungannya tipis rentan pakai rusak,Fear
4890,micnya bagus sayang mini tripodnya ringkih banget patah btw beli coba mics dlm pc mac os micnya terdetect device product id yg colok semoga update firmware terkait krn usb mic devicenya otomatis terdetect dipasang usb mic bersamaan,Happy
4891,pembelian pembelian pot detik membeli pot jejak plastik retak membelinya,Sadness
4892,ukuran kemeja xl celana pakaian dikenakan celana pakaian dikirim celana robek jahitan diperiksa dikirim mengirim,Sadness
4893,kemasan ditingkatkan,Sadness
4894,masker yg lepas,Fear
4895,bahan panas tipis,Anger
4896,bocor rembes kalo dimiringin abis,Fear
4897,pengirimannya banget pesen dr tgl tgl blm jd sy ajukan komplain toped abis barangnya dikirim sempet kecewa sih sy pesan official storenya gitu tp service spt,Sadness
4898,produk sesuai ekspektasi pengiriman barang cepat pokoknya recommended dah,Love
4899,celana sesuai gambar gambar motif polosan,Fear
4900,fittingnya sesuai dgn yg diharapkan sih bahannya enak,Sadness
4901,pengemasan rapi aman hny pengiriman yg krn sdh kemalaman jd tunggu tks,Happy
4902,bukunya sesuai pengiriman cepat diletakkan lantai kurir barang defect minor buku tolong tingkatkan kualitas packaging koordinasi kurir,Happy
4903,kecewa,Sadness
4904,bagasi cocok deskripsi,Fear
4905,mantab produk sesuai deskripsi material produk krg rapi packing aman pengiriman cepat thx seller,Happy
4906,teman warna menawan bahagia gambarnya,Love
4907,teliti pesan hitam merah yg dikirim hitam,Anger
4908,barang bagus cepat sampainya cianjur seller,Happy
4909,artemia dtg,Fear
4910,lem kualitas lambat aibon,Anger
4911,penjual menjaga kualitas barang pengirimannya cepat kali pesen terimakasih ya,Love
4912,resmi,Anger
4913,trima kasih szsdrum barang sdh szsdrum,Happy
4914,td nya sy request utk cancel mo ganti nya pake gopay dr ovo td nya krn cash back tp nggak dicancel sm toko diproses aja sgt,Sadness
4915,menulis semen besi menyelamatkan penjual motivasi mengirim motif acak,Fear
4916,tooooopppp markotoooooppppppp,Love
4917,kartu nya lengkap harga kompetitif seru bgt game nya,Happy
4918,isinya kaya air putih mening pake semir ban complain jg gk,Anger
4919,diterima packingnya rapih tebal bungkusnya double buble warping jd aman isinya sellernya fast respon fast delivery positive job mksh agan sellernya abang kurir yg ramah,Happy
4920,arloji produk tokcer sesuai citra badai,Love
4921,mantap sesuai cepat kualitas cakep,Happy
4922,toko terbodoh packing ancur packing barang rusak pesanan sesuai tujuan membeli toko bodoh membeli usb mini fan order barang ready toko ready hasilnya paket sampe rumah selipin uang refund usb mini fan klk barang kosong cancel aja tolol harap customer berpikir berkali kali belanja toko tolol kecewa membeli nya terimakasih,Anger
4923,memorynya g diread pspnya udah diganti memory,Sadness
4924,beli periode periode bintang tl,Anger
4925,kekecewaan melayani toko menyesali toko paket paket paket mencapai tujuan disarankan pembeli barang bertanggung,Sadness
4926,bahan bahannya bagus tutup guci pita lubang menarik sekolah menengah ulasan bagus,Fear
4927,pengiriman cepat hati dikirim lensa makro mata ikan sudut lebar lensa makro periksa dikirim kecewa,Sadness
4928,kemasannya baikk kotakya gak rapih bekas kado,Fear
4929,pengiriman butuh urgent,Anger
4930,kuduga beli barangnya dikasih kondisi cacat beneran wkwk pecah barang urutan total item order kualitas barang plastik tipis sesuai perkiraan ditampilkan toko tampilan overall recommend,Fear
4931,pengirimannya lumayan cepat warna cutternya sangattt cantik ukurannya mungil dibawa kemana aja mantappp bgt,Love
4932,keladak,Anger
4933,bahannya halus jahitan rapi harga segitu uda oke banget,Happy
4934,alhamdulillah barang bagus membeli pesanan prosesnya cepat,Love
4935,salah stik berfungsi coba chat penjual direspon,Fear
4936,fast resp seller pengiriman cepat packaging rapihhh aman barang lengkap sesuaii thankss lott,Love
4937,barang jelek mudah sobek,Anger
4938,sandal licin anak menyeret memakai sandal licin,Sadness
4939,packing rapi aman pengiriman cepat produk sesuai pesanan makasih bonusnya,Happy
4940,bahannya adem jahitan rapi,Happy
4941,barang chat resp,Fear
4942,lapuk,Anger
4943,butek beli guys,Fear
4944,kualitas bagus foto pengiriman kunjung terjaga pokoknya,Love
4945,diharapkan volumenya cepat,Fear
4946,pengiriman ramah pengiriman seminggu diterapkan tuhan kesehatan kesuksesan terima kasih,Love
4947,belanja mantap pengiriman acap barangnya rekomended packing gembira rapi belanja insyaallah,Love
4948,barang ok pengiriman cepat recommended seller,Love
4949,barang sesuai ukuran mesin cuci tabung pas banget terima kasih tokopedia seller semoga sukses tokonya,Happy
4950,diatur universitas qc pengurangannya elemen rusak frustrasi,Sadness
4951,sory kasih bintang krna pengangkatan menyerampang kali kirim diperhatikan pengirimannya,Sadness
4952,kemasan kotaknya yg penyok robek tp pisaunya aman hadiah temen,Sadness
4953,mah robusta nya ga serasi deskripsi ekspetasi gawat,Anger
4954,silikon jelek mudah berkalih kualitas lamu bayangkan kualitas philips,Anger
4955,lom coba tp nya warna bagus pengiriman standar packing rapi tks,Happy
4956,bagus cepat,Happy
4957,mantab pelayanan cepat barang original,Love
4958,item sesuai deskripsi mukena tebal disarankan toko,Love
4959,menjual menjual toko bro,Anger
4960,diterima cacat mulus mengesankan mantan ketara berterima kasih,Sadness
4961,dompetnya bahannya tipis,Sadness
4962,puas produknya pelayanannya barang cacat kondisi tertutup mejanya menutup rapat pemasangan engselnya sejajar pendek yg menyebabkan listnya sobek krn dipaksa menutup daun mejanya fix nya cacat pabrik pengiriman komplain ga diterima toko penjual suruh hubungi kurirnya,Anger
4963,komunikatif wrn yg pilih ga sdh chat conform kirim yg aja yg ga ga usa kirim kirim wrn,Anger
4964,mantaps murmer gede ga pake,Happy
4965,bagus kokoh lari larian rodanya,Happy
4966,ancur dah pelayanannya gausah kesini dah kalo gak kapok,Fear
4967,mantap hijabnyaaa enaaaaaak dipakai adeeeeem,Love
4968,fast response diproses dikirim langsung dikemas rapi aman pengiriman cepat harga ekonomis murah pesanan lengkap sesuai kualitas produk lentur melekat kuat trusted seller produk penjual direkomendasikan terima kasih,Love
4969,belanja terkenal lambat memesan hasil langsung mengirimkannya besok sore,Fear
4970,langganan beli mini gold,Love
4971,barang diterima rapi,Sadness
4972,respon pengiriman cepat produk ori expired semoga berhasil mengatasi rambut rontok tipis awet pemakaiannya,Happy
4973,sy pesan bungkus mknan kucing merk bolt ukuran kilogram tp dikirim anehnya label pengiriman tertulis kg pieces lihat foto nama penerima alamatnya spt foto ukuran bungkusnya berisi pcs kilo dikomplain tp respon yg dana dikembalikan sesuai barang yg dikirim silahkan dinilai,Anger
4974,kecewa kualitas botolnya semprot langsung copot terpaksa pindahkan isinya botol eceran sayang wanginya enak,Sadness
4975,produk dipakai dg semoga awet fast respon,Happy
4976,shimmer cocok warm tone,Happy
4977,barang sesuai pesanan sy pesan warna hitam ukuran l kirimnya hijau ukuran xl sy pesan warna hijau ukuran m kirim nya ukuran l tingkat pelayanan bos pesanan sesuai ya,Fear
4978,barang dikirim sesuai warna warna,Fear
4979,seller responsif order diproses kirim bahan lap menyerap air ukuran lap pas utk lap dapur terima kasih,Happy
4980,proses pengiriman pejabat aaaaaaaa respons sopan lambat toko,Anger
4981,ga dikirim barangnya,Sadness
4982,cacat spons lancar cacat,Sadness
4983,kualitas produk bagus jahitan rapi desainnya cantik cm kekurangannya kl isi kartu jd sesak hehe,Happy
4984,packingnya memuaskan,Fear
4985,pengiriman express burungnya lincah banget top markotop,Love
4986,terima kasih barang terima kali tolong packing terima aja,Fear
4987,proses pembelian transportasi,Anger
4988,bahannya sopan beruntung warna sih oklah,Sadness
4989,pesen datengnya untung menang argumen komplain terpaksa nerima barang refund dipotong harga barang yg dikirim seller enak untung buyer tetep rugi,Anger
4990,kelengkapan sesuai game nya seru gaming terbaik kesekian kalinya beli dsni aj memerhatikan memerhatikan memerhatikan intinya seller responsif seller ramah komunikatif bgt dah packing jg rapi bgt proteksi pengiriman terjaga barang sesuai original pastinya proses pengiriman kunjung dapet bonus tumbler nya thanks yh gan lo beli dsni langsung aj gk ush recomended mengecewakan perfect top markotop the best of the best thanks yh gan sukses dah,Love
4991,memesan bentuk ikan dikirim donat kucing diare,Fear
4992,jelekkkk,Anger
4993,respon cepat pengiriman cepat dimainkan,Happy
4994,yg dikirim russakkkkk guys ampun dahh,Anger
4995,salah mengirim barang dibantu pengembalian barang dikirim menyusutnya berat eye shadow menunggu pengembalian semoga membantu,Fear
4996,barang yg pecah bekas tambal,Fear
4997,kecewa deh order warna hitam navy dikirim warna navy alhamdulillah ga langsung beli nyoba beli,Sadness
4998,mouse keyboard disarankan,Love
4999,pengertian segitu perkiraan bagus gemar,Love
5000,kue mencoba kue asam mengeluh penjual dikonsumsi dimakan tanggung,Fear
5001,beli toko resmi februari februari cepat sungguh cussons harga arang murah,Love
5002,ditempel ditembok tempelannya kotor banget udh dicuci jg tetep kotor gak melekat disayangkan karna harga nya lumayan mahal utk yg kualitas yg,Anger
5003,produk cacat kepalanya penyok tukar gak dikasih,Anger
5004,proses pengiriman bahan tipis,Fear
5005,trm ksh brgnya sdh smp pengiriman cepat kmrn pesan double bubblewrap penjual responsif dlm qa kurir oke via cod,Happy
5006,diterima kotak kebuka botol gak tutupnya,Fear
5007,kedaluwarsa mencoba dikonfirmasi kehabisan malu toko resmi mengambil hadiah malas bolak,Fear
5008,spray air tdk embun,Fear
5009,to honest barang rusak tangkai patah dikirim salah pas buka ga video unboxing but overall mengecewakan sih kualiatas barang toko kasih notes pemesanan harap check min barang dikirim kapok sih klo,Anger
5010,bagus banget nyaman baby worth harganya bahannya nyaman desain ergonomis nyaman punggung gampang dipakai beban tersebar merata bahannya fleksibel proses pesanan cepat penjualnya ramah banget packaging aman packaging rapi respon penjualnya top,Happy
5011,pengiriman permintaan dikirim kamis tny diclat dikirim akibatnya gagal melepaskan kinerja,Fear
5012,barang bagus motif nya jg cantik respond penjual cepat,Happy
5013,plastik putus lembut,Fear
5014,barang cocok pesanan emas alih mengirim merek putih,Anger
5015,mantab berfungsi mantab proses pengiriman cepat top,Love
5016,respon penjual pengiriman cepat barang sesuai pesanan memuaskan thank youu,Happy
5017,produk diterima selesai lampu kepala foto bagus barang bagus,Love
5018,bawaan bawaan dikirim tersisih gambar dikirim spilling merek sikat penipuan,Fear
5019,layanan disarankan memenuhi respons respons pengisian cepat,Love
5020,aplikator mudah dipakai hasilnya tahan hasilnya matte desainnya mewah nggak cepat pudar nggak bikin bibir kering packaging aman proses pesanan cepat packaging rapi respon penjualnya top,Happy
5021,beli sabtu sampainya kamis,Anger
5022,kualitas barangnya bagus sesuai harapan customer respon chat jg cepat ramah rekomended seller sukses lapaknya gan,Love
5023,produk sesuai harga terjangkau kualitas bagus adminnya ramah responsif banget kendala pengiriman usahain pengiriman biar barangnya rumah pembeli packingnya aman bangett makasih banyakk,Love
5024,pesen hitam dikirim putih menahun direturn ngga keburu bagasi tsb kado ultah hr pake day sdh sy ingatkan loh tolong dicheck dikirim,Anger
5025,masak barangnya kirim rusak gak orangnya gak ngerespon chat ganti gak yaudah deh biar tuhan iklaskan,Fear
5026,elemen menggandakan pembungkus pembungkus plastik gelembung dihancurkan menerimanya keberuntungan,Fear
5027,sentosa surantap,Love
5028,seringkali berbelanja dikumpulkan amiin,Love
5029,proses pengiriman mengecewakan,Sadness
5030,respon no recomended,Fear
5031,dikirim buruk,Anger
5032,bungkus nya pakai plastik tipis dililit pakai lakban bening buka pake tangan pas pake gunting sajadah gunting bungkus nya tipis,Sadness
5033,beli paket paket bintang tl,Anger
5034,ekspedisi pengiriman membutuhkan keluhan hadeh,Fear
5035,aktual barang sesuai harapan,Sadness
5036,ga tau dmn kendalanya tp barangnya sampe rumah bgt molor dr estimasi,Anger
5037,jahitan rapi ukuran warna sesuai dgn foto recomended,Love
5038,kesel ama durasi pengirimannya doang overall barangnya bagus,Happy
5039,cetakan bagus sesuai harga,Sadness
5040,kualitas baut bayi berlanjut,Anger
5041,toko terburuk,Fear
5042,artemia dtg mati,Fear
5043,pengiriman kebocoran isinya dikirim elemen kebocoran alternatif,Fear
5044,disarankan membeli tanggapannya cepat menit harga bagus terbaik well tanggapan tunggu panggilan menemukan terima kasih puas merekomendasikan,Love
5045,layanan,Anger
5046,kerennn data ponsel korea langsung,Love
5047,keluhan,Fear
5048,perintah dikirim,Anger
5049,sesuai harga kualitas buruk pas colok komputer colokin headphone jack port headphone jack usb nya headset nyala kanan doang headset pas dicolokin hedphone jack nya nyala kualitas mic buruk bener bener beli beli vention sound card aja kualitas bagus mahal sesuai foto keliatan murah aduh ilang ribuan,Fear
5050,noise banget suranyaa gabisa dipake,Anger
5051,terbukti menumbuhkan yg kalinya,Happy
5052,dipasang sdh tdk berfungsi,Sadness
5053,barang yg dikirim dicoba pcs yg berfungsi diretur ongkir nya mahal dr harga barang kecewa,Sadness
5054,deskripsi diameter filter keliru pasangkan lenshood lenscap gak cocok,Sadness
5055,pengirimanya,Sadness
5056,emang belanja online ya kayanya pas beli ga tuh foto mukena dikirim beda foto untung tes beli beli puluhan dikasih keorang aja beli semoga nemu toko yg amanah,Fear
5057,wow murah pengepakannya rapi produknya bagus keren uhuuy pisan hehehehehe,Love
5058,pesan kecewa dikirim uuuuuuu fffttt,Sadness
5059,barang cepat diproses pembungkus dibungkusnya rapi langganan,Love
5060,beban kualitas jelek tangan patah pecah ditekuk pecah copot blum sempet pake udh buang aja,Anger
5061,barangnya original packaging aman,Happy
5062,bagus tahan banget,Happy
5063,lupa gaes diorder toko,Love
5064,rating bagus kali diffuser menyala menerima produk tanggal februari langsung coba hasilnya bagus ikuti petunjuk mematikan pembersihannya produk nyalakan tanggal februari kali mist tombol menyala mengajukan komplain chat balasan uchii produk dikomplain disayangkan produk elektronik uchii proffesional membeli diskon dikirimkan produk rusak bertanggung penggantian minimal perbaikan,Fear
5065,puas dompetnya,Sadness
5066,kualitas produk bagus,Happy
5067,pengalaman membungkus gelembung,Anger
5068,aman siang bos pesanan terima pasang coba packing manjur aman product mantap pokoknya top markotop pelayanan oke toko recomended makasih salam sukses sehat sejahtera aamiin,Love
5069,penjual direkomendasikan nasihat dikirim itikad penjual tolong orang membuatnya,Fear
5070,dibuka dicoba pasang kuat nempelnya kunciannya jg stabil bongkar pasang hp nya gampang penjual jg responsif,Happy
5071,ramah bagusss warnanya menakjubkan bikin ibnu senang gambarnya,Love
5072,tulis motif iron cement ga save penjual ga motif kirim motif,Fear
5073,bagus ramah warnanya menawan bahagia gambarnya,Love
5074,mobil orisinal hot wheels sy aslinya,Fear
5075,isinya air ban keluhan,Anger
5076,kecewa tunggu respon yg penjual nya,Sadness
5077,kirim kesalahan,Anger
5078,flash disk selamat pengepakannya aman permainan aman dimainkan pikir bonus permainan dalamnya terima kasih sis kelengkapan permainan,Love
5079,barang sesuai dipesan pesan aneka warna hitam smua,Sadness
5080,lapisan pelindung kotak plastik pembungkus diterima bucket lepuh lepuh minggu rabu jakarta membelinya toko resmi resmi membeli toko membeli toko hadiah harganya murah pengepakan bagus toko resmi dihancurkan hadiah menutup toko,Anger
5081,arloji produk tokcer gambar badai,Love
5082,kesekian kalinya pesen produk bagus membantu proses diet pengiriman cepat,Happy
5083,tokonya sportif koperatif pengalaman buruk belanja toko barang cela diajukan keluhan bertanggung chat tokped wa tanggapannya muter muter doang basa basi bertanggung lu makan tuh uang istri lu hati hati toko,Anger
5084,lembut banget bagus pegannya nyaman bobotnya ngga berat ngga yg banget,Happy
5085,udah beli yg kecewa yg gagal disuruh nunggu tau gitu komplain,Anger
5086,yg micro rusak coba tingkatkn lg kualitasnya,Sadness
5087,gueeeercep pol jam jam transaksi jam barang udah sampe tangerang sudirman packing terbukti aman pengiriman hujan instant courier pas unboxing isi paket kering sukses gan recsel,Happy
5088,mantap pengiriman cepat produk aman,Happy
5089,produk original dijamin termurah nyaman dipakai,Happy
5090,kecewa beli pcs ksh yg exp bln,Sadness
5091,packing gak aman dus tipis doang gak pake paper tube alhasil ngebekas digambar fotonya kali nyoba cetak alhasil kecewa,Sadness
5092,thank utk anabul ku kebantu banget produk repurchase lg nih,Love
5093,positive job respon cepat paket cepat,Happy
5094,barang sesuai deskripsi,Fear
5095,nyaman dipakai bahannya kuat muat barang potongannya rapi jahitannya rapi ukuran sesuai resletingnya lancar bahannya ringan modelnya keren,Happy
5096,pas ukuran kaki bahan sesuai harga tebal,Happy
5097,kirim barang diperiksa lg pungsikan colokan kabel cas ggk masukkan kelubang utk cas nya jd ggk ngecas,Fear
5098,sy pake sameday dtgnya besoknya smtra sy byr jam respon rugi tau gt sy ga ush pilih yg sameday mksd jd rekomen,Fear
5099,mantap wangi nya segerrr,Love
5100,ya jamnya harusny dijelasin display jam gk hidup idupin,Sadness
5101,bebannya buku buku mahal mengurangi suka buku membeli buku rompak kasih,Love
5102,beli kirim keluhan tanggapan rugi solutive beli kapok,Anger
5103,parah note kasih chip desain ga logo ga diliat kayaknya notenya hadeeeeeeeeeeeeeeeeeeeeeeh penjualnya jg kaga ramah mo ngasih tau sekedar negor langsung ngomong return aja olah complaint direturn ganti duitnya dikritik biar kedepannya maaf udah salah sok ga butuh pembeli sumpah kesel bgt ama penjual sombong parah,Anger
5104,maaf ya produk yg kasih bintang semprotan sprayer nya langsung tdk bs dipake coba diperbaiki ya ttp tdk nya kahf ganti supplier botol deh,Sadness
5105,filter showerhead mereknya jd bs palsu tp kecewa silahkan dicoba aja salah,Sadness
5106,kemasan buruk kotak memesan bra bra rusak,Anger
5107,gabisa dimainin ios versi keatasnya maksimum ios versi gabisa dipake,Anger
5108,lucu bahannya tipis keren terima kasih penjual,Love
5109,instalasi mudah pengiriman cpt respon cpt trims seller smoga awet aamiin sukses seller tokopedia,Love
5110,,Love
5111,gan ps nya udah tombol hijaunya merah trus tenteram,Fear
5112,respon cepat packing rapih kecewa lubang teflonnya ngelupas,Sadness
5113,gan ps nya udah tombol hijaunya merah trus stagnan,Fear
5114,kecepatan tdk sesuai dgn deskripsi,Sadness
5115,lilinnya gambar pdhl sy angka yg sesuai gambar nemenin angka yg,Fear
5116,respon penjual bagus kondisi barang aja rusak tombol kadang mati menjalankan game,Fear
5117,kecewa kualitasnya,Sadness
5118,default transfer skala dikirim,Sadness
5119,produk bagus proses cepat penjual ramah desain bagus pesan,Love
5120,tokonya songgong brg rusak dibebanin konsumen ngak jd penjual kalo bubble dibebankan pembeli,Anger
5121,koper printer dikirim pejabat online rusak menanggapi obrolan menuntut melakukannya,Fear
5122,paketany ru nyampe lgsung cek salah stik na analog na rusak diorder yg na tolong jk order lg tolong dicek kondisi stiknya sblum dikirim terimakasih,Fear
5123,udahhh responnya estimasi dateng ya carabungkusnya ga rapih dalemannya ristek pulaaa kecewa sihh mah,Sadness
5124,mantappp,Happy
5125,barangnya original suaranya jernih desainnya modern suaranya bersih nggak,Love
5126,elemennya bagus buku mahal berkurang,Love
5127,beli packing dus bubble tp dus ndak dikirim mohon diperhatikan,Fear
5128,wow sameday tanggapannya kerugian memilih,Fear
5129,expektasi bahannya kucel,Fear
5130,beli jelek eror analog g kecewa,Sadness
5131,kali ganti kartu sinyalnya sinyal ngak telp menerima telp,Sadness
5132,instruksi jaraknya jeniana elemennya berbeda,Anger
5133,barang minggu nyampe jne pedati urusin barang evaluasi bos biar nggk gini cape ribet urusinnya dpt,Fear
5134,dasternya adem baiklah iyalah gitu baiklah ademnya gretongan haahaaa genting asli,Anger
5135,elemen mencoba layanan logistik mencoba kali stabil penjual menanggapi obrolan kotak diterima penjual tokopedia keluhan kecewa keluhan menunggu diperiksa memeriksa informasi barang solusinya tokopedia penjual menanggapi tanggapan respons,Anger
5136,kualitas bahan bagus proses pesanan cepat packaging aman packaging rapi,Happy
5137,lilinnya udah usang nian goldnya,Fear
5138,kualitas lem mahal aibon,Anger
5139,pengiriman cepat packing rapi kualitas mantap,Happy
5140,warnanya cantik baunya menyengat harga terjangkau pengiriman cepat packing aman,Happy
5141,setolok dibayangkan,Fear
5142,sulit merujuk jam kartu sinyal signifikan buruk,Anger
5143,memilih varian hitam dikirimkan putih acc dibunyikan berkomunikasi pembeli fitur obrolan mengirimkannya mengeluh,Anger
5144,packingnya terlampau pd lecet lengkap sejalan order,Sadness
5145,respon cepat packing ok sesuai,Happy
5146,sngt mengecewakn berhrap dpt hadiahnya tdk sblm belanja sy chat pusat dikirimnya dri kantor cabang sy nya bhw sy belanja nya dri cabang pengirimn dri kntr cabang tdk promo hadiah jdi yg beli produk susu jk etalase hadiahnya tanykn dikirim nya drmn kt sebgai konsumen jg kritis biarlah hnya sy yg yg yg sdh langgann minum susu sehat,Sadness
5147,gak pake kecewa barang sampah deh,Sadness
5148,kualitas nya bagus nya sesuai yg etalase pengiriman cepat banget thank,Happy
5149,flash disk selamat pengepakan aman memainkan permainan aman pikir hadiah permainan,Love
5150,dipake charger indikator udh ga nyala udh ga dipake gimana sampe sepak terjang nyata pengurusan agun,Fear
5151,bagus pelayanan cepat tanggap sopan,Happy
5152,bahannya nyaman nyaman punggung desain ergonomis beban tersebar merata proses pesanan cepat,Happy
5153,barang sesuai thank,Happy
5154,barang ga sesuai kecewa,Sadness
5155,bagus topinya membeli ahh,Love
5156,admin menghubungkan jawabannya,Anger
5157,ahannya bagus model unik cakep adminnya ramah cepat responnya terima kasih triple w official,Happy
5158,lampu charge ga menyala beli kecewa penjual no respon,Anger
5159,kwalitas nya rendah,Sadness
5160,kerennnn korea hp data roaming gak setting bs hukum cpt produk ok recommended seller,Love
5161,gk pakai tali krng,Sadness
5162,informasi baterai kecewa mesin jalannya,Sadness
5163,barang sesuai pesanan silakan kumpulkan barang hati,Fear
5164,bahan ny sih bagus cm sayang pesen nya ny chat seller ny jg baca penjelasan seller g asiiiik g bs ajak komunikasi,Sadness
5165,respon cepat pengiriman cepat produk bagus thanks,Happy
5166,jaringanya ngelek banget lelet mending pake indihome de nyesel beli orbit jaringan ya parah,Sadness
5167,barang kw original ujung colokan lightning nya berwarna abu wrna putih plat usb jg gbr produk yg palsu kiri produk yg dibeli toko yg kanan kabel original beli hp,Fear
5168,size yg dikirim size kebesaran gk bs pakai bagaimna,Fear
5169,pesanan layanan,Love
5170,sepatu adidas ultra boost sya lengket udh dicuci bersih trus sya ampelas yg lem tpi tetep gamau lengket semoga pembeli yg lengket gak sepatu sya,Fear
5171,kekecilan ukuran sesuai deskripsi,Sadness
5172,menerawang ukuran sesuai bahannya adem jahitan rapi warnanya cantik modelnya cantik,Love
5173,barang dikirim lengkap sayangnya unboxing divideokan krn beranggapan belanja seller mengecewakan dichat seller diinfo difollow timnya tp tindak seller jaminan memuaskan,Sadness
5174,toko elemen buruk permintaan konsumen penjual gelembung dikenakan pembeli,Anger
5175,pcs dipakai jam panas fast charging dibuang tong sampah langsung,Sadness
5176,wekernya bagus gampang settingnya baca petunjuk males rgb lightingnya masuk body warna hitamnya barangnya irit space angka led nya gampang kebaca terang,Happy
5177,maaf ya kak kasih bintang tas sobek reseletingnya dol susah dibuka tutup kali tolong cek,Sadness
5178,toko mati,Fear
5179,parah banget ukurannya l xl mah anak sd kaga orang dewasa negativean,Anger
5180,komiknya yg udah kuning kertasnya stok,Fear
5181,ga dilapis hrusnya dilapis kardus minimal,Anger
5182,mantap sukses tokonya,Happy
5183,seller bertanggung sosok celana adem recommended,Love
5184,jualan yg jujur ya gan barang sesuai gambar barang yg beli sesuai dgn gambar yg dipajang lgs order yg dibawah ekspektasi gambar kanan barang original sesuai display,Sadness
5185,produk yg dikirim berbeda dgn foto yg tertera,Fear
5186,bagasi karung plastik segel kantong kopi nya udh terbuka aroma kopi kecewa,Sadness
5187,beli sabtu kamis,Anger
5188,penipu penjual nano apanya basah becek mahal,Anger
5189,kualitasnya bagus berfungsi,Happy
5190,sesuai pesanan pesan warna merah putih yg dikirim warna,Sadness
5191,yg pesan pcs bolt salmon dikirim bolt salmon nya tuna harga beda rupiahan sih tp beda rupiahnya kewajiban barang sesuai dgn yg dibeli konsumen aja biar konsumen ga rugi janji dikirim salmon dipesanan kali tp tetep dikirim tuna klo barang kosong konfirmasi kirim aja ok makasih deh ka semoga konsumen ga mengalami,Fear
5192,beda kwalitas nya dgn penampilan foto,Fear
5193,repeat order seller komunikatif pengiriman cepat fast response,Happy
5194,barang bagus sesuai sayang packingnya rapi rusak yasinnya,Happy
5195,isi kotak,Anger
5196,green screen nyampe bahan tebal ntah positiveie bag yg bagus warna hijau cerah oke green screen,Happy
5197,dikecewakan toko pokoknya urusan videografi fotografi senang belanja,Happy
5198,x belanja tp yg sanngat kecewa,Anger
5199,bagus cepat packaging aman,Happy
5200,produk sesuai deskripsi kualitas produk bagus karetnya tebal buatannya rapi halus thanks seller flash sale,Happy
5201,size l bgt sih ga keterangan size bajunya aneh bgt admin jg respon,Anger
5202,bubble wrap bukunya kena benturan,Sadness
5203,barang bagus penjual menjengkelkan,Fear
5204,makasih recomended seller tx u shakernya ya langganan nih,Happy
5205,gampang awet seharian proses pesanan cepat,Happy
5206,pesananya ndk sesuai ukuran yg pesan klo stok kosong ya ubah,Anger
5207,pengiriman,Anger
5208,beli dikirim doang balikin duit gw penipu,Anger
5209,berbelanja cepat pengiriman barang direkomendasikan berkemas aman rapi berbelanja tuhan bersedia,Love
5210,slalu ok belanja,Happy
5211,terbaikkk kasih emasnya gemoy,Love
5212,barang pelayanan cepat packing aman barang sesuai deskripsi terimakasih sukses yaa,Happy
5213,terimakasih buku,Happy
5214,mantaaff,Love
5215,kualitas barang bagus produksi terbaru pengemasan penjual sederhana merespons cepat,Love
5216,berlangganan membeli simcard jr pass layanan mengobrol responsif pengirimannya cepat mendesak puas berlangganan berterima kasih,Love
5217,tampilan si ok banget bahan tipis banget dipake pemakaian normal minggu jahitannya udah sobek,Anger
5218,penjual mengambang masker warna rama hitam kirim rama,Anger
5219,warna dusty difoto sm aslinya beda atasan kotor tinta bolpen,Sadness
5220,bakso asam buruk orang berbeda pulau membelinya dijamin dijamin,Anger
5221,mantap barangnya,Happy
5222,kesekian kali belanja produk atalon puas pengirima cepat produk original bahannya nyaman pakai pokoknya recommended pecinta olahraga lari dll produk original dijamin termurah nyaman dipakai,Happy
5223,mantap barang ga mengecewakan sumpah sony ku awet jg btrenya btre ori,Happy
5224,udah kesobek makanan kucing nya alot,Sadness
5225,ga bl lg dsni thx kecewa,Sadness
5226,emulator delay parah deadzone analog emu ppsspp emu yg coba intinya gak rekomen yg main emulator,Fear
5227,pembersih tangan bagus aroma tangan halus semoga kulit sensitif sakit,Love
5228,barang kondisi hancur packing sobek,Anger
5229,saran toko pengiriman nya antaraja disarankan pegiriman nya yg aja,Fear
5230,lapisan manggala plastik wraping dus yg diterima penyok ember lecet pengiriman minggu sampe nya rabu jakarta beli nya toko official resmi bagus beli toko yg beli ditoko yg pembagian sampe harga murah packing bagus toko resmi hancur pembagian tutup aja tokonya,Anger
5231,pembelian ga puas pembelian mengecewakan ntah irit packaging alasan pembelian tiramisu berkardus udah dijual ketengan,Sadness
5232,tau yg dirumah cek gorilla pod nya yg pecah menjadikan kakinya gampang copot,Sadness
5233,produk diterima lengkap pas kepala lampunya terang mantap pokoknya rekomendasi,Love
5234,wax bau gula merah versi encer manis bikin lengket badan dna kering bfungsi sesuai deskripsi komplain diemin duit aja,Anger
5235,unit seller bersedia membantu mengatasi terima kasih,Happy
5236,produk cepaat amaan thank youu,Love
5237,barang nya tipis udhlah brg udh terima,Sadness
5238,laptop bagus keren panas cepat,Love
5239,filternya canggih air banget,Sadness
5240,beban sampe trus dicoba nya indah logistik nya mati udah dicoba berkali kali ga tegak seller chat respon dana diterima seller tokopedia ga bantu komplain kecewa komplain disuruh nunggu cek dicek ga duluan kasih info beban yg duluan penyelesaian nya belanja tokopedia kena seller ga indah refund ga ditanggapi beban ga tau kemana diapain beli kayak beli beban refurbish yg ga dikirim dikirim menyebalkan,Anger
5241,keluhan menanggapi pelajaran membeli cek,Fear
5242,nunchuck nya ga berfungsi mohon diperhatikan kembli barang yg dikirimkan pelanggan tdk kecewa,Sadness
5243,membeli kedatangan bidang cocok citra menjual gadis bahagia mengambil uang ilegal,Anger
5244,respone lambat packing kirim mengecewakan kota yg menit sampe saller fix transaksi menit sampe nunggu sampe jam toko payah chat customer responenya lambat kapok ga belanja,Sadness
5245,produk berfungsi seller komunikatif informatif proses pemilihan paket sesuai kebutuhan penggunaannya dipandu pengiriman cepat bebas ongkir jakarta surabaya alatnya praktis fungsional nggak nonton film live channel negeri nyari netflix nba tv amazon prime dapatnya lupa ya kerja alat tergantung koneksi internet oke internet top,Happy
5246,mah pvc bahanny tipis banget pu jg tipis ga setipis bikin rugi w aja dicutting melenceng mulu mending mesin w xiomi graphtec yg puluhan juta bener kage beres nih toko sampah,Anger
5247,yg micro lapuk coba tingkatkn lg kualitasnya,Sadness
5248,beli muatan pulang pena dikirim muatan pulang pena menjual hati hati jujur,Fear
5249,hasilnya tahan proses pesanan cepat packaging rapi respon penjualnya top,Happy
5250,harga murah qualitas ok respon cepat pengiriman cepat,Happy
5251,barang rusak,Anger
5252,sesuai warna pesanan,Fear
5253,membeli benih telepon toko bagasi murah menawarkan anjak piutang murah dikirim as uv kalah,Anger
5254,murah murah murah warna elegan melampaui harapan,Love
5255,mantul kualitas bahan mantap,Love
5256,pelayanan bagus mantap rekomen banget beli terima kasih,Love
5257,tanda drum pad nggak rapih lem belepotan,Fear
5258,mantab terhubung siri,Love
5259,kerennnn korea hp data roaming gak setting qadim bs prinsip cpt produk ok recommended seller,Love
5260,item cocok foto,Fear
5261,material produk bagus kualitas produk bagus produk original ukuran produk sesuai overall recomended thx much,Love
5262,barang bagus seller ramah,Happy
5263,tulis dicatatan hitam putih dikirim hitam gunanya catatan kaos kaki anak sd ga muat kaki orang dewasa,Anger
5264,pengiriman cepat respon penjual cepat,Happy
5265,pengiriman kebocoran isinya dikirim item penggantian bocor parfum habis kali botol kosong,Fear
5266,memilih alternatif hitam dikirim putih kehabisan menghubungkan pembeli fitur obrolan mengirimnya mengeluh,Anger
5267,berguna bermanfaat lancar swiss,Happy
5268,ga kerekam suaranya,Fear
5269,kecewa scroll rusak,Sadness
5270,pecah kondisi mash plastik bubble wrap,Sadness
5271,hot wheels asli bahan plastik harap keterangan barang tdk original,Fear
5272,puas pelayanannya barang dikirim pesan,Sadness
5273,bungkusannya kaya dah buka aslan lecek smua fotonya,Anger
5274,bagus barangnya ga cacat pelindungnya tebel pengirimannya cepet banget,Happy
5275,barang rusak dikirim,Anger
5276,toko toko stagnan,Fear
5277,kecewa jahitanya gak rapih trus peganganya amburadul,Sadness
5278,penjual mengirim elemen dibeli menuduh pembeli perbedaan perbedaan upaya memverifikasi sistem penyortiran,Anger
5279,beli game pass bagus nih toko layani selesai makasih ngab,Happy
5280,produknya mudah rusak kalo kena kuku yg runcing langsung robek benangnya terurai komplain udah terlanjur dibuka dipakai barang nya dirugikan beli yg bermerek mahal puas coba beli produk bikin habis uang beli cd skrg,Sadness
5281,pengemudi barangnya pandai,Anger
5282,pegangan tangan kanan diputar,Fear
5283,gambar bagus dicoba topup ponsel nfc berterima kasih penjual,Love
5284,beli proses pengisian pena dikirim pena menjual hati jujur,Fear
5285,alat linting nya,Fear
5286,admin mujur sabar meniti rekomended,Love
5287,penjualan obeng magnetik obeng magnetik sulit belajar memiliki alat lengkap lengkap,Sadness
5288,m,Love
5289,puasss banget packing aman barang diterima selamat thank,Happy
5290,diterima sesuai baguussssss,Love
5291,disarankan merespons elegan rgb,Love
5292,ori harga sesuai kualitas ya bahan plastik dikasih keterangan deskripsi,Fear
5293,kotak dikumpulkan tipis rusak menerimanya pengemasannya mengeluh barang murah terbuang berbelanja elemen tinju pbb,Sadness
5294,suka banget original source mint,Love
5295,jelek membeli harga murah kecewa murah materi maaf penjualnya,Anger
5296,lampu mati menyala revan,Fear
5297,pohonnya segar bonusnya makasih ya udah beli,Love
5298,nyaman kulit kulit glowing penjualnya ramah banget packaging simpel packaging aman,Happy
5299,produk untung nya bagus pengemasan buruk banget bsa bilang nggak layak penyok palung nya kayak fosil pakai,Fear
5300,kecewa dibatalkan pesanan produk dikirim rumit admin menerima pesanan langsung mengemas kelas titik toko resmi produk dikirim sesuai dipesan,Sadness
5301,paten paten berkualitas elegan,Love
5302,gak dipake bunyi kemeresek,Fear
5303,dipesan langsung proses penjual ramah beyblade berputar kencang harga murah toko laen,Happy
5304,bagus cat nya mantab dah,Happy
5305,terima kasih dibookingkan pengalamannya lancar kamar bagus,Happy
5306,aromanya enak menyengat,Sadness
5307,suka banget next pengen nyobain nyaman,Love
5308,paket kepalan kuat stabil,Love
5309,barang dikirim salah pesan webcam logitech logitech official bs dikirimmya headphone jbl penukaran barang butuh kerja sungguh,Anger
5310,beban sampah bilang authentic beban kw beli box kepastian authentic pakai jam pahit beban kw,Anger
5311,gak recomended produk sih ok spt tp packing pk amplop kondangan putih dibungkus plastik ya buruk obatnya stok najong dah chat ga dibales kapok gw belanja,Fear
5312,pengiriman cepet bgt bonus pouch packing rapi memuaskan lanjutkan kak pelayanan baiknya kalo tingkatkan terima kasih,Love
5313,fungsi barang direkomendasikan penjual,Love
5314,bahan nya bagus banget,Love
5315,izin nih wanginya berakal body lotion citra wangi body lotion emang sih harga murah tetep ga worthed,Sadness
5316,jelek banget mic nya gak nyala kabel cuman cm dipake bando nya doang mic pake lavalier,Anger
5317,bocor rembes kalo dimiringin abis,Fear
5318,dikirim lilin nya sdh beli,Fear
5319,pesan paket yg paket sesuai pesanan,Sadness
5320,awet tp kainnya nyerap kalo lantai granit ninggalin bekas,Sadness
5321,mantap kipasnya kenceng barangnya berkualitas sesuai harga,Happy
5322,mengirim lilin membelinya,Fear
5323,nyesel mati beli ni produk beli liat ulasannya positif sumpah krim baunya ga enak banget kalo digambarkan baunya perpaduan muntahan bayi minyak iya separah yg kasi ulasan idungnya mati ato gmn ya pengiriman sih cepat bagus sorry product nightmare pricey tau gini gw ttp beli wak doyok yg wanginya lbh enak lbh murah cream recommended,Sadness
5324,produk dikirim,Anger
5325,respon cepat ramah recommended,Love
5326,berbelanja kecewa,Anger
5327,mencubit meja kehilangan dikunci dicoba pita segel longgar mengunci lengan boom bagus sayang bingung dikunci,Fear
5328,dicoba efek proses transportasi penjual lajak terima kasih,Sadness
5329,toko bodoh dikemas dikemas barang rusak sesuai tujuan beli toko bodoh membeli kipas mini usb memesan item hasil hasil hasil paket rumah pengembalian uang pengembalian uang mini uang penggemar pembatalan bodoh harap pelanggan berpikir berkali berbelanja toko bodoh kecewa membelinya terima kasih,Anger
5330,aduk ya pengiriman barang nya jelek barang yg keriput kusut rusak tolong depannya perbaiki,Anger
5331,toko bodoh dikemas dikemas item rusak sesuai tujuan beli toko bodoh membeli kipas usb mini memesan item pengembalian uang kipas mini uang adil pembatalan bodoh harap pelanggan berpikir berkali berbelanja toko bodoh kecewa membelinya terima kasih,Anger
5332,gak sesuai gambar benyek kemasan plastiknya polos gk print sesuai gambar,Fear
5333,pake hr ud robek,Sadness
5334,oldaaaaaaaaaaa epepsents diterapkan direalisasikan,Anger
5335,dimana keberadaannya dibuka bungkusannya dikirim bersamaan paket diskon yg sebaga pembeli salah langsung menyelesaikan transaksi kabar paket satpam memeriksanya mengecewakan pelayanan deli diskon,Sadness
5336,membelinya colokan rumah mencobanya plug terpencil menimang,Sadness
5337,sesuai deskripsi,Happy
5338,biarkan gambar bercerita pesan bh yg rusak bh jgn percaya balasan pembelaan apapun seller amanah alasan rusak expedisi letak cacat expedisi yg expedisi ceroboh packingan kardus satuannya bubble tipis seadanya tempelan fragile pesan bubble kardus tambahan seller berusaha dilimpahkan biar diganti asuransi untung diviseo unboxing ditolak jg dr expedisi cerita lebar ulasan berhubung kenyamanan buyer utk pertimbangan bacalah waspadalah waspadalah itikad berusaha lepas tangan bahaya rusak tokopedia seller dikasih note proses dichat kirim utk hati hati utk dijual ajukan resolusi pengambalian dana tokopedia tp dialihkan asuransi utk tokopeda refund dana trims admin,Fear
5339,bru pakai tp sdh berbulu,Sadness
5340,udah berkali kali dibilangin kalo yg packing seller tim tokopedia event bts photocard jujur kecewa aja sih pas dateng paketnya udah chat mas mas kurirnya bilang kalo emang ngambil aja udah rusak kondisinya bener bener kayak kardus potongan kardus yg disatuin direkatkan ga dapet pc jimin bayar jam diverifikasi jam segitu sedih kecewa jujur,Sadness
5341,kedudukan drum pad nggak rapih lem belepotan,Fear
5342,nyaman kulit proses pesanan cepat packaging aman packaging rapi respon penjualnya top,Happy
5343,produk donk asli bagus,Love
5344,produk ok sesuai ekspektasi terima kasih,Happy
5345,kemasan rapi brg sesuai pesanan,Happy
5346,transaksi semoga berkah next order,Love
5347,bahannya nyaman nyaman punggung gampang dipakai desain ergonomis beban tersebar merata,Happy
5348,pokoknya yg beli muatan rusak klaim tpi seller kilah stiker garansi blm mohon dipikir beli,Fear
5349,mengirim lilin membelinya,Fear
5350,order pink dateng biru males balikin krna rugi ongkir terpaksa terima,Sadness
5351,pake berfungsi pakai duamya kepencet,Fear
5352,mengecewakan sesuai diskripsi panjangnya diskripsi pesan ps panjangnya cm ajuin komplain rugi ongkir sial deh,Sadness
5353,packing klo kardus susu penyok kemas tuh ngepres kardusnya biar kardus ketekan kemasan susunya rusak langsung,Fear
5354,pengiriman lamaaa tdk pemberitahuan chat tdk respon,Sadness
5355,barang nya rusak,Sadness
5356,jualan ngotottt nggak acara toko nya kakanda,Anger
5357,maaf kak sy pesen celana yg warna dapet kaos dalem ya mohon dibantu ka sy g enak sepupu sy tdnya ngasih celana dtgnya kaos dalem,Fear
5358,mantap paten joss,Happy
5359,barangku gua uda nunggu males gua beli,Fear
5360,berat ngga tajam potong daun aja ngga,Sadness
5361,box bertabur customer beli kado mendiamkan bungkus pake plastik tipis toko gak modal bubble wrap,Anger
5362,packing supeeerr rapi aman rumah thank seller lancar usahanya,Happy
5363,sukaaaaaaaaaaaaaaa lucuuuuuu,Love
5364,barang cepat bolamnya awet terang banget tokonya kurir ragu beli toko,Happy
5365,itemnya bagus harap bertahan membelinya,Love
5366,proses pesanan cepat terima kasih,Happy
5367,pengiriman cepat langganan,Love
5368,barang bagus sesuai deskripsi murah gak murahan,Love
5369,bagusss banget gambarnya dicoba topup dr nfc handphone thanks seller,Love
5370,jahitannya rapi warnanya cantik bahannya lembut ukuran sesuai nyaman dipakai modelnya cantik bahannya adem,Happy
5371,muatan busuk kirim,Anger
5372,teksturnya creamy gampang dipakai packaging aman,Happy
5373,brg sesuai deskripsi sukses,Happy
5374,elemen dikirim tebal bahan tahan air cocok penjual udara,Love
5375,enakkkk banget cryyyyy packaging oke tengkyu,Happy
5376,cupang sesuai gambar,Sadness
5377,suka kainnya,Sadness
5378,mantap gan barang mendarat mulus kartu oke pemerannya lengkap buku panduan ama buku catetan moderator makasih gan,Happy
5379,barangnya bagus tebal dapet best deal kmrn mama suka suka,Love
5380,co jam udah dipacking pengiriman super cepet produk aman ga tumpah sabun oke banget nyembuhin jerawat badan plisss discontinue yaaaaa mintnya seger bgtttt,Love
5381,,Anger
5382,nympe,Anger
5383,barang sesuai deskripsi sedot nya kuat banget cocok laptop ato mobil woke banget cincai siplah,Love
5384,maaf produk bintang semprotan penyemprot mencoba diperbaiki mengganti pemasok botol,Sadness
5385,wajar harga segitu mah baguss,Happy
5386,beli official store tgl feb eh feb udh siang acap thank bangettttt cussons dapet harga flass sale jd murah,Love
5387,kali beli pastel ga ngecewain mantappp seller nya ramah banget,Love
5388,baunya sereh yg nihh pengiriman rapih n aman,Love
5389,so far kualitas bentuk pellet bagus smua toko yg beli packing oke pengiriman cepat recommended pokoknya,Love
5390,mohon maaf produknya dipakai install sesuai petunjuk tp ga insya allah ikhlas,Fear
5391,default mencapai pesanan disarankan,Love
5392,material produk bagus,Happy
5393,barang cocok permintaan mengumpulkan barang bagus,Fear
5394,lampu nggak idup,Fear
5395,kualitas mantap pengiriman cepat,Happy
5396,terima kasih pesanan sesuai,Happy
5397,beli mengirim keluhan tanggapan kerugian,Anger
5398,tulisannya kayak kopian cetakan ulang,Fear
5399,puas belanja,Happy
5400,tali krng,Sadness
5401,brg sesuai realpict kertasnya tebal puas belanja toko terimakasih ukuran produk sesuai,Happy
5402,kecewa pesanan pembayaran nya tp kirim owner hrs teliti biarpun biru pembayaran nya intem dikirm hitamnya resi sdh terlanjur buang resi ya,Sadness
5403,mempercayakan penyimpanan target mending pikir deh pakai blm minggu kartu langsung terbaca target yg bsa selamatkan proses garansinya aja pake sebulan yap sebulan mending beli yg aja merk blum terjamin kualitasnya be carefull keep healthy thx,Fear
5404,kurmanya bagus dagingnya empuk tebal coba pake bikin kue langganan nih semoga kualitas kurmanya bagus ya terima kasih seller,Happy
5405,disinfectant klo nyalain api menyala yg jd ragu,Fear
5406,packingnya rapi berguna barangnya pengiriman cepat sellernya responsive ok deh pesen makasih seller,Love
5407,qualitynya josss pertahankan,Love
5408,elemen bagus kebocoran port berlari,Sadness
5409,alat menit menunggu membutuhkan,Sadness
5410,case cd elegan lem meleleh,Fear
5411,barang diterima sesuai pesanan,Happy
5412,periode konten gram kesal,Anger
5413,daerahnya acuh acuh gritongan hahaaaa,Anger
5414,pesanan nya wrn yellow yg dikirim graay sih hmmm,Fear
5415,bawaan printer kirim usang admin online membalas chat claim sandar,Fear
5416,tata hassan kecewa paket pecah kopi kesalahan pengetatan pengantar,Anger
5417,barang dikirimkan next mohon lbh diperhatikan,Fear
5418,barangnya bagus aweet kalo aweet gua beli dimari cadangaan,Love
5419,gambar bagus dicoba topup ponsel nfc berterima kasih penjual,Love
5420,suka karet,Fear
5421,seneng bgt nyampe nya cepettttttttt,Happy
5422,membeli alat berkurang penjual dasar solusi penggantian pengembalian uang sarankan membeli merek dripda membeli cacat brosur toko,Fear
5423,bagus banget,Love
5424,po udah sebulan gak cm kirim voucher janjikan minggu k juni kirim cuman sampe skrg udh juni blm terima chat gak balas,Fear
5425,default sesuai pengiriman emas alih mengirim merek putih,Anger
5426,salah putaran terkunci kunci malas sesuai harga x ya tanggapannya oke maaf penjual,Fear
5427,beli benih telepon toko barangnya alternatif murah,Anger
5428,packing jamin aman pakai bubblewrap cepet banget prosesnya senin malam cekout paginya kirim rabu sore cepat puas terimakasih sukses yah tech cube,Love
5429,beli benih telepon toko barang memiliki alternatif murah,Anger
5430,knuckles karetnya nyaman pelayananya slow respon,Sadness
5431,barangnya original desainnya modern,Happy
5432,transmisi udh gt gaktau deh bener gak admin nya wa blgnya warna jilbab yg ku pemberitahuan hbs trs ak udh pilih warna tp ujungnya yg dtg ttp aja warna yg kupilih knp bgtu ya kalo stocknya knp hrs berbelit smakin pengirimannya statusnya gagal trs bgt bandung gak krn adminnya japri wa barang diskon ya gak gini hrs pelayanan nya jgn bikin kecewa,Anger
5433,ampuuuunnn plastik transparan anomali orang menjual membeli online paket ditempatkan pos pengaman khusus paket suasana hati membelinya,Fear
5434,penekanan mantabh rapi memuaskan,Love
5435,bagus hasilnya kedepan udah gak bagus berembun gak recomended banget,Fear
5436,mantapp packing mujur fast respon recommended,Love
5437,respon cepat paket nya rapi dikirim terima kasih,Happy
5438,tombol x berfungsi mubazir,Sadness
5439,layanan pengiriman diganti pernyataan,Anger
5440,lampunya terang pas kepala produk diterima lengkap,Happy
5441,bahan bagus sih warna foto sm asli beda,Happy
5442,kacau udah nanya chat dibikin gak trus udah jelasin chat chipnya dll trus disuruh tulis email oke udah ditulis email lebarr udah dikasih contoh gambar posisinya ya eh dateng gak sesuai requestnya kecewa banget nyesel beli ngeliat reviewnya beli harga mahal pelayanannya,Fear
5443,puas mao pesen ya kak,Happy
5444,bagus reseller gercep bgt,Happy
5445,spesifikasi barang lengkap dipakai dewasa ngga leher,Sadness
5446,jelek,Anger
5447,pembelian sentosa barangnya produk one terlena produk recommended anabul,Love
5448,barang bagus kualitas produk bagus,Happy
5449,obrolan instan jawabannya membuatnya dibayar membebani bancuh,Anger
5450,coklat asli hitam ga tau asli palsu ya yg hitam beli bahan kaku embos ga saku uang tdk yg coklat pokoknya beda banget yg coklat yg bahannya halus lentur jahitan rapih,Sadness
5451,terima kasih pelayanannya yg memuaskan sukses,Happy
5452,bagus banget hasilnya matte ga kering bibir kulit gelap cocok dicoba pake masker ga nyeplak lipstiknya sayang warnya merahnya nyala dibanding lipcream matte yg impulse overall oke kalo make keluarin warna merahnya nyala order,Happy
5453,hidup jangka mati panas lingkaran pendek,Fear
5454,pengemasannya pengiriman hijaches kurir disarankan,Love
5455,kali kecewa puas beli mukena dsini packing standar noda kotor bawahan mukena atasan mukena bnyak benang jd rapih bahan panas karna kasar warna soft gambar maaf warna taplak meja hajatan selera sih klo sya ga suka beli flash sale ukr sih orang bb,Sadness
5456,proses pengiriman pejabat aaaaaaaa respons sopan lambat toko,Anger
5457,gak mempan,Sadness
5458,barang mengecewakan layak pakai menahan beban menahan beban nya ajah gk alias gk nempel,Sadness
5459,kantong tidurnya tipis,Fear
5460,kemahalan dr barangnya kokoh,Fear
5461,toko bodoh diisi barang rusak sesuai tujuan beli toko bodoh membeli kipas mini usb elemen toko paket hasil rumah memulihkan uang dibayar uang mini penggemar pembatalan bodoh berharap pelanggan berpikir kali berbelanja toko orang bodoh alih kecewa membelinya terima kasih,Anger
5462,layanan perjalanan gojik langsung pagi,Anger
5463,barang dipesan tanggal dikirim tgl mantep ga tuh mantep ga tuh,Fear
5464,barang sesuai pesanan pengiriman cepat terima kasih yaa,Happy
5465,pesanan sesuai barang dipesan merk gm bear warna putih dikirim merk buck warna hitam kecewa,Sadness
5466,respon cepat sayang lensa macro nya baret dimaklumi murah tp berharap kualitas barang,Sadness
5467,kualitas baut bayi berlanjut,Anger
5468,harga oke bahannya halus adem pakai recommended bgt yg cari piyama,Love
5469,murah banget kualitas bagus nyaman dipake,Happy
5470,tokonya songgong brg rombeng dibebanin konsumen ngak jd penjual kalo bubble dibebankan pembeli,Anger
5471,packing rapi memuaskan mantabh,Love
5472,setimbang dpat dipakai,Fear
5473,pesenan sy g respon giliran sy cancel langsung respon kirim bicaranya ngajak ribut kapok sy belanja sprti msh toko ky gini berhenti sy pake aplikasi tokped,Sadness
5474,toko tdk kooperatif pesanan duplikasi cancel dikirim maaf terpaksa kasih bintang kwalitas barang,Fear
5475,dipakai ngeh boxnya yg dikirim engsel pecah payah deh qcnya tdk klo yg pecah,Anger
5476,kecewa beli order gunting tp ya order kali ya dikirim nyala nya zonkkkkkkk,Sadness
5477,barangnya original kemasan disegel proses pesanan cepat respon penjualnya top,Happy
5478,expirednya coba dikonfirmasi habis kek gitu ga malu kah toko resmi ambil pahalanya aja malas ongkir bolak,Fear
5479,proses respon nya,Fear
5480,hancurrrr keras,Anger
5481,suka produknya abbott indonesiapackingan bagus,Happy
5482,pakai minggu kabel usb nya udah nga nge charge yg kabel nya khusus beli yg beli de mending beli stick yg admin nya solusi beli harganya seratus ribu quality cemen kek gini kasih harga segitu mikir donk,Fear
5483,barang selamat barang sesuai deskripsi produk packing oke recommended seller,Love
5484,kayak pelayanannya,Anger
5485,barang cepat panas rusak,Sadness
5486,kemasan cengkeraman kokoh stabil aman barang sesuai deskripsi,Love
5487,sekian kalinya beli tuang coffee terbaaiikk,Love
5488,harga bagus,Love
5489,barang sesuai gambar original penjual responsif barang cepat,Happy
5490,sesuai gk kerasa daun taste,Anger
5491,tipis banget bibit parasutnya tujuan penjelasan tebal tipisnya seller perjelas,Fear
5492,ringan dipakai jahitannya rapi warnanya bagus,Happy
5493,barang cocok dikirim perbedaan murah harga harga barang dikembalikan lepuh membeli bubblewarp tambahan,Sadness
5494,bulatan batu kapur yg disekrup awur ujungnya diputar,Fear
5495,pesen playdogh dikirim pesen stamp tp ga dikirim byr full ga cfm ga rekomended tokonya maaf sy ksh bintang kali hrs amanah kl jual,Fear
5496,jelek,Anger
5497,desainnya mewah warnanya cantik ukuran selangkah nyaman dipakai produk selangkah foto produk original packaging cerah,Love
5498,edny sebulan pantes dijual,Anger
5499,pink dikasi ungu tp ya udah bagus,Happy
5500,warna selaras antaran pesan silver hitam dikasih silver,Fear
5501,barang sesuai deskripsi baguss lucu dibawa kemana awet,Love
5502,sesuai proses n pengiriman cepat responsif recommended barokah terima kasih,Love
5503,barang kecewa rusak kali menjual barang jujur rusak,Anger
5504,seller berkualitas barang yg dikirim nya bertahap x kirim buang nunggu pesan bilang ready stock ongkos kirim yg dibayar sameday dikirim recommended seller buang seller,Fear
5505,barang diterima response seller cepat thanks ya gan,Happy
5506,bahan plastiknya tdk stretch kaku bagus aluas tdk bs melekat spt plastiknya stretch recommended,Fear
5507,mic ga nyala,Sadness
5508,pesen putih yg hitam periode sy balikin sih ditukar sm yg putih ongkir gak jg boong blg kenistaan mmg,Anger
5509,barang barang bagus sesuai deskripsi produk,Happy
5510,delivery twinpack yg didelivery komplain kompensasi first last belanja official store kek gitu,Fear
5511,segagasan diharapkan fase kencang,Fear
5512,maaf ganti ulasan hasil dr produk stlh brp minggu dipake ga worth dr segi harga yg mehong buang duit,Sadness
5513,barang nya sesuai foto kualitasnya banding pikirkan,Happy
5514,pelayanan seller positive sayang converternya ga dipake alias error beli error nya,Sadness
5515,alhamdulillah pengiriman pecah aman tujuan,Happy
5516,toko bodoh elemen terpengaruh mematuhi tujuan beli toko bodoh membeli kipas usb mini elemen memulihkan dana mini berbelanja toko bodoh alih kecewa membelinya terima kasih,Anger
5517,menjual bersikeras perilaku toko mbakyu,Anger
5518,ukuran sesuai ringan dipakai warnanya bagus,Happy
5519,proses barang sampe pengirimanmya lamaaa,Anger
5520,proses pembelian pengiriman admin aaaaaaaaa respons lambat sopan toko,Anger
5521,gan gimana ya gorrilapod nya ga cocok sm kamera bawaannya aja ga masuk ga sesuai gorillapod diskusi fuji agan kebesaran ga muat lubangnya lubang jd tongsis hp ga dipasang barangnya bagus ga sesuai gak,Anger
5522,brg kondisi tongkat salah penjual memeriksa pertukaran bertanggung surat kehilangan penjual tuliskan melakukannya,Fear
5523,service mengecewakan pengiriman,Sadness
5524,barang kaga kirim yg belanja teliti barang yg kaga kirim item total belanja gak teliti yg lapak gak solusi rugi gpp,Fear
5525,harga tdk mahal kualitas,Happy
5526,bagus bgt sesuai gambar pngiriman jg cpt,Love
5527,real pict real spek packing rapih aman kertas printer thermal tp dikasih label fragile sellernya recomended mantaaabbbss,Love
5528,ga sesuai yg posting,Sadness
5529,mantab barangnya kokoh kualitas ok pesen,Happy
5530,layanan ekspedisi gojek instan pagi proses toko sore,Anger
5531,elemennya bagus transmisinya dikirim kecewa,Sadness
5532,kaki tripod rusak tdk bs terkunci angkat lsg turun,Sadness
5533,produk original kualitas produk bagus material produk bagus ukuran produk sesuai,Happy
5534,bintang proses nya yg lambat barang nya pesan kamis pake pengiriman barang minggu siang kesalahan kurir status proses nya dr kamis sabtu malam samapi kurir info apapun dr seller baca kebijakan terlambat covid toleransi tp dr kamis minggu brp ya,Anger
5535,kemasan kotak romong,Anger
5536,ok guys mantap berfungsi,Happy
5537,barang mencapai harga ekonomi kualitas barang penjual ekonomis,Love
5538,packingnya rapi banget wrapnya tebal produk original dikasih bonus air diffuser thank,Love
5539,macet sulit berpegang papan mengemudi,Fear
5540,barangnya jelek banget lubang yg posisinya gak presisi jd gk dimasukin bautnya aneh,Anger
5541,kecewa karna pesen barangnya yg hitam dikirim nya yg masker medis karet warna hijau ngga bener gitu ya pelayanannya ckckck,Sadness
5542,bgt terunggul,Love
5543,transmisi,Sadness
5544,gan pesanan terima sesuai order barang oke aman bagus mantap terima kasih gan,Love
5545,teman warna menawan bahagia gambarnya,Love
5546,respon cepat barang sesuai pesanan moga awet,Happy
5547,selamat yayy puas terima kasih uuu mizan buku indah cacat yuhu pantian terima kasih mizan,Love
5548,sayang banget analog kanan tombol arah ngga berfungsi alangkah baiknya tes kirim,Fear
5549,barang bagus pengangkatan bagus ramah pengangkatan seminggu diterapkan tuhan kesehatan sukses terima,Love
5550,udh beli pelayanannya puas banget pelanggan setia wkwk,Love
5551,piggyback,Anger
5552,tipis harga segitu sehelai kain jilbab segi tdk sesuai ekspektasi,Sadness
5553,produknya bagus murid penjualnya bagus terima kasih skss,Love
5554,far barang yg terima bagus cacat tp barang cacat covernya kynya dr pengiriman pas sampe packingnya dah kebuka gak tau kynya sobek ngeliat isinya sm si kurir gmna jdnya bukunya kegesek huhu sedih sih tp untungnya cm cover doang gk sampe dalem,Happy
5555,toko bodoh dikemas dikemas barang busuk sesuai tujuan beli toko bodoh membeli fan mini usb artikel asosiasi item toko hasilnya rumah rumah uang pengembalian uang usb kipas mini batal item fleksibel bodoh,Anger
5556,sukaaaa beli total udh pcs suami bilang cermin bahan elok nyaman dipakai warnanya respon penjual mengirimkan barang super cepat,Love
5557,bagusss gambarnya dicoba topup dr nfc handphone thanks seller,Love
5558,pesanan yg bs dipake itupun tamam kemungkinn penggal pengiriman paking,Fear
5559,warna drpd kirim,Fear
5560,penantian barang udah cek kondisi baterai aman charger aman safe terima kasih,Happy
5561,kecewa sih potongannya gak rapi ukurannya beda beda yg wtf dgn harga segitu kualitas uda bagus gak worth setipis kartu remi bagusnya dikemasan doang kemasannya oke menarik tp yg isinya wtf gak ikhlas,Sadness
5562,menyusut,Anger
5563,elemennya elegan,Sadness
5564,barang pecah kecewa,Sadness
5565,tokonya songgong brg buruk dibebanin konsumen ngak jd penjual kalo bubble dibebankan pembeli,Anger
5566,barang cocok mm tipis sesuai pc pc buruk,Fear
5567,ngga cocok hp realme pro ngga konek manual pake bahasa china sulit dipahami,Fear
5568,pelayanan lambat beli tgl tgl trace gagal pickup lg maintenance tp ga bilang pelanggannya mengecewakan,Sadness
5569,kecewa toko resmi pesanan dikonfirmasi dibatalkan sistem menanggapi pesanan disuruh memesan toko mengkonfirmasi t dikirim ditinggalkan sistem ditemukan untungnya obrolan cs tokopedia barang dikirim jeda barang diambil tanggal kurir pickup barang kurir proses pengiriman lambat berbalik lulus tanggal rumah paket paket,Sadness
5570,delivery twinpack yg didelivery komplain kompensasi first last belanja official store kek gitu,Fear
5571,barang sesuai bagus,Happy
5572,hangat mengalpakan pengepakan aman,Love
5573,pengiriman cepat packing rapi aman barang nya sesuai gambar maaf gak foto,Happy
5574,jg kasih buble warp dikasih brg reject pabrik ga bs kasih rese,Anger
5575,selesaikan kompleks internet,Anger
5576,barang sesuai fungsi nya terimakasih,Happy
5577,baterai pabrik,Sadness
5578,beli toko resmi feb feb siang cussons erti penjualan flash murah,Love
5579,bagus sesuai pesanan,Happy
5580,packaging rapi proses pesanan cepat packaging aman gampang,Happy
5581,tulisannya isinya disuruh cek kagak cek cape dweh,Fear
5582,berfugsi,Sadness
5583,barang dg cepat ttp dlm kondisi basah bau apek ya didalam plastik,Fear
5584,ramah bgt hormat nya nnti bli lgi ahh,Love
5585,sleeping bag nya recomend tipis,Fear
5586,fast respon barang bagus panasnya bagus,Happy
5587,material produk bagus produk sesuai kualitas produk bagus produk original,Happy
5588,muatan sampe kardus rusak gini mas yg bawa pas terima kardus nya kanda gini kecewa kanda muatan diterima bgini nya paas buka sanitizernya basah smua tumpah seger kayak buka gitu,Sadness
5589,jualan yg hasan acc gan barang sesuai gambar barang yg beli sesuai dgn gambar yg dipajang lgs order yg dibawah ekspektasi gambar kanan barang original sesuai display,Sadness
5590,temen mending ga beli drone drone pakai dipakai terbangnya udah miring pas take jungkir kadang mati kadang hidup chat penjual diread ga direspon klo bintang mah udah kasi bintang ni toko ga niat jualan,Fear
5591,diterima segagasan baguussssss,Love
5592,mantul langsung nempel,Love
5593,terbaik penjual diberitahu kualitas kemajuan barang langsung mengobrol pembeli,Love
5594,order teroooos moga smua dimudahkn rzq ny,Love
5595,mantab spidolnya ngak hilang tulisan tulisannya masukkan kulkas plastik asi,Happy
5596,kue mencoba asam kue mengeluh penjual dikonsumsi dimakan tanggung,Fear
5597,kainnya lembut stretchy hooknya ditarik celana kegedean disesuaikan ukuran perut yg size pas banget bahannya tebal dipakai ga nerawang,Happy
5598,yg dipesan yg dikirm,Anger
5599,charger gak hidup tolong solusi pake,Fear
5600,keren harganya murah,Love
5601,memiliki layanan menyerah,Anger
5602,dibuka diisi freemcboot tyt dibuka tinggal tes mesin thx,Happy
5603,mengikuti prosedur lem lem lengket habis lem kering pita prosedur sandal ditarik kesal,Anger
5604,modelnya keren kecewa baterai lampu bertahan,Sadness
5605,isiny hancur gingseng hancur sprt barang udah,Sadness
5606,warna sesuai pic cantik,Love
5607,ditinjau tanah buruk,Anger
5608,oldaaaaaaaaaaa pengiriman direalisasikan,Anger
5609,kecewa udah batalkan antaran produk aja dikirim gak ribet admin terima antaran langsung nyaman big sekelas official store poin plusnya produk yg dikirim sesuai dipesan,Sadness
5610,elemen nada dering,Sadness
5611,mainannya bagus banget,Love
5612,puas banget murah ga murahan gradasi warnanya elegan melebihi ekspektasi,Love
5613,pengiriman cepat buku kondisi,Happy
5614,produk dikirim produk mematikan rusak dikirim konsumen,Sadness
5615,bawaan tdk bs pake ring tune jg g,Sadness
5616,kiyowo suka banget sm koleksi nya thanks ubs pengiriman cepet packing aman,Love
5617,mantab pengiriman cepat bahan tebal panas jahitan rapi harga murah,Happy
5618,penutup membeli harga murah diambil elemennya rusak,Sadness
5619,mantab dah suka terima kasih pengiriman kasih toko pedia,Happy
5620,penjual bertanggung celana dingin disarankan,Love
5621,senilai dpat dipakai,Fear
5622,muantaap packing memuaskan,Happy
5623,penjual komunikatif,Fear
5624,kendaraan kinclong mantap,Happy
5625,selamat yayi puas terima kasih uu mizan buku indah cacat yuhu pantian terima kasih mizan,Love
5626,cepet nyampe seller oke,Happy
5627,dateng langsung rusak,Anger
5628,bagus,Love
5629,penjual ramah,Anger
5630,kondisi buku krg bagus halaman tdk bs terbaca balasan penjual yg seenak jidatnya,Anger
5631,bagusssss,Love
5632,barang dikirimkan,Anger
5633,pelayanan membenamkan,Sadness
5634,pengiriman cepat persis dikirim lensa makro mata ikan sudut lebar lensa makro periksa dikirim kecewa,Sadness
5635,daging cincang terima jamur putih permukaan daging mencicipi ketumbar sulit harap perhatikan kualitas produk menjualnya,Fear
5636,muatan jelek belom pake udah patah,Sadness
5637,bawahannya bolong pengen retur sayang ongkirnya kirim tokonya tasikmalaya tolong kirim cek kualitasnya biar ga gini,Sadness
5638,alamak elegan penutup plastik putih transparan penutup plastik hitam elegan,Anger
5639,slalu beli official shop ga kecewa makasi seller,Happy
5640,alhamdulillah memuaskan sempet kehabisan stok gamasalah diganti model bagus kualitasnya mantap pelayanan ramah respon nya aja tingkatkan,Happy
5641,kualitas menyantuni retak larutan retakan larutan optimal,Fear
5642,kecewa karna teliti pesan dikirim cuman pcs emang dikirim ulang kecewa karna berakibat keterlambatan bawa pulang kampung saran teliti barang murah,Sadness
5643,mon maap pemesanan beda dg pemesanan yg enaknya yg pahit drpd sblmnya lagipula pemesanan menemukan rambut kopinya mohon dijaga kualitas bnyk pesanan ya tks,Sadness
5644,bahan jelek panas tipis,Anger
5645,bagus kadang suka copot copot,Happy
5646,mantep pake segel asli,Happy
5647,barang bagus cm gk yg bayangin tp anak q suka cm yg kecewa kabel chargernya gk,Love
5648,bocor perserikatan karet keran bocor berlanggar erat macet,Sadness
5649,sdah brang normal sesuai deskripsi pengiriman cepat,Happy
5650,order yg memuaskan panjangnya beda ama pesen ukurannya l jg,Sadness
5651,proses seller mohon sabar mohon tunggu kasih kepastian kirim hrs nya end barang pickup gudang kurir krn,Anger
5652,bahan kulitnya panas kursi empuk standar aj,Sadness
5653,pasang semoga berfungsi,Happy
5654,jempol reseller produk nya,Love
5655,sambal nya asem chat penjual gak respon kecewa,Sadness
5656,terima kasih menjual travel pouch set dgn ukuran bahan bagus bau plastik barang cepat terima kasih,Happy
5657,harganya murce bgt drpd jajan yg mending jajan emas ditabung seller gercep dr rumah jd kayanya langganan terima kasih,Love
5658,official,Anger
5659,mengepak mantabh rapi memuaskan,Love
5660,udang rebon semur ayam lele kikil enak utk ayam ungkepnya maaf mengecewakan kali sy buka boxnya baunya fresh tercium sy goreng amis barusan sy coba ungkep ulang dg bumbu ayam goreng sy goreng tercium bau enak tulangnya sy sdh langsung pesan box dg kurir gojek instan permintaan maaf dr penjual,Sadness
5661,barang yg terima kondisi bagus layak pakai,Fear
5662,kualitas bani baut melanjutkan,Anger
5663,wow murah pengepakannya rapi produknya bagus keren uhuuy pisan hehehehehe,Love
5664,paket tlh diterima dgn kemasan rapi rajin terima kasih semoga sukses,Happy
5665,layanan,Anger
5666,beli toko resmi februari siang cepat,Love
5667,mantap surantap,Love
5668,sedih liat analog kirinya kirim kaya analog kanan,Sadness
5669,tipis ok lha,Happy
5670,ramah bagusss warnanya atraktif bikin anak senang gambarnya,Love
5671,amar dateng,Fear
5672,gantungan kuncinya bagus,Happy
5673,rumah pas bungkus paket dibuka bungkus kertas terbuka yg rusak kotor recommended,Fear
5674,yg dipesan yg doraemon,Sadness
5675,pujian item unsur mobilisasi mobilisasi menyenangkan perintah,Love
5676,bukunya selamattt sayang banget sudutnya damage,Happy
5677,itemnya bagus harap tahan membelinya,Love
5678,respon packing pembeli barang kirim medan pas ngotot nya ampun coba pikir pakai logika firmware update update hilang update herannya kaga percaya costumer beli barang bayar ongkir medan barang perbaiki pindah alasannya periksa ya silahkan belanja tolong saksama,Anger
5679,mudah copot sependirian ideal mobil spion,Sadness
5680,kualitas karung pengiriman,Sadness
5681,packingan barangnya berantakan tdk rapi sm skali,Fear
5682,bagus banget gas torch flame gunnya penjualnya fast respon pengirimannya cepat produk original packaging bagus produk berfungsi,Love
5683,kualitas produk penjual ramah,Happy
5684,kalo beli barang toko deskripsi penjual real barang datangnya lihat bacain aja pembeli bintang komentar produknya respon penjual gimana chat penjual ga mencerminkan,Fear
5685,pengawal bubblewrap gaada,Anger
5686,warna drpd kirim,Fear
5687,dicoba berpengaruh proses pengiriman penjual cepat terima kasih,Sadness
5688,bagus rapi pengiriman cepat,Happy
5689,pengiriman leak isi habis dikirim barang pengganti leak parfum habis kali dapet botol kosong,Fear
5690,barang berkualitas sebanding dg harga kelengkapan tas panduan yg buku moderator tebal box kartu tebal mantappl,Happy
5691,wow sameday respons sm kerugian memilih,Fear
5692,pengiriman cepat packing rapih aman kualitas suara standar sebanding harga,Happy
5693,buruk,Anger
5694,mantab pakcing super rapi aman jos om,Love
5695,lamaa pengiriman,Sadness
5696,kualitas aroma sesuai ekspektasi,Sadness
5697,terdepan response cepat barang dikirim cepat sukses,Happy
5698,puas produk layanan rusak kondisi tertutup menutup pertemuan pemasangan engsel sejajar pendek memicu daftar robek dipaksakan dipaksa memutar meja perbaikannya cacat pabrik pengiriman pengaduan diterima toko penjual menghubungi kurir,Anger
5699,mantap fast response penjual ramah solutif next order thanks gan,Love
5700,sesuai pesanan kualitas barang sesuai harga terima kasih,Happy
5701,harga bagus,Love
5702,gampang dipakai lembut kulit proses pesanan cepat penjualnya ramah banget warnanya lucu barangnya awet respon penjualnya top packaging aman packaging rapi,Happy
5703,senang bngt kepake ga beli,Love
5704,kali kecewa program promonya terjebak solusi keluhan mengecewakan,Sadness
5705,enak isiannya sausnya mantap,Happy
5706,kecewa attitude respon penjual confirm standbook warna putih kedatangan warna hitam slow response berbeda pembelian fast response bahasa maaf hati hati beli toko sakit hati attitude beretika ga rekomendasi,Sadness
5707,krn obatnyatdk mempan basmi kutu nya sdh x pakai malahmakin,Sadness
5708,penjualnya ramah melayani pembeli sabar saran pembeli mantap,Happy
5709,keripik tempe mengabu n bacin tengik ga kemakan,Anger
5710,ampuuuunnn dibngkus pake plastik bening jdi malu krn diperumahan yg jual tp mlh beli online porsi dtng ditaruh amben pos satpam khusus porsi seperumahan klo beli lgi,Fear
5711,susah pakainya angin yg bocor,Fear
5712,menyelaputi mantabh jujur memuaskan,Love
5713,elemen duron setara obrolan,Sadness
5714,barangnya kemasan,Anger
5715,ulet berkepanjangan angin bocor,Fear
5716,barang mantap sesuai deskripsi coba semoga awet,Happy
5717,barang tipis banget jd udh pecah jd langsung buang sampah,Sadness
5718,barangnya bagus original packaging bagus full dng bubble wrap berlapis dilapis dng packing kardus barang msh tersegel,Happy
5719,kalinya beli daster puas thanks yaa,Love
5720,bagus ori banget cepat pengiriman barang nya thanks,Happy
5721,ga sesuai produknya sma photo bahannya kasar menyerap keringat nyaman dipakainya beli dicuci dipakai barusan banget terpaksa dibuka lg krna gerah ga kepake deh,Sadness
5722,alhamdulillah barang diterima dlm lecet dikit tpi gak ngaruh dianter pakai mobil rekomended warna sesuai harga terjangkau,Happy
5723,pengemudi bagus itemnya pintar,Anger
5724,rapi pas banget,Happy
5725,perbedaan,Fear
5726,nanya ga niat komplain jg tp dijawabnya gini bgt ga ramah sombong,Anger
5727,kakak blanja abbot bandar dateng penyok ga tau promo emang abisin stok penyok toko cabangnya yg bermasalah yg kakak ngga belanja toko cabang,Anger
5728,pake rutin g hasil payah,Anger
5729,warna lucu direkomendasikan nilai murah murah aturannya,Love
5730,mantap lengkap sesuai orderan puas belanja cashback gede,Happy
5731,dipakai suara produk ori liat sarung seruling made indonesia serulingnya made indonesia yamaha kw,Fear
5732,ndak muat mesin cuci elextrolux overal bhanya sehat anti cecair,Fear
5733,butuh cepet kirim respon jual amanah brather jujur nyesel gw beli toko,Fear
5734,toko gimana pakai udah damai anak segara jg bener jualan,Fear
5735,mantap pengiriman nya cepat banget barang oke berfungsi kondisi mulus mantap cahaya nya terang banget top markotop,Love
5736,belanja official store kondisi barang diterima sampah barang rongsokan terima kasih,Anger
5737,pengiriman penjualnya responsif blm kasih bintang,Happy
5738,produk dikemas rapi kedap sesuai deskripsi cacat harga produk yg ditawarkan wajar response seller cepat pengiriman relatif cepat terima kasih sukses,Happy
5739,barang kw beli,Anger
5740,klaim produk order ditanggapi dg cepat diganti sesuai dg kualitas yg,Happy
5741,beli twinpack terkirim cm harap ambil tanggung membayar harga twinpack,Fear
5742,pengirimannya koq bgt akur tatanan kamis br dikirim dichat tny dikirim alhasil gagal perbaiki kinerjanya akur,Fear
5743,kenop kanan diputar,Fear
5744,garansi resmi kelengkapan sesuai garansi internasional harganya bersaing,Happy
5745,kecewa pengepakannya bagus bungkus gelembung ditulis catatan pemesanan,Sadness
5746,usang,Anger
5747,ok banget beli skaligus barang baguss banget,Happy
5748,pengiriman cepat tas mengecewakan,Happy
5749,kualitas bahan,Love
5750,lubang microfonnya error bunyi nging gabisa dipakai,Fear
5751,alhmdllh pkt ny dah smpe seneng bgt klu makan sarden abc makasi seller tokopedia,Love
5752,pelayanan cepat langganan toko,Happy
5753,bagus hrg segitu cuman trnyata gede,Happy
5754,ekspedisi antaraja payah,Anger
5755,makasih barang mendarat selamat,Happy
5756,suka anak jd seneng pesenanya barangnya jg bagus mksh,Love
5757,nyaman olahraga hikmat dijamin termurah,Love
5758,udah pesen tp gak emg kesalahan pas mesen gimana udah bayar box tp gak box sedih diulas bosku,Sadness
5759,packing gak,Fear
5760,dapet certi eye terbaru terimakasih,Happy
5761,pakai lem pastikan penataannya balon dipasang nda ga dicabut dicabut tp resiko pecah mantul tingkat kerekatannya,Love
5762,barang ok sesuai pesanan pengiriman ok,Happy
5763,obrolan pengiriman instan jawabannya membuatnya dibayar terbebani kacau,Anger
5764,mantab berkwalitaswarnanya cantik potongannya rapi ukurannya sesuai bahannya adem produk berkualitas produk sesuai foto,Happy
5765,bagus bagus dimsumnyamasih kedaan bgus ga penyok dalem ya seger produknya rekomen bgt klo belanja enak ga cape masak biar hemat sehat dirumahmakasi yaa udh mempermudah masak,Love
5766,sesuai gambar gada dijahit cuman disambung pake obras bahannya tipis kecewa,Sadness
5767,ready dikirim tuker ga kecewa,Sadness
5768,bagusss mengulangi pesanan,Love
5769,pemahaman bagus,Love
5770,dikirim cepat merespons menjual peneliti kesehatan membelinya toko,Fear
5771,pesanan gambar pengalaman truk truk mengirim polisi mobilan direkomendasikan,Fear
5772,kesekian kalinya pesen green screen ceria pelayanan produknya,Love
5773,komik asli pengemasan tebal diisi bubble wrap pengiriman cepat,Happy
5774,harga barang salah diselesaikan,Sadness
5775,lacinya macet terbuka otomatis,Sadness
5776,produknya bagus sesuai harapan,Happy
5777,x custom hasil ny sesuai request,Happy
5778,bgs cepat respon pengirimanny,Happy
5779,senang banget home servicenya,Love
5780,langganan memiliki pengiriman cepat,Love
5781,botol re botol poster kulit,Love
5782,teratas,Love
5783,alat bagus menit kelebihan beban menunggu memakan,Sadness
5784,mantap sesuai normal semoga awet batrainya langsung include,Love
5785,roda memperbaiki pengaturan tertinggi tokopedia sampulnya merobohkannya terima kasih dsini,Anger
5786,barang ikannya sehat selamat makasih,Happy
5787,fix tebalnya mm tipis boss gak sesuai judul,Anger
5788,pengaturan air gambar rainfall jetting massage ga rainfall aja semprotan airnya kuat,Fear
5789,niatnya dikosongkan kit budidaya kreatif berpikir memikirkannya main kotak,Sadness
5790,pengemudi bagus elemennya pintar,Anger
5791,brg sdh diterima dg thanks,Happy
5792,sesuai order,Happy
5793,bawaan seukuran pesanan gold d kirim warna putih merk,Anger
5794,po sebulan cm mengirim voucher berjanji minggu k juni dikirim juni menerimanya obrolan balasan,Fear
5795,kotak kardus robek kotak tanda pita karat led,Sadness
5796,ga dipakai pas dicolokin laptop nyala abis masukin cd cd terbaca pas dikeluarin ga skrg cd didalem external cd hadeehh nambah urusan,Sadness
5797,dapet error nilai ppm kebaca ribuan kualitasnya jeles banget gak dicek dikirim kecewa gak beli,Sadness
5798,barang cakep bahan adem kantong lega plus resleting pengiriman cepat terbaik,Happy
5799,toko berstatus official store toko profesional chatt ketersediaan barang tanggal desember jam pagi admin barang ready jam pagi toko melayani buyer rating jelek toko proferional order sore barang kirim tanggal desember jam siang info barang kosong order kirim tanggal desember menyarankan order packing tambahan keamanan pengiriman penuhi padhal toko biaya tambahan packing kardus itupun harganya barangnya murah buyer transaksi toko terima kasih,Fear
5800,produk sesuai pesan laminasi dikirim laminasi tulisan buram prosesur pemesanan ribet,Fear
5801,klik klaim hadiah rupiah tokopedia kirim minggu stok tersedia bar ijo dicek dikirim nomor resi valid salah seller ekspedisi mengecewakan pelanggan gabung tokopedia semoga kedepannya,Fear
5802,penjual ramah terorganisir sesuai urutan mobilisasi pengemasan pengaturan,Love
5803,kekecewaan produk cocok deskripsi tertulis bahan aluminium diterima bahan plastik tertarik membeli deskripsi tertulis aluminium,Sadness
5804,sesuai pesanan mantap,Happy
5805,cuco meong pokoknya,Love
5806,titah barang alang promo dikirim disuruh refund duit yg dikirim barang hak sale gajelas sale nya nipu bgt sale official store,Anger
5807,terimakasih barangnya bagus banget,Love
5808,elemennya bagus tombol klik praktis,Love
5809,packing nya cegak bngt pengiriman lajak kurirnya jg ramah recommended,Love
5810,packingnya oke segelnya aman kelengkapan elemennya,Happy
5811,beli sebelah bagus banget jahitannya rapi pas beli jahitannya nggak rapi kayak buatnya sih kecewa udah excited banget semoga pas beli nggak kayak gini akur,Sadness
5812,zonk bgt,Anger
5813,toko mengirim barang warna barang sesuai,Sadness
5814,baterai rusak bilang menghubungi pemasaran menunggu minggu kelanjutan,Anger
5815,mantep om,Love
5816,pelayanan terburuk belanja tokopedia pengiriman order tgl juli barang tgl agustus order dikonfirmasi diproses tgl agustus estimasi barang tgl agustus itupun dikonfirmasi diproses cs pagi complaint cs telat konfirmasi proses kirim order jg ngga telat yg disuruh cek resi sungguh baca review yg kasih bad review tolong ya manajemen official deli benahin operasionalnya training cs nya biar pinter menanggapi customer ngga pake kalo pelayanannya merugikan customer,Anger
5817,barangnya ringkih gampang patah pengunci paten bahan bagus ya sesuai harganya kliatan kaya diskon harga normal kualitas segitu yg g bintang,Sadness
5818,bertanggung,Anger
5819,dipenjualan tertulis obeng magnet bohong obengnya ga magnet sulit belajar memiliki alat lengkap parah,Sadness
5820,besi tebal sesuai deskripsi foto,Happy
5821,mantap cepat,Happy
5822,sampul gue dikasih ga bagus peyot gue beli buku,Anger
5823,sejujurnya nyesel sih beli bubble wrap kayak cuman dikasih seiprit doang beli pikir packaging helem akn dibalur bubble wrap eh cuman kayak nutupin sebelah kiri sebelah kanan dus helem kecewa sih pesanan kayak gak niat gitu thanks,Fear
5824,pengiriman cepat barang lumayan,Happy
5825,kapoooookkk,Anger
5826,jam nya mati hidup tekan tombol komplain respon tolong jgn jual jam cek kirim,Sadness
5827,bahannya bagus bentuknya lucu,Happy
5828,barli rutin minguu yg kiriman rusak kendor nya yg bahaya bocor gas bis menyambar bocor penjual sayangnya ga tau ga garansi costumer yg dirugikan krn penjual yg ga tanggung barang yg dijualnya pengen cuan ga tau keluhan costumer nya percaya pengambilan toko sayang nya ga pelayanan yg memuaskan costumer nya,Anger
5829,bagus barangnya,Happy
5830,roda perbaiki pesanan terpanjang tokopedia menipiskan pembungkusnya baiklah terima kasih dsini,Anger
5831,review produk hasil suara kualitas youtube lumayan bagus berbeda ya beli barang nya noise nya terdengar pakai deadcat indoor ga compatible splitter jack,Fear
5832,barang lengkap,Fear
5833,barang mulus beli duanya sobekan bantal,Sadness
5834,kekecewaan lihat brg aq pikir bagasi beda dgn fishing pen yg dipasaran tp sma mlah meragukan ketahanannya lihat fto bahasan smua typenya sma tp yg dikirim aq mlah beda,Sadness
5835,jahitannya ngga rapih yg belom benang copot,Sadness
5836,mantap sesuai,Happy
5837,obrolan balasan kuota dijanjikan memasuki parah hancur,Anger
5838,barangnya bagus sesuai deskripsi batu filter penuh mudah dipasang semoga awet pengiriman cepet banget seller recomended,Love
5839,penipuan barang dikirim hvs menyadari pesanan selesai mengajukan keluhan penjual memesan toko thx,Fear
5840,penjual barang dagangan diterima diperbarui kebalikan sumber daya manusia diselesaikan uang dikirim penjual mawali,Anger
5841,highly not recomended seller petuah dikirim itikad kepalang dr seller mohon ya,Fear
5842,barangnya bagus kualitas product bagus harga terjangkau recomended,Happy
5843,elemen mencoba mesin mati berkali penjual hidup mengobrol diverifikasi informasi barang solusinya berbelanja tokopedia pemulihan menanggapi elemen,Anger
5844,barang sesuai yg iklankan nya bekas,Fear
5845,terunggul bgt,Love
5846,pesanan cepat diproses packing rapi sesuai pesanan juragan mantab repeat order kesini,Love
5847,kualitas barang bagus belanja toko kemasan sederhana,Happy
5848,ok resletingnya ga dibuka gerigi resletingnya buruk,Sadness
5849,fast response cepat sesuai pesanan recommended,Love
5850,solusi game menyenangkan permainan terbaik kalinya membeli dsni aj memuaskan memenuhi esensi penjual komunikatif berkelanjutan memainkan perlindungan bagus pengisian daya dipertahankan dipertahankan terjaga terjaga terjaga terjaga terjaga elemen aslinya proses pengisian cepat hadiah akrobatik terima kasih membeli dsni langsung menggunakannya mengecewakan markotop perfect terima kasih berhasil,Love
5851,barang pesan kg dikirim brengsek,Anger
5852,mantap wangi udah beli kali aman hewan,Happy
5853,jatuh selamat keesokan harinya piranujut terpajan tangki,Love
5854,kali kecewa sentosa beli mukena dsini packing standar noda kotor bawahan mukena kepala mukena bnyak benang jd rapih bahan panas karna kasar warna soft gambar maaf warna taplak meja hajatan selera sih klo sya ga suka beli flash sale ukr sih orang bb,Sadness
5855,perusahaan toleransi membeli steker rusak kalinya menganggap surat cerah kesepakatan pejabat dijual memverifikasi jujur kecewa membeli elemen murah rusak kali berbelanja toko,Anger
5856,direkomendasikan,Love
5857,kucingnya muntah muntah,Fear
5858,barang berfungsi pemilik toko responsif membantu kendala sukses tokonya ya gan,Happy
5859,barang produk bagus suara melengking radio jernih semoga bermanfaat,Happy
5860,sial gak wangi wangi nya gak ponten kopinya gak sesuai judul ponten kopi kecewa kelewat pantesan murah dikasih sampah penipu,Anger
5861,cepet karatan ribet perawatannya,Sadness
5862,pelayanan jebol respon warna baju tdk sependapat wa chat via toped gg respon beda yg yg beli toko,Sadness
5863,ukurannya nggak kepake longgar pas pakai,Happy
5864,bagus klop,Sadness
5865,jkt bdg cmn butuh semalem packing nya mntp pack nya rapi kgak lecet suara nya enak bet rekaman fingerstyle akustik gatau dah mntp pokoknya,Happy
5866,kualitas bahan mantap dijamin termurah berfungsi,Love
5867,mantap sesuai pesanan pengantaran cepatproduk sesuai deskripsi,Happy
5868,makasi gan barang dah aman langsung dipakai barangnya bagus slalu memuaskan belanja,Happy
5869,barangnya berfungsi boxnya kebuka,Fear
5870,kelalaiannya hebat ya gritongan asli hahaaaa,Anger
5871,pdhl beli tanggla bilang souvenir dtg cm susu nya keras,Anger
5872,bahan nyaman adem hepi harga worth dpt diskon,Happy
5873,toko gak bertanggung barang rusak dikirim tolong barang diganti aja alasannya banget sampe skr barang beli gak gak tanggung nih toko,Anger
5874,puas blnj bli jga kardus bubble,Happy
5875,barangnha bagus sorry banget ya belanja barangnya bagus bngt tp celana banget pake enak nyaman seminggu cuci bahannya jelek gampang robek kayak digambar,Fear
5876,pelayanan memuaskan barang sesuai,Happy
5877,alat berbaris,Fear
5878,mantap gan barang aman makasih gan,Love
5879,pejabat menghubungkan cs jawabannya,Anger
5880,respon cepat packing pengiriman bagus buble wrap ny tebel jdi aman barangnya barangnya awet brfungsi dgn recomended seller,Happy
5881,pengemasan berlaku disarankan,Love
5882,beli bungkus bahan pembungkus plastik berbeda terbuka robek,Fear
5883,produk berjalan lancar dna membantu bepergian negeri,Happy
5884,overall oke seller respon pengiriman talinya kuat kali pake putus next dibagusin ya,Happy
5885,tas sesuai pesanan,Sadness
5886,barang kota casing mudah lepas jujur mengecewakan,Sadness
5887,mengecewakan,Sadness
5888,klo produk udh bgs krn original pengiriman nya jg bgs order bsk lgs nyampe tks,Happy
5889,barang oke seller packingnya kemasannya bocor silica gelnya gunanya silica gelnya terkena udara tida direkomendasikan beli,Fear
5890,suka sabun,Love
5891,cetakanya gak bagus gak padu faedah,Sadness
5892,kainnya tebel murah manfaat utk menutup latar zoom meeting pengiriman cepat makasih,Happy
5893,produk sesuai berguna utk bersihin sampah jalan rumah pengiriman cepat respon seller cepat packing wrap tebal thx,Happy
5894,mantab pelayanan cepat barang original,Happy
5895,bahannya tebal bahannya lembut warnanya cantik anti slip ukuran sesuai,Love
5896,gak sesuai gambar pendek,Fear
5897,faaaassst respon bangeeettt seller ngabantuin puaaaaaasssss makasih ya recommended bangeeett,Love
5898,langganan,Love
5899,mobilisasi produk fungsi pengujian cloud basah filter noise komputer baterai praktis tantangan tertinggi,Love
5900,bagus mengecewakan paketnya aman,Love
5901,yg dipesan kerah yg dtg,Sadness
5902,beli kemasan nya jelek barang pecah seller nya gk tanggung,Fear
5903,mainan rusak,Anger
5904,sim card ok mudah dipasang mudah langsung,Happy
5905,barang sampe trus dicoba nya bagus mesin nya mati udah dicoba berkali kali ga hidup seller chat respon dana diterima seller tokopedia ga bantu komplain kecewa komplain disuruh nunggu cek dicek ga duluan kasih info barang yg duluan penyelesaian nya belanja tokopedia kena seller ga bagus refund ga ditanggapi barang ga tau kemana diapain beli kayak beli barang refurbish yg ga dikirim dikirim menyebalkan,Anger
5906,bgt terbaik,Love
5907,barang rusak dikirim,Anger
5908,jual menjual toko saudara,Anger
5909,mantab barang susuai pesanan,Happy
5910,bagus colok hardisk external tdk terdeteksi,Sadness
5911,tampan lembut harapan terima kasih,Love
5912,pesan kota tangerang dikirim toko cabang hadiah uda komplain banding tanggapan tokopedia n official store belanja ditoko online ga trik ky gini uda salah ga ngaku salah pas cekout uda diliat bener kirim kota tangerang screenshot yg dibeli liat yg toko cabang yg tangerang utk pembeli yg kena ky,Fear
5913,review barang kualitas bahannya bagus gak empuk gmn jg sih kalo duduk pantat panas review penjual pesan sabtu siang hr rabu dpnnya dikirim pdhal butuh cepat yg sakit maaf ya gak bs kasih bintang,Sadness
5914,muatan sip yidak belanja toko remi loreal,Fear
5915,bahan panas ga menyerap keringat motif printan nya buram,Sadness
5916,tokonya songgong brg rongsok dibebanin konsumen ngak jd penjual kalo bubble dibebankan pembeli,Anger
5917,pengiriman cepat pesanan sesuai gak cacat packing aman,Happy
5918,puas produknya pelayanannya barang cacat kondisi tertutup mejanya menyalut rapat pemasangan engselnya sejajar pendek yg memicu listnya sobek krn dipaksa menyalut daun mejanya fix nya cacat pabrik pengiriman komplain ga diterima toko penjual suruh hubungi kurirnya,Anger
5919,hambaaarrrrrrr,Anger
5920,menggunakannya merek,Fear
5921,sesuai gambar cacat jerseynya sablonya berantakan ukuran sesuai yg dipesan kayaknya toko kirim barang,Anger
5922,bahannya plastik jelek suaranya banget lampunya jg gk terang bru jg dimainin udah patah,Anger
5923,tipis banget transparan,Sadness
5924,flash disk selamat pengepakan aman memainkan permainan aman pikir hadiah permainan,Love
5925,usang,Anger
5926,ok,Love
5927,udah order produk recommended seller,Happy
5928,pesanan terima,Happy
5929,pengaman bubblewrap gaada,Anger
5930,mantaapp ringan rasanyaa mantul produk negeri,Happy
5931,muatan selangkah mm tipis selangkah pcs yg dtg pcs jelek,Fear
5932,memuaskan pesan matrass motif yg satunya sesuai deskripsi foto motipnya seller solusi,Anger
5933,magnetik perekat terkait sempurna melekat lampu kekecewaan magnetik wadah kuat dipengaruhi kerusakan lampu jatuh tanah,Sadness
5934,barang sesuai deskripsi,Happy
5935,jahitannya berantakan banget gak kenceng benyeng dikit udah copot jahitannya sedih,Sadness
5936,barang kirim komplain respon,Fear
5937,pakai wujud koyak kader tipis pengiriman chat ga bls ga recommended,Fear
5938,sayang banget analog kanan tombol arah ngga berfungsi alangkah baiknya tes kirim,Fear
5939,at that time i bought it next to the stitches the stitches were neat but why when i bought it the stitches were not neat like it for him to be serious i was a bit disappointed even though i was so excited that i membelinya,Sadness
5940,toko liburan memiliki pemberitahuan psn psn tanggal merah dibls cm stuing,Anger
5941,obrolan pengiriman instan jawabannya membuatnya dibayar membebani kacau,Anger
5942,alat penghubung,Fear
5943,bahannya adem banget butuhkan murah kualitas ga murahan thanks seller tokped,Happy
5944,isi air ban keluhan,Anger
5945,harga terjangkau rekomended warna sesuai pengiriman cepat cm sampe fast respon dr seller kondisi barang utuh bagus warna nya cantikk banget kurirnya jg nelp smpe mastiin alamatnya tq seller fotonya gada video jdi ss dr video,Love
5946,paket sdh sy terima dicoba smg anak sy suka semoga berfungsi awet makasih ya kak,Happy
5947,aplikasikan ban hitam kotor,Fear
5948,maaf wewangian citra lotion tubuh lotion tubuh harum,Sadness
5949,lucu bgt warnanya recommended nilai murah ngga murahan next tata tertib,Love
5950,manatttaapp gan semoga sukses agan,Love
5951,tipis bener beli ga setipis,Fear
5952,warna kuning spt warna putih tdk spt gambar dikotak,Sadness
5953,puas banget rekomendid banget blnja,Love
5954,mantaapppppppppplpll gannnnnnnnnn,Love
5955,pengiriman lambat polllllll ga pantes official store,Anger
5956,uda blanja abbot kali dateng penyok ga tau promo emang abisin stok penyok toko cabangnya yg bermasalah yg uda ngga belanja toko cabang,Anger
5957,fast respon recommended seller,Love
5958,lucuu bangett pengirimannya cepat sellernya responsif chat jg liat uda dr malam sih kirain siang trnyata subuh uda informatif ngsh tau klo dikasih oil berkabut kirain lbh berkabut dr trnyata kabutnya cm kyk difoto seneng deh lampunya jg terang klo tmpt buram makasihh yaa,Love
5959,mic tdk berfungsi dgn rusak gak bunyi,Fear
5960,barang bagus pengiriman cepat,Happy
5961,menguntungkan bgt takzim nya nnti bli lgi ahh,Love
5962,pelanggan,Love
5963,obrolan balasan kuota dijanjikan meningkatkannya dihancurkan,Anger
5964,beban sebanding foto,Fear
5965,respon koperatif,Anger
5966,mantab rekomended banget,Love
5967,kualitas menurun sambungan mudah sobek,Fear
5968,tokonya terbaik sii mah udh keluarga ultah pesen printilannya skg keluarga ultah belinya damai,Love
5969,toko barang yg barang b toko barang yg ga kirim pengambalian katanua sd skrg blm,Anger
5970,ukuran mur kepala gorillanya ga sesuai dgn ukuran mur utk holder handpone jg dgn kamera sgt mengecewakan jd bs tolong ksh solusi,Sadness
5971,alhamdulillah barang sesuai pesanan suaranya ukurannya pas dipanjangkan kabel mudah putus kabel yg lebar,Happy
5972,barang komplain direspon pelajaran yg beli cek,Fear
5973,membeli elemen rusak klaim alasan penjual poster garansi membelinya,Fear
5974,gagal produk baut tdk pas n tmpt pengisian jg tdk pas n tdk bs n boros pemakaiqnnya,Fear
5975,pengiriman mengatur admin warna jilbab pesan hbs memilih warna ujungnya warna pilih stok a bandung admin japri item diskon wa layanan membuatnya kecewa,Anger
5976,ban hitam mantap,Love
5977,barang sesuai deskripsi,Happy
5978,packing bagus reson penjual cepat baterai dicoba berfungsi normal ngerekam video ngedrop auto kamera mati dicas semoga normal,Happy
5979,joooosssss gandooosss pengiriman rapih cepat,Love
5980,sesuai deskripsi barang dgn baikpackaging aman respon penjualnya top barangnya original,Happy
5981,berfungsi fiturnya tombolnya jamnya diatur mudah designya minimalis bagus,Love
5982,kebat rambut mejanya loss ga ngunci coba seal tape longgar nge lock boom arm nya bagus cinta bingung pakenya karna ga ngelock,Fear
5983,suka bardi membantu banget matiin alat pas jam nya tidur hidup pagi dirumah pakai alat bardi cctv akses nya mudah diluar rumah keren,Love
5984,cepat pengiriman,Happy
5985,barang ok sesuai pesanan,Happy
5986,ubin tipis bija jelek,Anger
5987,sipppppppppppppppppppppppppp,Love
5988,mengecewakan produk encer mengecat harga menentukan kwalitas,Sadness
5989,penjual lucu motifsuuu,Love
5990,barang ramah kualitas ramah maslahat terjangkau recommended,Love
5991,bahan tipis jelek,Anger
5992,ekspedisi transportasi banget tanggung ngajuin komplain kirim hadeh,Fear
5993,nympe,Anger
5994,,Love
5995,beli cek review penjualan nya yg rusak kirim korban cek foto barang order korban kacau toko menjual barang rusak,Fear
5996,aroma nya tipis,Sadness
5997,magnet perekat melekat sempurna ditempel lampunya jatuh kecewa magnet wadahnya ga melekat kuat jdnya rusak lampu jatuh kelantai,Sadness
5998,foto display varian memiliki bonus harga berbeda,Fear
5999,beli produk beres agen nya,Fear
6000,mantapp murah thanks kak thanks abang kurir langsung pasang,Happy
6001,jamnya sulit sinyal kartu sinyal lemah buruk,Anger
6002,dipakai rusak,Sadness
6003,barang yg dikirim patah tdk,Sadness
6004,ga dipakai pas dicolokin laptop bara abis masukin cd cd terbaca pas dikeluarin ga skrg cd didalem external cd hadeehh nambah program,Sadness
6005,wow respons sm kerugian pilih,Fear
6006,jelek jelek jelek jelek,Sadness
6007,barang punggung acak dikirim alih memulihkan uang dikirim penjualan penjualan imitasi penjualan toko resmi,Anger
6008,harga barang tp alasan trlalu byk ga ganti toko ajar,Anger
6009,packingnya rapihh bangetttt aman perjalanan jabodetabek,Love
6010,warna sesuai pesanan pesan silver hitam dikasih silver,Fear
6011,kartu nya lengkap seru bgt game nya harga kompetitif,Happy
6012,player terima kasih menyediakan produk mudah,Happy
6013,hidup mati panas sirkuit pendek,Fear
6014,konvensional xl baju baiklah celananya tdk xl kekecilan baju pakai celana baju yg dikirim celananya robek pas jahitan tdk check sblm kirim,Sadness
6015,bro menerima pesanan sesuai urutan barang bagus bagus bagus terima kasih bro,Love
6016,barangnya original produk berfungsi suara dihasilkan jernih mudah asli ga nyesel transaksi agan seller jelasin produk sampe penggunaan alatnya berfungsi,Happy
6017,puas dgn pelayanan seller pengirimannya cpt harga kompetitif mumpung lg update next gen,Happy
6018,suka bardi menopang matiin alat alang jam nya tidur hidup pagi dirumah pakai alat bardi cctv akses nya mudah diluar aula mungil,Love
6019,palsu ya g fungsi bahan kasar sakit,Anger
6020,barang ny bagus tp kirim ny serasa po pdhal dkirim tggl kecewa,Sadness
6021,pengiriman cepat barang sesuai gambar kualitasnya oke recommended,Happy
6022,kecewa tunggu sebulan barang gak sampe return,Sadness
6023,dipakai kali dah metong,Sadness
6024,pengiriman mandat hebat sesuai catatan ditulis terima kasih kaka,Love
6025,gk plat besinya cm label merk bahan,Fear
6026,kualitas konstruksi dipecah air retakan air terbaik,Fear
6027,memesan harga murah kemasan super aman rusak menerimanya,Love
6028,gambar bagus dicoba topup ponsel nfc berprinsip penjual,Love
6029,beban hidup recommended seller,Love
6030,pengemudi berdaya itemnya bijak,Anger
6031,maaf br review skr barang sesuai lsg dipakai gk seller nya cepet ngerespon nya yg remote nya keren recomended banget tks,Love
6032,kotaknya jelek penyok ikatan ala kadarnya doang,Anger
6033,barang bagus pengiriman cepat sayang packaging pesanan bubble wrap diindahkan respon bagus,Fear
6034,layanan direkomendasikan memenuhi respons pengiriman cepat,Love
6035,manjur bgt bukunya ragib makasih,Love
6036,lucuu bangett pengirimannya cepat sellernya responsif banget chat jg liat uda dr malam banget sih kirain siang trnyata subuh uda informatif banget ngsh tau klo dikasih oil berkabut kirain lbh berkabut dr trnyata kabutnya cm kyk difoto seneng deh lampunya jg terang klo tmpt gelap makasihh yaa,Love
6037,nyaman dipakai halus kerenlah muat kaki,Happy
6038,pengiriman cepat delegasi hebat catatan tertulis terima kasih kaka,Love
6039,maaf produk kecewa salah toples merah toples merah menganggur traktor bagus,Sadness
6040,pengirimannya cepet banget pesen kemarin udah sampe barangnya aman damage samsek mantappp,Love
6041,ban hitam mantap produk original bahanya kuat ban,Love
6042,parah pake banget kalengnya aja udh gimana bentuknya peyot super parah tolong packing lbh perhatikan mengecewakan,Sadness
6043,miniboxnya sih ok lampu led berfungsi menyala kabel usbnya bengkok ga masuk kepala charger berfungsi pakai kabel charger hp komplain maksud tinggal kirim kabelnya bukti unboxing youtuber hrs video unboxing klo belanja online fyi ya kemasan ekspedi rusak klo didalemnya bengkok ya gak tau,Fear
6044,meladeni,Love
6045,pesan yg karung sbagian yg bolong ga beras,Sadness
6046,prosesnya cepat diproses langsung kios pengiriman pengiriman cepat direkomendasikan,Love
6047,pengiriman super cepat barang sesuai pesannya,Happy
6048,bagus sesuai deskripsi,Happy
6049,udah tes baterai compatibel ane pake dslr,Happy
6050,dipakai trusted seller recommended,Love
6051,ulasan product toko ya respon toko produk kekurangannya battery yg bagus pengiriman battery charging sy return product pengganti sy pakai harian battery keok gk charge gk dipakai produk yg dikirim kesaya yg cacat product gamesir tidka bagus,Fear
6052,dingin harganya murah,Love
6053,suka jilbabnya dipake,Love
6054,botolnya proper mudah tumpah,Sadness
6055,produk sesuai deskripsi good communication fast response,Happy
6056,material produk bagus kualitas produk bagus produk original ukuran produk sesuai,Happy
6057,barangnya bgus cman puas dgn pakingya gak rapi sticknyapun cpot tolong perbaiki byar tokonya laris,Sadness
6058,susah pakainya angin ribut yg bocor,Fear
6059,barang sesuai harga lumayan bagus,Happy
6060,berlangganan membeli minigold,Love
6061,bungkusannya dah buka aslan lecek smua fotonya,Anger
6062,keahlian drum pad nggak rapih lem belepotan,Fear
6063,produknya bagus pengiriman cepat fast respost saran aja pembeli klau buka pelastik pembungkus kaca jamnya pelannya overall store positive thank,Happy
6064,materi kemasannya bagus rapi halaman buku halaman buku buku gantinya buku bacaan dipindahkan bergerak bingung nyaman,Sadness
6065,muatan penyokkkkk ga geser krn tdk unboxing record,Fear
6066,menggunakannya merek,Fear
6067,negatif botolnya praktis bocor ulasannya botol ehh pikir botolnya bagus,Sadness
6068,isi pengemasan kardus rusak,Anger
6069,paking rapih jebol,Sadness
6070,proses pembelian pengangkatan lamaaaaaaaaaaa admin gak menopang slow respon ancur parah nihh toko,Anger
6071,gak bersegel packing produk nya bersegel info admin seller chat produk bersegel info nya klaim admin penjual original cantum deskripsi pembeli tau layak pilihan nya kulit wajah nya,Fear
6072,positive sesuai pesanan terima kasih pas ank sya suka,Love
6073,bagasi cocok dikirim perbedaan murah harga harga bagasi dikembalikan lepuh membeli bubblewarp lampiran,Sadness
6074,pilih varian hitam yg dikirim putih ya kalo habis komunikasikan kpda buyer fitur chat jgn kirim aja komplen males ribet,Anger
6075,produk diterma pengirimannya cepat dicoba pas banget nintendonya,Happy
6076,barang sesuai deskripsi,Fear
6077,dipesen putih dateng kuning admin udah pastiin dianter putih nipu tetep dateng kuning min mending jujur bilang stok kosong barang diganti beda jenis,Fear
6078,lem kualitas lambat aibon,Anger
6079,joystick berfungsi plug play build quality kokoh terdeteksi steam,Happy
6080,menggunakannya merek,Fear
6081,kantong tidurnya tipis,Fear
6082,bagusssss bangeeettttt,Love
6083,jelek jelek jelek jelek jelek jelek jelek tinggal ngopi,Sadness
6084,kualitas underpad buruk tdk sesuai harga,Sadness
6085,barang sesuai dikasih masker murah hrganya,Fear
6086,sesuai foto,Sadness
6087,barang cepat banget diproses dibungkusnya rapi langganan,Love
6088,barang gak sesuai order warna hitam polos yg dtg motif,Fear
6089,mantap boss,Love
6090,barangnya rusak robek barangnya original real pick packingnya bagus pengiriman cepat kurir ramah pokoknya amanah deh kalo belanja toko joyko official store,Happy
6091,bocor,Anger
6092,buruk,Anger
6093,alhamdulillah barang tgl isi dusnya instruction manual book kartu garansi stiker boya tas boya seperangkat mic batereinya jack adaptor kayaknya koneksi amplifier,Happy
6094,maaf kekecewaan pengguna fahhampton membeli isi tes farhampton jatuh cinta langsung membeli pindah kanan bertahan proyek pemeriksa baunya jatuh cinta tes aroma,Sadness
6095,kali kecewa puas membeli mukena dsini mengemas noda kotor bawahan mukena bos mukena benang rapi panas warnanya lembut permintaan maaf gambar taplak meja meja sale ukr orang bb,Sadness
6096,menerima produk kurir kurir menelepon barang dikirim dipercayakan menerima paket mengajukan keluhan,Fear
6097,sulit membuatnya mengerti mobilisasi kompleks merobek kertas kangmas acc,Anger
6098,bahan nya panas kegedean banget gak sesuai berat negativean yg estimasikan,Sadness
6099,trnyata tanggal merah melayani pengiriman lngsung dikirimkan instant kurir pelayanan respon nya juara semoga awet fungsional,Happy
6100,bahan oke joss lahh,Love
6101,harga terjangkau recomended warna sesuai pengiriman cepat blackout sukses tokonya pesan disebelahnya,Love
6102,isi buku berkualitas buku diterima packaging dibungkus bubble wrap beruntung basah kehujanan packaging ditingkatkan keamanannya,Happy
6103,pegangan kukuh stabil packaging aman bagus bawaan sesuai deskripsi,Love
6104,bak ujut jelek,Anger
6105,gak dapet enaknya maaff,Sadness
6106,cat kuku mengirimkan tanggapan penjual okeyy kali terima kasih,Love
6107,elemennya lengket lemah,Anger
6108,beli elemen dikirim berbeda cocok pakhl klik ukurannya hrg mahal penjual jujur hsl berkah,Anger
6109,kapoooookkk,Anger
6110,beli dibuka ditinggalkan negativemood,Fear
6111,kecewa banget beli packingan nya rusak bolong bolong kayak dimakan tikus ga banget pecah dijalan retur ga ga layak banget,Sadness
6112,packingnya cm kresek krg aman jd pas dateng peot pdhl jual haduhh,Sadness
6113,pengiriman jam ok semoga awet,Anger
6114,chat seller kecewa seller ramah barang kecewa pengemasan kertas bekas lapis plastik buku yg kondisi kotor,Sadness
6115,ukuran nya bagus mengeringkan barang,Happy
6116,elemen lengkap verifikasi dikirim kirimkan kehilangan pelanggan mengirim kekurangan elemen rumit,Fear
6117,buruk,Anger
6118,ukurannya sesuai pesan dikirim,Sadness
6119,kualitas main buruk,Sadness
6120,pas longgar nintendo switch teroyak oyak pouch,Fear
6121,pro harga kaget flash sale respon seller cepat dlm proses konstruksi nya logam kecuali mic holder con base plate tipis baut ball head presisi baut konektor arm uk bkn jd compactible holder hp jd kl hp berat suka jatuh posisi menghadap,Happy
6122,respon cepat barang sesuai pesanan,Happy
6123,kader jelek berbahaya tipis,Anger
6124,toko mati,Fear
6125,raknya bagus simpel masangnya susah pengiriman cepat recomended,Love
6126,jahannya mantap jahitannya rapikualitas bahan berfungsi,Love
6127,pengiriman lambat mengecewakan pilihan pengiriman next day yg pesanan pembayaran itupun berkali kali dikomplain whatsapp kolom chat tokopedia,Sadness
6128,lilin bau gula merah versi tubuh halus manis membuatnya lengket dna mengering berfungsi sesuai menggambarkan keluhan uang,Anger
6129,sesuai gambar,Fear
6130,seller responsif sekalii kaos kaki nyaman bgt dipake terima kasih,Happy
6131,material produk bagus produk original,Happy
6132,sukaaaa banget banget banget bangeeeeettt,Love
6133,deskripsi produk tdk usb tdk cocok hp samsung,Sadness
6134,pesan yg donat sms yg dikirim yg ikan kecewa kucing gak doyan udah bilang gak pakai kantong polos kecewaaaaaa,Sadness
6135,lilin saudara lelaki lilin sultan,Love
6136,bagus sesuai deskripsi pelayanan cepqt order lsg kirim terima kasih,Happy
6137,flash sale sekotak isi murah bangettttt produk bagus sesuai deskripsi pengiriman cepat packing aman terima kasih seller n toped,Happy
6138,udah beli udah abis jd skrg beli makasih ka,Love
6139,perusuh awas ditipu reply sy udah kirim bukti adendum lwt wa krn tokped spacenya ga tp blng sy ga kirim bukti,Anger
6140,paketnya dibuka aslan foto,Anger
6141,keren sdh kartu remi nya packaging aman,Happy
6142,item dibuka jahitan kontrol kualitas negatif terbuka,Sadness
6143,barang deskripsi pengisian cepat,Love
6144,warna sesuai yg dikirim males pengembalian barang seller kirim,Anger
6145,kecewa barang pas gak dipakai,Sadness
6146,produk yg dikirim berfungsi semestinya sdh dikirimkan lg produk seller layak official store pengiriman barang sesuai jadwal dijanjikan tokped slow response seller not recommended,Fear
6147,ditinjau tumbuk keras kepala,Anger
6148,orgdapet barang nya bgs dapet yg patah,Sadness
6149,busanya kotor,Sadness
6150,pengiriman banget order tujuan order,Anger
6151,mengecewakan,Sadness
6152,lumayan harian kualitas sesuai harga,Happy
6153,sesuai ekspektasi kecewa emak valrhona chocolate sisanya gak enak intinya kecewa,Sadness
6154,sesuai harga yg pelayanan cepat yg dropshiper terbantu terima kasih ka,Happy
6155,kameranya berfungsi kualitas gambar sesuai harga ya kamera anak sejenis sayangnya kabelnya kotor bekas coba dibersihkan,Happy
6156,original mantappss,Love
6157,material produk bagus kualitas produk bagus produk sesuai,Happy
6158,packing rapih pengiriman lumayan cepat,Happy
6159,keren gretongan haahaaaa tulen,Anger
6160,pengirimannya dikirim statusnya dikirim adminnya balasnya template kecewa belanja official store,Sadness
6161,sobek,Sadness
6162,kartunya berfungsi kualitas printing kartunya bagus collectible card design designnya cm croping yg udah proporsinya bagus keluaran monster hunter stories cropping foto blister figur amiibo yg asli msh keliatan blister nya lobang gantungannya,Happy
6163,barang sesuai bagus cepat,Happy
6164,pesan setengahnya mati,Sadness
6165,proses pengiriman bahan tipis,Fear
6166,,Anger
6167,buruk,Anger
6168,wewangian menyengat lengket tangan pengiriman cepat aman pengemasan tebal kotak bungkus buble berlangganan membeli produk direkomendasikan penjual,Love
6169,pengirimannya cepat barang bagus ukuran maksimal muat,Happy
6170,barang mencapai harga ekonomi kualitas barangnya penjual ekonomi,Love
6171,barang sesuai harapan,Happy
6172,kirim paket ga tokopedia resolusi arbiter berguna,Anger
6173,barang tdk dipakai suara tdk mengecewakan,Sadness
6174,mengecewakan,Sadness
6175,kak okey barangnya warna bagus kualitas bagus berbau anti slip kayak nya thanks ya,Happy
6176,bahannya adem jahitan rapi menerawang mudah dibentuk warnanya cantik nyaman dipakai,Happy
6177,pengiriman layanan buruk gosend melebihi batas melayani pengiriman sameday gosend dinonaktifkan pembeli membayar ongkos kirim mahal,Fear
6178,penjual teliti sengaja,Anger
6179,barang rusak,Anger
6180,kualitas sesuai harga respon seller ok tks,Happy
6181,barang sesuai pesanan penyimpan hp nya kecewa,Sadness
6182,barang yg tdk sesuai pesanan proses komplain lma berbelit belit,Anger
6183,pengiriman surat cepat penjual lambat dikirim kampanye mengurangi barang,Anger
6184,kesalahan mc hardisknya gak digunain jd nya psnya gak isi game mc nya ngeblank belinya bkn dgn duit yg sdikit beli kabel karna salah kirim udah gt isi game sndri kecewaaaaa sumpah,Sadness
6185,bahan panas menyerap keringat motif cetak buram,Sadness
6186,semprot sesuai gambar semprot permainan pistol,Fear
6187,kotak penutup jelek,Anger
6188,mencucinya,Sadness
6189,proses pengiriman bahan tipis,Fear
6190,beli warna biru packing plastik hitam kurir instant lemas paket jatuh terseret plastik bantal sobek kurir beratnggung pesankan warna hitam pakai toko online aja dimasukkan plastik kresek instant dibuka sobek sarung bantalnya usaha bungkus tebalan pakai bubble wrap murah pakai bubble wrap ngga sobek plastik sarung bantalnya barang lumayan pelit packing ya,Fear
6191,sesuai ditarik,Fear
6192,responsnya sebanding deskripsi solusi tangkisan penjual,Sadness
6193,senang produk packingnya dilakban lakban dimasukkan plastik pack,Happy
6194,pesanan mencapai alamat uang menerima pesanan,Anger
6195,proses konfirmasi chat gk balas,Fear
6196,penjual barang gak diterima diajukan pengembalian dana hr notif sdh selesai dana diteruskan penjual woi balikan dana,Anger
6197,permintaan posisi rumah bentaru cilane jakarta picassi celller pengemudi gojic mengambil jalan alternatif hilowo pidato cepat tarif sepeda motor online rumah rumah penjual mohon penjual dikonfirmasi mengirim barang langsung surat cepat mengambil,Anger
6198,barang jelek sesuai harga,Sadness
6199,paket halus tujuan toko dipercaya,Love
6200,mantep banget bahan adem harga murah dipake anak seller,Happy
6201,kualitas produk bagus produk sesuai,Happy
6202,arloji produk tokcer gambar badai,Love
6203,parts yg sdh dicomplain chat tp respon nya coperative,Fear
6204,gak instruksinya bingung,Sadness
6205,barang dobel bungkus plastik bubble wrap hancur diterima tenteram isinya lengkap minyak mentah nya penyok,Fear
6206,kasih bintang analog bulet kanannya longgar,Fear
6207,wow murah mengisi produk elegan bagus uhuy pisan hhehehehe,Love
6208,pake rusak,Sadness
6209,pengiriman,Anger
6210,kardusnya kayak beli pensil warna bekas,Anger
6211,admin cs nya ga nyambung nya,Anger
6212,layanan ekspedisi gojek instan pagi proses toko sore,Anger
6213,gak gimana,Fear
6214,beli melepaskan uang kondisi bekas ya perekat jejak kurva ya profesional,Fear
6215,worth sesuai harganya fast respon penjual fast shipping recomend thanks,Love
6216,koper dikirim seimbang,Anger
6217,pesanan sesuai warnanya cuman bahannya tipis banget ya dipakai foto tembus kualitas menyesuaikan harga sih,Happy
6218,sesuai permintaan pesanan pesanan mengobrol mengingatnya item warnanya sesuai warna mengirim kios memiliki stok stok stok aquired,Anger
6219,printer printer kerusakan bertanggung online obrolan permintaan garansi,Fear
6220,kualitas bagus sampainya cepat terima kasih,Happy
6221,kecewa belanja ditoko hati hatilah belanja ditoko,Sadness
6222,mousenya responsif jd teken kuat,Sadness
6223,whiteboard melengkung alumunium bengkok skrup hilang mutu rendah gambar deskripsi,Fear
6224,pesanan tdk sesuai biru diksh pink anak laki laki seller ngga baca brg ngga bagus bagus standar,Anger
6225,mujarab pengiriman cepet langganan nih,Love
6226,yg black metalic produk jelek disemprot mampet,Fear
6227,mempercayakan penyimpanan data berpikir menggunakannya kartu dibaca data disimpan proses garansi perkiraan sebulan membeli merek thx sehat,Fear
6228,ukuran kemeja xl celana pakaian memakai celana pakaian dikirim celana disobek jahitan diperiksa mengirimnya mengirimnya,Sadness
6229,pesanan sdh diterima dlm cpt sampainya dpt bonus kasih seller kurir,Happy
6230,deh beli udah pembatalan tukar bekas hebatnya seller menolak pembatalan konfirmasi,Fear
6231,pembelian keranjang kargo kucing ga ga puas beli harga terbaik seller fast response packing nya juara aman banget pake kardus badabest dapet bonus,Happy
6232,plastik terpisah tenang,Fear
6233,boros batre,Sadness
6234,kecewa bawa sesuai pesanan pesan yg botol,Sadness
6235,mantul pengiriman diterima langsung terjamin aman,Happy
6236,produk sesuai harga terjangkau kualitas bagus adminnya jujur responsif banget tegahan pengiriman usahain pengiriman biar barangnya rumah pembeli packingnya aman bangett makasih banyakk,Love
6237,pro pro pot burja port,Anger
6238,barang sesuai dikirim murah selisih harga barang direfund barang lecet beli extra bubblewarp,Sadness
6239,barang nya gak terima nama penerima nya kecewa banget nya si grtis penggunaan tokopedia males gunain tokopedia,Sadness
6240,barang bagus packing rapih mantap biar bintang berbicara,Happy
6241,udah pesen pke dus gak dus nya mending gak udah pke dus dah,Anger
6242,seller ramah pengiriman cepat gak nyangka paketnya bagus banget kacamatanya berguna orang pakai,Happy
6243,parah banget sih responnya komplain barang disuruh via wa wa disuruh marketplace ampun dah sejelek pelayanan sekelas official unilever,Anger
6244,sepatu hancurrrr,Anger
6245,berantakan benang nya seandainya bagus mahal yg bagus nya,Fear
6246,mudah suara dihasilkan jernih produk berfungsi,Happy
6247,sablonan bagus klo dicuci nempel,Sadness
6248,karet filternya,Sadness
6249,barang rusak jual emang ngehek,Anger
6250,sabun nyaaa pakee mint nya kerasaa bangettt enk sih habis mandi kyk dingin gitu,Love
6251,pesen kemarin dateng cepet banget sajadahnya bagus bulunya halus busanya beneran tebel semoga sholat khusyukk sajadah aamiin terima kasih seller bahannya tebal bahannya lembut ukuran sesuai warnanya cantik anti slip,Love
6252,susah payah narik balonnya biar mekar eh bolong,Sadness
6253,cuakeeeep maaf gapake poto barangnya oke bahannya baguuusss,Love
6254,barang mantap sesuai deskripsi laptop adem n sejuk,Happy
6255,baunya sevenarnya segar kuat dibanding disinfektan awet ga kuat hidung,Happy
6256,mengecewakan pelayanan lambat,Sadness
6257,celananya dicuci dipake anakku puas banget produknya walopun harganya murah tetep oke koq produknya jahitannya rapi bahannya random ga milih sepadan banget harganya pengirimannya cepat thanks seller,Love
6258,kecewa,Sadness
6259,selang beda yg produk pianika original yg spare part selang lembek mouth piece nya pecah pinggir,Sadness
6260,permintaan harap bagus,Love
6261,mic nya gak respon,Fear
6262,semoga ditingkatkan qcnya packing bubblewrap patah pengiriman sayang video unboxing beli aman jepit packing posisinya pas ujungnya gompal,Sadness
6263,toko elemen rusak mengharuskan konsumen dikenakan penjual gelembung dikenakan pembeli,Anger
6264,pengiriman lamaaaaaaaaaaa banget seminggu,Sadness
6265,kemasan buruk kotak memesan bra bra rusak,Anger
6266,itemnya kompak lemah,Anger
6267,kualitas produk penjual cepat aman kasih tokopedia,Happy
6268,barang pecah ndak tau dr seller ekspedisinya sayangnya selesaikan transaksinya sblm diunboxing bgtu dibuka pecah barang cm dilapisi lapis bublewarp tipis overall kecewa,Sadness
6269,qualitas jelek amis cat pad oke bergelombang,Fear
6270,kecewa bangett beli lgsg bayar tanggal agustus skrg tanggal september beban diterima complaint minggu dr tanggal pemesanan krn sabar dipikir kendala skrg udh sebulan dibilang follow kondisi pesanan yg complaint selesai ngga paham jdnya gimana penyelesaiannya,Anger
6271,tokonya songgong brg rusak dibebanin konsumen ngak jd penjual kalo bubble dibebankan pembeli,Anger
6272,bocor koneksi karet mengetuk bocor bertemu macet,Sadness
6273,recommended seller udah beleid yg anak air,Love
6274,paket sesuai pesanan remote shutter nya berfungsi ribet kalok dipakai praktis dibawa,Happy
6275,ga hadiahnya baca pembeli kecewa promo hadiah mengecewakan,Sadness
6276,sesuai gambar,Fear
6277,barangnya sy order n bayar yg dtg paket promo harga aza jualan nipu yah pdhl official store loh toped gimana nih pertanggungjawabannya kapok sy kalo gini balikin uang sy,Anger
6278,bermanfaat warna menarik keturunan keturunan bahagia gambar,Love
6279,bahagia laptop jd tenang ga cpt panas,Love
6280,baunya gak enak rancang suruh belajar coba yg enak,Anger
6281,mantap harga kualitas sebanding worth battery ori nya btw beda durasi battery ny cm beda belasan menit tp harganya beda ratusan ribu mending pake battery powerextra tp beli,Happy
6282,kekecewaan toko resmi permintaan dikonfirmasi sistem dibatalkan gelar disuruh memesan toko mengkonfirmasi kecuali dikirim ditinggalkan menemukan sistem untungnya obrolan cs tokodedia barang dikirim kali barang dimakan ditunda tanggal puasa cepat surat penerimaan barang barang kutukan proses pengiriman lambat dibungkus,Sadness
6283,beli rusak bentuknya toko berdalih ya udah utk pelajaran aja utk yg beli,Fear
6284,barang bagus pengirim cepat bermanfaat,Happy
6285,barangnya asli adminnya responsif rekomen deh beli lm pokoknya next beli ksini aman ga rumah pertahankan ya seller,Love
6286,pesen hitam dikirim putih parah direturn ngga keburu barang tsb kado ultah hr pake day sdh sy ingatkan loh tolong dicheck dikirim,Anger
6287,,Anger
6288,payah gk sertakan pdhl byr kirim bintang,Anger
6289,ya utk harga lumayan worth rgb kanan kiri ga selaras sih deflect gara gara pengiriman,Sadness
6290,sleeping bag nya recomend tipis banget,Fear
6291,barang kondisi rusak pecah,Anger
6292,poharhh mengisi debu cm debu,Anger
6293,jujur kecewa udah beli kesekian kali diminum sehari bsknya asem g diminum mohon tgl kadaluarsanya,Sadness
6294,dendeng yg sy terima bentan jamur putih dipermukaan dagingnya ketumbarnya dimakan garang seller mohon diperhatikan kualitas produk dijual terima kasih,Fear
6295,packaging gk aman bgt bubble wrap tipis alhasil kemasan barang penyok pas dateng thank god barangnya aman official store fix min next duh,Fear
6296,kualitas bahan mantap membara transmisi cepat respon cepat paking rapi dijamin termurah,Love
6297,seller kirim barang beli dikomplain bilang ga nuduh buyer bohong uang selisihnya coba cek tuh sistem sortir disananya ga bikin kaya kalo nilep mah,Anger
6298,warna selaras aplikasi,Anger
6299,hasilnya tahan hasilnya matte nggak cepat pudar packaging aman proses pesanan cepat,Happy
6300,pol kualitas lem aibon,Anger
6301,warna lucu direkomendasikan murah murah aturannya,Love
6302,barangnya bagus harga dibilang murah ya recomended membeli rak sepatu gampang berdebu,Happy
6303,efektif menyaring kotoran manteb jernih banget air,Happy
6304,ancur dah pelayanannya gausah kesini dah kalo gak kapok,Fear
6305,barang bagus kiriman cepat,Happy
6306,kualitas barang sesuai harganya bagus dibagian memasang kepala pegangan ponsel yg menekan kepalanya,Happy
6307,harga kualitas build bahan tubuh bagus bahan plastik kuat menahan beban ponsel kadang tripod ponsel tertunduk penggunaan gunung kayu rusak foto meletakkan tripod pemegang merek pemegang merek pemegang default bagus,Sadness
6308,kecewa pesen dkirim huuuuuufffttt,Sadness
6309,mainannya rongsok gak dipake,Anger
6310,mienya enak favorit keluarga langganan beli mie sedap toko os packing rapi dpt bonus makasih ya,Love
6311,pengiriman expired barang diganti tp expired nya mepet jarak tanggal expired dicek dikirim pembeli,Fear
6312,good,Happy
6313,barangnya diterima dicoba berfungsi cocok ambil barang dibawah menunduk jepitnya lumayan kuat semoga awet barangnya,Happy
6314,harga kualitas maaf rentan bahan nya ga dipasang ring perasan nya,Fear
6315,terima packingnya rapi bahannya lembut enak dipake kurir yg ramah mkshpotongannya rapi,Happy
6316,sori say review jujur bikin kecewa pelanggan sih barang habis dikonfirmasi sblm dikirim min mon maap teknologi chat aplikasi ya knp ngga konfirmasi chat terlanjur klik pesanan selesai ajukan pengembalian dana pembeli yg silakan dicermati beli ya makasih,Sadness
6317,suara dihasilkan jernih garansi resmi mudah seller komunikatif detail fitur streaming tv film recommended hobby nya nonton produk berfungsi barangnya original,Love
6318,panduan instal nya lengkap gamenya bagus sellernya fast respon mantap suksess,Happy
6319,produk sesuai deskripsi fitur berfungsi walopun packing sederhana n kreseknya jebol karna barang berfungsi thx recomended seller,Love
6320,empuk jalan bahannya berkualitas modelnya keren bahannya ngga mengecewakan ukuran nya kegedean ukur nya ngga jangka,Happy
6321,bingkai kacamata bagus mudah rusak kacamata,Fear
6322,toko terbaik anak berulang mencetak anak ulang tahunnya kuat,Love
6323,pelayanan cpt packing rapi pokokny toko best deh,Love
6324,menyukai terima kasih sis,Love
6325,barang sesuai timeline,Fear
6326,barang diterima kualitas pengiriman cepat makasih,Happy
6327,pengemudi bagus barangnya cerdas,Anger
6328,mending toko,Fear
6329,menyerampang kirim barang dikirim item takrif murah smart breaker terlanjur diselesaikan beli kali,Sadness
6330,ngomong membeli barang rusak klaim alasan penjual stiker garansi membelinya,Fear
6331,mencoba variabel air misel berharap cocok varian esensi mikro loreal lawan pulak kali koneksi cinta aman terima kasih tokped loreal,Love
6332,bahan tipis dirobek langsung pengisian disarankan mengobrol bls,Fear
6333,layanan pengiriman memuaskan kardus dlm penyok untung pecah order product cair,Sadness
6334,barangnya sesuai dgn yg ditawarkan bagus,Happy
6335,beli puas lebihin pngiriman cepat pokonya mantap,Love
6336,menyedihkan direkomendasikan,Sadness
6337,bahannya luntur,Sadness
6338,frame kacamata nya bagus tipis sptnya gampang patah ngakbseperti kacamata,Fear
6339,respone sellernya cepat ga dipasang hp dideskripsi inch eh pas dateng pasang hp samsung ga muat pas baca dalemnya maks ktnya inch maen cod rada ngadat pas maen ml lancar jaya pengen maen cod nya,Sadness
6340,dasternya adem ya iyalah gitu ya ademnya gretongan haahaaa parah asli,Anger
6341,packing perbaiki buku penyok,Anger
6342,hasan transmisi cepet langganan nih,Love
6343,kue bertanggung kue asam mengeluh penjual dikonsumsi dimakan,Fear
6344,jempol pengecer produk,Love
6345,works fine respon seller cepat barang berfungsi recommended,Happy
6346,penjual direkomendasikan masukan dikirim itikad penjual tolong kelompok membuatnya,Fear
6347,buruk,Anger
6348,bergerak mc online bareng temen sellernya ngasih panduannya mantab pokoknya,Love
6349,pelayanan ramah fast respon packing nya mohon maaf kerdus nya lecek lecek gitu ya rapih overall oke trims,Happy
6350,bubble wrap tebal original kualitas,Happy
6351,barang diterima kondisi rusak alami pembeli complain reject seller tokopedia menengahi retur sayangnya situasi mudah mengirim barang recommend beli toko cenderung amanah,Fear
6352,thanks barangnya bagus bgt packingnya rapi tekomended,Love
6353,proses pengiriman cepat berwarna sesuai urutan doff hitam doff memiliki harapan,Sadness
6354,sesuai pesann barang cepet sesuai pilihan pengiriman,Happy
6355,kali belanja timbang rumah wkwkk ntar kayak gini timbangan bagus setelan ubah,Fear
6356,gambar bagus dicoba topup ponsel nfc berterima kasih penjual,Love
6357,barangnya bagus pengirimannya cepat kekurangan agan bahari pengiriman minggupun dijalankan tuhan merahmati sehat sukses terima kasih,Love
6358,kader tipis,Sadness
6359,urutan hasilnya elegan mengecewakan mengupas potongan elegan,Sadness
6360,beli peti bahan penyalut plastik berbeda terbuka robek,Fear
6361,barang sesuai pengiriman cepat recommended,Love
6362,bagus murah,Happy
6363,penjual calo jual barang orang chat gak,Fear
6364,kecewa real yg alami silahkan baca chat dgn seller membeli barang dikirim sesuai pesanan diretur cerdiknya seller mengirimkan pesanan yg pesan hariii lhoo guys uang barang haha silahkan seller sanggup bawa akhirat semoga tertipu,Anger
6365,barang pembungkus plastik segel kantong kopi buka aroma kopi kecewa,Sadness
6366,isinya cairan roda keluhan,Anger
6367,kotak penutup buruk,Anger
6368,mantep om,Love
6369,purchase kali cocok kulit tangan yg sensitif,Love
6370,cepet rusak kadang konek kadang engga,Anger
6371,pengisiannya penuh jerawat sesuai pesanan,Sadness
6372,game nge hang game direname munkin biar aja gamenya game stick nya error game effect vibrationnya dicoba pengiriman,Sadness
6373,kapoooookkk,Anger
6374,melek,Fear
6375,pantes murah bubble wrap nya tipis kirain tebel nyesel order dimari,Anger
6376,warnanya cantik pengirimannya cpettt makaci kurir anterin,Happy
6377,gampang putus mantep dipake nya,Sadness
6378,berlangganan,Love
6379,tajam produk original produk sesuai kualitas produk bagus,Happy
6380,bagus sesuai ekspektasi,Happy
6381,beli dahkan keluhan akibat kerugian beli kapuk,Anger
6382,toko barang jebol biaya dikenakan konsumen penjual globe dibebankan pembeli,Anger
6383,kondisi box mika lilin foto lilin cacatnya semestinya dibungkus pakai bubble wrap plastik tipis plastiknya dilem seller package barang dibenarin pakai kardus box kardus mie instan selapis untung barang dibeli rusak kecewa si servis toko mikir belanja,Sadness
6384,wanginya ga sesuai harapan berkecukupan amis ikan teri,Anger
6385,menerawang modelnya cantik bahannya adem warnanya cantik ukuran sesuai jahitan rapi,Love
6386,ukuran kemeja xl celana pakaian dikenakan celana pakaian dikirim celana robek jahitan diperiksa dikirim mengirim,Sadness
6387,bahan tipis,Sadness
6388,baguuuus sisirnya halus udah coba pake bulu,Love
6389,buku terima,Fear
6390,ukuran,Anger
6391,toko beban buruk dibebankan konsumen penjual gelembung dibebankan pembeli,Anger
6392,ringan dipakai ukuran sesuai bahan menyerap menerawang sih mah sesuai harga,Happy
6393,niatnya disikat kit penanaman kreatif berpikir memikirkannya mengacaukan kotak,Sadness
6394,bagus motif lucuu lucyuu seller jg pengiriman jg kilat mksh yah sis sukses trs,Love
6395,pesanan sempurna melanggar pengiriman pengemasannya,Fear
6396,disarankan membeli tanggapannya cepat menit harga bagus terbaik tanggapan menunggu dalamnya hubungi menemukan terima kasih dipenuhi direkomendasikan,Love
6397,sesuai pesanan motif garis polos bahan sesuai hrg mksh,Happy
6398,rumbing,Anger
6399,barang berfungsi buruk,Sadness
6400,good ban hitam mantap,Love
6401,kaya buav ta gk worth,Fear
6402,bro ps tombol hijau tombol hijau mati,Fear
6403,toko gimana pakai udah mati anak sungai jg bener jualan,Fear
6404,dicharge lampu nyala dipakai dikembalikan berat ongkir dikirim dites packaginya segel dites kayaknya sayangnya bintang minimal not recommend,Anger
6405,pesan merah muda percaya merah muda abu selesai fitur obrolan mengonfirmasi pembeli bersedia mengubah warna kardus rusak barang dijual penjual maaf kesalahan solusi kesalahan penjual proses membeli jumat pagi diproses senin alasannya sabtu libur pegawai negeri sipil barang nyaman menggunakannya dalamnya panggul the kesimpulan penjual direkomendasikan,Anger
6406,penyok packingnya aman,Anger
6407,mengkilap cepat hilang,Fear
6408,mmaaaanncccllaaappp,Love
6409,komplain krn jam setting masi menyala dr admin ok,Fear
6410,barang tdk sesuai yg sy pesan otomatis tdk dipakai,Fear
6411,tutupnya pecah,Sadness
6412,kameranya bagus banget pengirimannya cepat penjualnya ramah banget suka banget belanja,Love
6413,produk harga harga wajar kualitas pengiriman mencoba pengiriman barang paket pembeli rumah aman terima kasih,Love
6414,menyerap air dgn cuman ukurannya banget jd mengeringkan piring butuh dr,Happy
6415,barang bagus respon cepat harga bersaing yg,Happy
6416,menerima paket makan rusak dibuka bekas luka frustrasi,Sadness
6417,mc deskripsi iklan paket yg nukil charger plus adapter micro sd tulisan happy box komplen terlanjur klik nukil bawaan komplen mc bawaan ujungnya disangka ga nukil,Fear
6418,pegangan kokoh stabil packaging aman bagus barang sesuai deskripsi,Love
6419,lupa toko,Love
6420,bocor risiko karet pendiangan bocor dri drat karna gk rapat rapatkan gk karna mentok,Sadness
6421,barang dikirim dikasih resi kosong,Fear
6422,pesan hitam kirim putih proses pesanan nya,Fear
6423,bli kcing dlm karung kainya tipis kyak kulit bwang trus nerawang bnget pokok nya gk bgus bngt kcewa,Sadness
6424,pelayanan ga bgt deh pakai ekspedisi gojek instan jam pagi proses toko jam sore,Anger
6425,barang dikirim berbeda gambar dikirim spilling merek sikat penipuan,Fear
6426,kecewa memecah kopi meluas kesalahan ketegangan kurir,Anger
6427,elemennya lengket lemah,Anger
6428,kualitas bagus packing safety bingitz cm syg pengiriman klo saran pake si cepat lbh bagus,Happy
6429,warna putih penjual hijau penyebab capo,Anger
6430,bawaan ny membaik tp kirim ny olah po pdhal dkirim tggl kecewa,Sadness
6431,kecewa kaca lampu nya ga ad,Sadness
6432,adminnya lambat barang tangan menunggu minggu transaksi toko maksimal kurir udah diterima keluarga nama penerimanya aja ga komplain toped direspon mggu diputuskan toped direfund,Anger
6433,tolong bro muncul gambar tv lampu merah hdmi berkedip,Fear
6434,terima kasih pelayanan nya memuaskan,Happy
6435,pelayanannya oke,Happy
6436,packing aman kardus bubble barang selamat dikasih bonus mkn makasiihhhhhh,Happy
6437,bagus sesuai,Happy
6438,pengiriman oldaaaaaaaaaa disadari,Anger
6439,barang sampe bungkusnya udh sobek untungnya bukunya aman ujungnya rusak,Happy
6440,aaaa bagus banget pengirimannya cepatt aman packaging nya nyala tdi udh dicoba beli dgn harga senengggbangett,Love
6441,barang yg dikirim dilist barang yg surah ditulis dianggap yg bikinnlist penjual yg menginkarin,Sadness
6442,highly not recomended seller masukan dikirim itikad dr seller mohon ya,Fear
6443,shimmer packaging aman proses pesanan cepat packaging rapi,Happy
6444,ipad ketiga dibeli seller memuaskan mengakomodir pembelian mendadak dikirim langsung besokannya highly recommended,Love
6445,kecewa beli pcs kemasan bolong sperti gigit tikus,Sadness
6446,kendaraan kinclong mantap kendaraan kinclong mantap senang banget home servicenya senang banget pasangin bengkelnya,Love
6447,kecewa suara rekaman,Sadness
6448,bubel gak ud atc,Fear
6449,mengecewakan pengepakannya aman,Love
6450,beli toko resmi feb feb siang cussons harga penjualan flash murah,Love
6451,disuruh pakai bubblewrap utk keamanan barang tetep aja barangnya ga dikasih bubblewrap berbayar,Sadness
6452,brgnya cpt packing maxi trims utk seller toko recommend,Love
6453,udah chat ditulis deskripsi udah dikonfirmasi ulang aja dikirim warna putih order full black pengiriman banget amanah,Anger
6454,maaf kekecewaan pengguna farhampton membeli isi tes farhampton jatuh cinta langsung membeli berubah fleksibilitas proyek tes aroma jatuh cinta laboratorium aroma,Sadness
6455,langganan beli transpulmin baby toko menarini health beauty produk respon toko cepat transpulmin baby cocok dgn kulit bayi cepat meredakan flu batuk bayi menngunakan bahan alami melembabkan kulit bayi aman kulit bayi bahan pengawet memicu alergi pokoknya mantul deh,Love
6456,terimakasih toko kelupaan beli lilin ultah acara syukur puji tuhan lilin dikirim kota,Love
6457,packingnya rapi aman pakai bubblewrap kualitasnya bagus udah dicoba berfungsi gak kendala tombolnya empuk keras top markotop,Love
6458,daerah keren ya gretongan haahaaaa asli,Anger
6459,barangnya bagus,Happy
6460,lilin bau gula merah versi tubuh tipis manis membuatnya lengket dna tubuh mengeringkannya berfungsi sesuai deskripsi keluhan uang,Anger
6461,produk asli murah pengiriman cepat abang kurir nya jg bgt jagain bener paketnya smp masukin tas biar ga basah kena smbl maaf duhh murah rejekinya ya,Happy
6462,kali pake udah rombeng dibalikin tokonya cepet dibetulin dikirim orangnya langsung ditelpon gak response,Fear
6463,pembelian kesekian kalinya dikemas pake kardus dikirim pake bubble wrap pecah ajukan barang rusak kesalahan toko pas dicek serpihannya coba satuin ngak pengiriman buka bubble wrap diganti gitu,Anger
6464,produk sehari membayangkan rusak analog,Anger
6465,parah toko ga tanggung nya,Fear
6466,panggul tes buruk,Anger
6467,maaf kecewa pengguna farhampton beli tester isi tester farhampton jatuh cinta langsung beli yg pas ketahanan projectionnya kalah testernya wanginya tenyata jatuh cinta testernya wanginya ok,Sadness
6468,udh belanja tokped ga ketemu seller model gini chat dr ga bales ampe nyanyi album chat wakaka mesen kamis jam sampenya selasa malem butuh urgent bgt pdhl kapok dah worst seller,Anger
6469,patah kencangkan,Fear
6470,tutup membeli harga murah diambil barangnya rusak,Sadness
6471,silikon pelindung buruk ditekuk mudah rusak robek kualitas lamo sebagus bayangkan kualitas philips,Anger
6472,item rusak seminggu imbalan penjual buruk tanggungan obrolan,Fear
6473,produk sesuai deskripsi penjual salah kirim tdk solutif dituliskan instruksi keterangan,Fear
6474,pengiriman cepat barang kondisi bagus makasih ya,Happy
6475,warnanya lucu lembut kulit proses pesanan cepat,Happy
6476,kecewa banget baunya ga nyoba temen alkohol nyesel banget beli hadeh asli nyesel banget pelajaran aja,Sadness
6477,bagus banget,Love
6478,sepatu nya tdk sesuai pesanan sy seharus nya dikasihnya jdi yg ga muat dipakai nya seharusny pemberitahuan dlu kali teliti gan klo kwalitas nya bagus disayangkan nomer nya aja,Sadness
6479,recomended pelayanan memuaskan respon pengiriman cepat,Love
6480,buruk menanggapi tanggapan pembeli garansi kerusakan menanggapi,Sadness
6481,faaassst baaasst baaaasst baaaaaaaaaaaaaaaaaaaaaaaaaaaaaaass,Love
6482,item dikirim cocok pesanan warna salah harap berhati menanggapi keluhan responsif,Fear
6483,mantap barangnya,Happy
6484,pesen tp stok habis kecewa,Sadness
6485,klaim produknya tdk mengkerut trnyata bbrp dipake korsetnya mengkerut bikin ga nyaman sadd,Sadness
6486,maskernya tdk sesuai harga,Sadness
6487,harga murah fisik diterima sesuai harapan sorotan kesenjangan pembesaran fungsi gaa buruk menanggapi keluhan obrolan penjual internet kepuasan pelanggan temukan keuntungan,Fear
6488,pengiriman super cepat barang bagus recommended seller thanks,Happy
6489,the size of the xl shirt is fine but the pants are not a very small xl clothes can wear pants and not the clothes that are sent on the torn pants in the stitches that were not examined before being sent before they are sent,Sadness
6490,item buruk,Sadness
6491,unboxing barang seminggu dr kota kecewa bgt sy beli barang ditoko tripod cover plastik anti air pas diunboxing yg dikirim tripod aja cover plastiknya emang harga murah gak sebrapa kualitas toko diutamakan gak tau gak teliti sengaja gak dikirim yg costumer udah dirugikan waspada yg belanja online power negativege gak ngejamin trust seller,Fear
6492,pengepakan dijamin aman bubblewrap proses cepat senin malam periksa pagi kirim rabu sore cepat puas terima kasih sukses,Love
6493,brg tdk terima nyasar dimana kurirnya bloon,Anger
6494,trmksh barang sesuai pesanan fungsi normal tingkatkan pelayanan,Happy
6495,ukurannya sesuai bahannya adem produk sesuai foto,Happy
6496,mantapppppppppppp,Love
6497,pengiriman cepat harganya murah kualitas oke diplastik foto dikeluarin plastik pembungkusnya kainnya lembut berukuran mudah dibawa,Happy
6498,shelts bagus diletakkan atasnya sulit dikirim cepat direkomendasikan,Love
6499,elemennya lemah lemah,Anger
6500,barang bagus pengiriman standar packaging rapi,Happy
6501,rusak,Anger
6502,barang sesuai pengiriman cepat makasih,Happy
6503,yg error mulu repot kadang hidupnya susah kalauoun hidup harusbpakai headset mic nya nyala mati,Sadness
6504,kualitas produk memuaskan,Sadness
6505,obatnya cocok doggy yg berjamur sdh beli kali,Love
6506,bocor kebocoran penyamakan diselesaikan,Fear
6507,respond seller cepat pengiriman produk berkualitas mantap banget,Love
6508,beli kemasan paket bintang kon tl,Anger
6509,pdhl tangsa membeli suvenir susu cm lapuk,Anger
6510,barang ori bagus sesuai pesanan packing rapih buble wrap tebel barang aman terkendala jasa pengiriman,Happy
6511,kualitas barang dibanding harga nya lahh pelayanan minus sbgmn layaknya kesombongan raja pengiriman barang seenak jidat produsen consumer goods tata surya wonder nilai valuasi perusahaan turun semoga jeblok gulung tikar kmdn pulang kampung semoga,Anger
6512,barang diterima sesuai pesanan thanks joyko,Happy
6513,miring penyok,Sadness
6514,benih tipis jahitan bagas bs cpt sobek,Sadness
6515,robosta sesuai deskripsi ekstensi,Anger
6516,barang sesuai pesanan tinggal dipake masak deh terima kasih ya,Happy
6517,maaf menjelekan tp uang melayang barang,Fear
6518,udh gak makan kali bnykan sounnya daging ayamnya lmyn gak kliatan sambel ttp enak pcking aman respon cepat,Happy
6519,lapisan preventif kotak kemasan plastik diterima ember jerawat minggu rabu jakarta pembelian toko resmi membeli toko membeli toko penghargaan harganya murah pengepakan toko resmi dihancurkan penghargaan ditutup toko,Anger
6520,kecewa produk sepikiran deskripsi tertulis kader aluminium yg diterima kader plastik tertarik beli deskripsi tertulis aluminium,Sadness
6521,spos cuci piring yg mahal aja,Fear
6522,guntingnya ga paket yg kirimkan,Fear
6523,diphoto penjepit buka tutup pas dikirim nggak,Fear
6524,yg dateng gambarnya ga sesuai,Fear
6525,respon seller pengiriman cepat paket aman produk dicoba blm tau efektif ngga botol aman gak bocor sprayernya bagus thanks lot seller,Happy
6526,janjinya kaleng kaleng orang kaleng kecewa,Sadness
6527,pelayanan memuaskan,Happy
6528,admin menghubungkan jawabannya,Anger
6529,ukuran sesuai tipis mgkn krn warna putih sesuai utk hrg segitu tq selller,Happy
6530,pelayanan penjual nya jelek slow respon banget,Anger
6531,harga segini worth tebal murah detail bahan sorry,Sadness
6532,alhamdulillah barangnya udah nyampe coba bagus semoga awet terima kasih seller kurir tokopedia,Happy
6533,sesuai gambar janggan percaya ama seller penipu kualitas jelek,Anger
6534,nympe,Anger
6535,kecewa ga sesuai ekspektasi gambar yg tangkainya bening nampak kuat yg bener ukuran skitar yg lainya sambungan,Sadness
6536,order ketiga gercep barang oke pelayanan oke,Love
6537,sampe cepet makasihh yahh seneng bangettt,Love
6538,bawaan sesuai kiriman gold d kirim warna putih merk,Anger
6539,dateng beda foto,Fear
6540,menemukan penjual membeli hewan peliharaan menagih,Fear
6541,palsu ya g fungsi kasar memuaskan,Anger
6542,seller sih ok pengiriman cepat barang import cek produksi teliti kepala sapu lepas terkait sempurna coba lem,Fear
6543,tolong perhatikan sblum kirim order cream custard yg cream poundcake,Fear
6544,penjual positif tanggapan cepat pengiriman cepat rapi cacat produk positif diterima sesuai gambar deskripsi penjual direkomendasikan,Love
6545,respons kedatangan siang,Love
6546,innalillahi gan klo jualan yg jujur agan jual kg knp yg dateng yg gw apal bangt kantong kg dah beli ya tagih akherat yaa gan makanan kucing aja paki bohong jualan nya nauzubillah gw belanja toko ngga berkah loo gan rizki nya dg nipu kaya gini biar diterkam loo nnti akherat nya,Anger
6547,pengiriman perlahan seminggu membeli supermarket dibeli langsung,Fear
6548,barangnya original warna sesuai pesanan suara jernih penjualnya ramah banget packaging aman respon penjualnya top,Happy
6549,udah kali beli ngga nyesel banget kualitas udah ya pengirimannya bagus acap packagingnya rapi aman,Love
6550,isi nya gram kg kesel,Anger
6551,kemasan rapih pengiriman cepat semoga cocok,Happy
6552,penyelesaian game menyenangkan game terbaik kalinya membeli dsni aj memuaskan memenuhi esensi penjual komunikatif berkelanjutan memainkan perlindungan hebat pengisian daya terjaga terjaga terjaga terjaga terjaga terjaga terjaga terjaga terjaga terjaga terjaga terjaga elemen aslinya proses pengisian cepat hadiah akrobatik ucapan terima kasih saudara laki membeli dsni langsung menggunakannya mengecewakan markotop perfect perfect terima kasih saudara laki sukses,Love
6553,barang bagus sesuai kemasan murah aman bungkus pesanan berhasil kios bro,Love
6554,barang mencoba permulaan logistik meninggal berkali tegak penjual obrolan menanggapi dana diterima penjual tokopedia membantu keluhan kecewa keluhan diberitahu menunggu diperiksa memeriksa info barang solusinya berbelanja tokopedia bagus penjual pengembalian uang menanggapi barang beli suka membeli barang diperbarui dikirim kesal,Anger
6555,kali prinsip harga berlaku sesuai kualitas pemeriksaan bantal dilepaskan tiang pendukung pusat lanjutan kutub menghubungkan diatur mencoba aspirasi kacang dukungan ponsel dilepaskan proses memasang ponsel ya pertimbangkan amal toko komentar berkomunikasi,Fear
6556,bahan bagus kain melebar elastis,Happy
6557,bahan panas tipis gatal dipakai,Sadness
6558,mmaaaanncccllaaappp,Love
6559,topi bagus membeli ah,Love
6560,sesuai harapan bahan tipis model,Fear
6561,fragmen penipuan,Fear
6562,pakai parit sponnya terpisah lemnya rancak,Sadness
6563,respon toko cepat pengiriman lancar barang dikemas aman mantap thanks,Happy
6564,barang yg dikirim sesuai pesanan salah warna harap teliti lg merespon komplain dgn tanggap,Fear
6565,produk ok packing bagus pengiriman cepat,Happy
6566,barang kemasan,Anger
6567,respon brg tdk sesuai deskripsi tdk solusi tdk respon dr si penjual,Sadness
6568,tipis bgt,Sadness
6569,seller tdk kooperatif menyebalkan,Anger
6570,pengiriman cepat packingan double barang mantab lgsg coba n maknyus top dah,Love
6571,barang salah lensanya tergores ditengahnya,Sadness
6572,emas terbaik,Love
6573,gabisa pakai kcewa dahhh,Sadness
6574,kualitas sesuai harga,Happy
6575,sesuai harga,Happy
6576,mantappsss asli,Love
6577,produk bagus enak dipake nulis,Happy
6578,beli pieces dgn catatan warna yg berbeda dgn warna yg kesemuanya,Sadness
6579,barang dah sesuai pesanan harga murah pengiriman lambat toko nya tutup gak makasih gan,Happy
6580,kekecewaan elemen rusak berorientasi harga murah,Fear
6581,obrolan tangkisan kuota dijanjikan memasuki biut hancur,Anger
6582,mantaaappp langganan,Love
6583,barang tipis tdk setanding dibilang tebal kapok belanja,Fear
6584,kredit elemen,Love
6585,hening donk produk original,Love
6586,jamnya susah faal pake kartu apapun lemah faal jelek bgttt udh komplain gada penyelesaian yg merespons,Anger
6587,terjemahannya jeblok bgt mending beli yg versi inggrisnya aja,Anger
6588,penjual tulus pesanan pengiriman pdhl gojek langsung permintaan informasi suara selamat didukung membeli apel dibayar dibuka elemen aneh selesai membukanya suara muncul pabrik eh dibuka dikirim keesokan harinya membeli elemen apple elemen minimum lengkap boong ya beli,Fear
6589,terpercaya ori fast respond ditunjukan pokoknya best deh recommended banget,Love
6590,nyaman dipakai si ukuran sesuai bahannya tebal bahannya berkualitas empuk jalan modelnya keren motifnya kekinian,Happy
6591,seller komunikatif produk bahannya bagus warnanya jg keren pengiriman instalasi mudah packaging aman box dikasih buble wrap thanks jg bonusnya,Happy
6592,jelek lebar gak bagus jelek copot,Fear
6593,jelek krn kiriman lengkap,Anger
6594,warna sesuai sdh dichat,Fear
6595,pesanan lengkap pcs dikirim,Sadness
6596,kemasan rapih aman barang lengkap n harga terjangkau seller n bang kurir jg ramah mksh utk tokopedia,Happy
6597,elemen penutup plastik cap kantong kopi terbuka aroma kopi kecewa,Sadness
6598,ok,Love
6599,mantap ori,Happy
6600,brg udah ny yg dtng doraemon udah chat sesuai orderan adminny dtngny,Sadness
6601,sampe langsung kreasi seneng bgt pengiriman jg cepat makasih seller,Love
6602,jgn beli seller nya slow response produk beli helm ga dicek qc sblm dikirim helm lecetnya beli goggle osbe kacanya halus masuk pusat resolusi ga kooperatif cek cctv yg ga ceknya yg dicek barang diretur ga mending batal dimana solusi retur refund ga itikad seller udah lapor cs cs terpaku sistem pas udah tuh cs hubungin seller cs toped empatinya msh buruk klo sekelas selebgram cepet ditanganin giliran user alasannya sistem jam transaksi batal dibatalin seller,Fear
6603,tas nya bagus,Sadness
6604,kali kecewa karyawan teh nina lalai liat order pesanan bubble wrap dus paket yg terima bubble wrap dus,Sadness
6605,modelnya keren jahitannya rapi potongannya rapi ukuran sesuai kaku nyaman dipakai bahannya lembut,Happy
6606,ukuran sesuai nyaman dipakai si bahannya berkualitas proses pesanan cepat empuk jalan modelnya keren,Happy
6607,pengiriman teliti barang dikirim,Anger
6608,lumayan ckup bgus sesuai hrga ya agk tipis yg hitam tp bgus semoga gk rembes dpake,Happy
6609,pengisian cepat persis mengirim lensa makro mata ikan sudut lebar lensa makro verifikasi mengirimnya kecewa,Sadness
6610,bagus banget mainan nya suka,Love
6611,tunjang preventif kotak plastik kubis diterima ember mucikari menyaputi toko,Anger
6612,kopi jelek jelek jelek jelek kopi,Sadness
6613,produk original nyaman dipakai dijamin termurah,Happy
6614,direkomendasikan membeli tanggapannya cepat menit harga terbaik ok ok apapun tanggapan wa sabar tunggu panggilan menit menemukan terima kasih puas merekomendasikan,Love
6615,seller komunikatif koperatif harga kompetitif kursi nyaman dipakai wfh harapan semoga barangnya kuat awet,Happy
6616,respons persalinan siang siang malam,Love
6617,buruk pengirimannya lengkap,Anger
6618,buruk parah dikasih sarung tangan latex bekas,Fear
6619,baca komposisi deskripsi minuman mangga rada curiga terjual beli harganya mahal pikir full mangga artificial mangga manis buatan banget ga sehat,Fear
6620,barang lumayan bagus respon penjual cepat,Happy
6621,terimakasih da nyampe,Happy
6622,ukurannya sesuai bahannya adem produk sesuai foto warnanya cantik,Happy
6623,keren ibnu suka,Love
6624,waaah seneng bgt beli peralatan tulis joyko lengkaaap barangnya enak faedah terjangkau sellernya fast respon happy top deh pokoknya,Love
6625,dikirimnya cepat super duper rapih terima kasih,Happy
6626,peasanan cpt smp kemasanya rapi brangnya bagus,Happy
6627,kuning putih gambar kotak,Sadness
6628,bagus sesuai gambar mantapp,Happy
6629,suka bau karet kuat,Fear
6630,barang sesuai deskripsi berfungsi puas dg pelayanan penjual pesanan diproses pick dikomplen bergerak,Fear
6631,celana memasuki kaki anak pesan menaikkan ukurannya,Sadness
6632,peking aman rapi puas,Happy
6633,kemeja lucu bahan bagus menipis toko cepat direkomendasikan,Love
6634,jujur utk harga segini melebihi ekspektasi nyaman jahitan rapi ga yg,Happy
6635,harapan bahan,Fear
6636,bahannya adem enak dipakai modelnya kekinian jahitannya rapi bahan menyerap keringat menerawang,Happy
6637,barang rusak dikirim,Fear
6638,berfungsi packing aman,Happy
6639,bagusss ngga melengahkan packingnya aman kemasan bar,Love
6640,reoderrrrr,Love
6641,ganti mengunakan sirclo packing susu hancur semuapayah kotak rusak,Sadness
6642,kayak pelayanannya,Anger
6643,pengalaman membungkus gelembung,Anger
6644,toko langganan pengiriman cepat terimakasih,Love
6645,ga sesuai gambar kirain kayu kardus,Anger
6646,dikirim cepat wilayar jaksel langsung dipakai den befungsi recomended seller,Love
6647,brg diterima dlm belom dicoba sesuai harapan,Happy
6648,kualitas sisirnya bagus tombolnya mudah diperas bulu mudah dilepaskan,Love
6649,bahan menyerap keringat ringan dipakai,Happy
6650,buku ori sesuai pesanan proses pengiriman cepat dapet harga murah pas bookcarnaval,Happy
6651,kuantitasnya cocok rambut menggelitik mendapatkannya,Fear
6652,ga sesuai cahaya putih cahaya yg hijau,Fear
6653,alhamdulillah jam total downloadnya terbang agan seller sgt responsive adminnya guidance nya clear semoga pmdg boeing release ya,Happy
6654,lemah kuat berdiri utk posisi menunduk jatuh kuat menahan berat hp,Sadness
6655,nyaman dipakai yoga produk sesuai ekspektasi,Happy
6656,lumayan pengguna cuman bayar ongkir ribu pengiriman cepet kualitas harga hp oke ga angin kenceng materialnya harga nya dslr gak rekomen,Fear
6657,harapan sausnya segar baunya kemasannya bagus,Fear
6658,barang pesanan sesuai yg pesan komplain ditanggapi dibales sekedarnya telp diangkat wa gak bales dr nunggu balasan dr agan mending jual aja tu liquid br kali belanja tokopedia nemu seller yg kyak deh belanja deskripsi ditulis jgn isi keterangan kasih random ehhh seller nya yg salah maaf gak mending dikasih nic pesannya nic tp produk seller salah ngirim produk yg dipesan kalo siy kecewa berat belanja krn barang salah kirim taunya susah retur lg liburan sibuk ngurusin cepat kelar sorry to say not recommended seller,Fear
6659,model lumayan kren kecewa batre senternya hnya bertahan skitar jam aja,Sadness
6660,menghubungkan rambut kehilangan kantor uji coba dikunci selotip longgar menguncinya berkembang lengannya bagus mengunci,Fear
6661,pelayanan ga bgt deh pakai ekspedisi gojek instan jam pagi proses toko jam sore,Anger
6662,sepatu ultra boost adidas menempelkannya mencuci rekatkan lengket semoga pembeli lengket sepatu,Fear
6663,paraahh bgt box hipseat tdk sesuai dgn yg pesan box rusak banget kemasan rapih box sdh rusak sblm dikirim maksa dikirim cust bahan nya kasar ga lembut khawatir gak ori walopun lg promo tp tolong diberesin pengemasan nya salah box gimana sih,Fear
6664,yg pakai aica aibon,Fear
6665,produk layak dimakan jamuran pcs tulisan expired date harap qc ulang produk makanannya layak dimakan konsumen,Fear
6666,selamat,Happy
6667,barang diterima kondisi rusak dialami pembeli dikeluhkan penolakan penjual tokopedia memediasi sayangnya situasi mudah mengirim barang direkomendasikan toko cenderung dipercaya,Fear
6668,produk asli nyaman pembelian puas kesuksesan,Love
6669,berfungsi charge padahl beli,Fear
6670,ukuran sesuai modelnya cantik bahannya adem istri suka banget,Love
6671,warnanya sesuai gambar overall bagus,Happy
6672,kerennn objek hp korea daim,Love
6673,barang sesuai gambar sipp,Happy
6674,barang rusak pemakaian normal kirim barang nya penjual masuk garansi toko service kejelasan kasih bintang terima barang nya keaadaan normal berfungsi,Fear
6675,respon cepat produk cepat,Happy
6676,mantaaff,Love
6677,pesen lapis dikasih selapis untung aja visornya aman amsyong,Anger
6678,murah tp murahan produk reject nya jahitan berantakan sol longgar rapih pengiriman reschedule pending suka hati penjual alasan yg packaging rapih anehnya foto upload,Fear
6679,pengatur topinya plastik gampang putus,Fear
6680,packing bubble ok kualitas barang sesuai harga makasih gan,Happy
6681,material packaging nya bagus rapih halaman bukunya kelewat halaman yg buku buku buku bacanya alih alih bingung ga nyaman,Sadness
6682,kerenn data ponsel korea langsung,Love
6683,gagang tlp ny patah,Fear
6684,mantaappp sekaliii seller gercep babgett barang cepet sampee nii kencang nyaman aman aktivitas dijamin termurah,Love
6685,barang sesuai dijual terima,Sadness
6686,bangkai yg sdh pd mati semuanyaaa,Fear
6687,sy apes diorderan keberapa penjual ramah pelanggan,Sadness
6688,kecewa item kotak dibuka memecahkan botol pecah tersisa,Sadness
6689,barang jelek patah diisi gas bocor,Anger
6690,jahitan pas kancing celana kuat sorry jujur,Sadness
6691,beli kotak isi total buah pie buah pie jamuran paket langsung dibuka diantar kurir expire date coba cek ulasan pembeli mengalami kendala pie berjamur jelek kontrol kualitas pie susu kasian reputasi toko ikutan rusak produk dijaga reputasinya pemilik produk maaf ya kaka penjual ulasan jujur produsen produk memperbaiki kontrol kualitas produknya,Fear
6692,recomanded harga promo tp mahal toko sebelah lapak online nya official store mempermainkan harga monopoli tokopedia,Fear
6693,pengirimannya cepat besok langsung nggak expect sebenernya baguus bahannya lembut banget gelap oke nutup mata gelnya kirain gaada hehe overall worth siih first baguus,Happy
6694,seller jujur pengiriman super pdhl pesen gojek instant pemesanan info suara hello krn ketekan pdhl beli apple ga bs ketekan dibuka sdh blg ga barang yg aneh blm dibuka tp bs suara muncul dr factorynya eh gak kunjung dikirim tp bilangnya udh dikirim ditunggu smp batterynya habis dikirim keesokan harinya dipikir ga beli barang apple barang apple dikasih batt minimal bgt dr full ga bs nyala hehe boongin yahh udh beli aja,Fear
6695,pelayanan sangan gak oke,Anger
6696,barang dateng pake kurir toko unboxing trnyt ad ampe besi ny keliatan sesuai foto yg ambil dlm chat dgn owner ad pertanggung jwban chat sy cm read dr smnjk kmrn mlm april jam mlm smpe skg tgl april jam,Anger
6697,kecewa th anakku umur bln gk muat kain gk halus gk melar tipis kecewa pokoknya,Sadness
6698,baguuuus sisir halus mencoba menggunakannya bulu,Love
6699,ikan betta sehat menyesuaikan air sirip ekor akuarium,Love
6700,cacat gaming,Anger
6701,pengirimannya banget,Anger
6702,barangny persis gambar sesuai dg pesanan,Happy
6703,barang kondisi diterima aman saran aja mohon cepat proses kirim nya klo chat jgn respon nya tks,Happy
6704,alhamdulillah repeat order free ongkir enak harga murah pastinya gurih mantap krupuknya,Love
6705,proses pengirimannya cepat warna sesuai pesanan hitam doff doffnya yg jd nga sesuai ekspektasi deh,Sadness
6706,gampang muat buku enak baca packaging aman packaging rapi,Happy
6707,maaf menjelekan tp uang membabi buta muatan,Fear
6708,dibuka ditutup patah kualitas jelek banget,Sadness
6709,kaleng penyok,Sadness
6710,barang aman pengiriman pulau review pemakaian kualitas ngagetin range harga segini beli diskon tombolnya tactile analognya responsif sensitif clicky trigger bumper enak dipencet linear triggernya beneran fungsi ga nama rumble getarnya fitur tambahan bagus build qualitynya premium ga kopong body doff finish enak dipegang kabelnya braided layoutnya lumayan lebar sulit tangannya sayangnya terbaik jempol lu pake karna pinggirannya tajem bentuknya salib rada renggang serong jempol lu sakit kalo terusan mencet prinegativei pakai controller main game gelut gitu ga nyesel beli range harganya kualitasnya tetep ngangetin setara controller konsol ori recommended product,Love
6711,nyaman dipakai enak sih dipakai kantong ngebantu banget nyimpen hape,Happy
6712,bahannya katun adem,Sadness
6713,permintaan sempurna melanggar pengisian pengepakannya,Fear
6714,proses pembelian pengiriman admin aaaaaaaaa respons lambat sopan toko,Anger
6715,barangnya bagus penjual menjengkelkan,Fear
6716,kecewa tokonya,Sadness
6717,cepat meresap packaging bocor pengiriman jg cepat beli ntn live tokped thanks seller,Happy
6718,warna putih hitam periodik ditukar smal putih surat menahan boong salah,Anger
6719,mainannya mujur,Love
6720,ampun dah packing terasal yg gua terima klu patah gimana awas aja isinya rusak pas gua pake ya,Fear
6721,beli rencana nya jaga jaga kalo salah nya rusak eh bener aja nya gak nyolok stik ps sempurna converter nya retur produk udah kadung males penjual kirim barang tolong qc maksimal,Sadness
6722,warna coklat dikirim hitam bilangnya ready,Sadness
6723,top seller responsif btgg jwb,Happy
6724,bermain mc online teman penjualnya panduan,Love
6725,barang cacat beli satunya cacat,Anger
6726,roda perbaiki default terpanjang tokopedia mengobati pembungkusnya ok terima kasih dsini,Anger
6727,barangnya bagus sesuai deskripsi,Happy
6728,ga amanah,Anger
6729,packaging aman bagus barang sesuai deskripsi,Happy
6730,toko terbaik keluarga ulang mencetaknya keluarga ulang,Love
6731,amnesti kecewa pengguna farhampton membeli isi penguji tester farhampton jatuh cinta samad membeli ketahanan proyek penguji aroma jatuh cinta tester aroma,Sadness
6732,barang sesuai,Happy
6733,packaging aman barang berfungsi,Happy
6734,pesanan diproses cepat sayang filternya gak saring kotoran semburan air nya mantep tujuan beli saring kotoran,Sadness
6735,dipake eh lampunya mati sedih dah,Fear
6736,barang,Happy
6737,piyamanya bagus beli x harga murah pengiriman cepat seller rekomendasi,Love
6738,bahan halus ketebalan batik motif keren kalo respon chatnya responsif,Happy
6739,layanan,Anger
6740,barang dipacking aman dpt hrga promo lg thanks seller,Happy
6741,ori harga sesuai kualitas ya bahan plastik dikasih keterangan deskripsi,Fear
6742,barang sesuai gambar original kaitan plastik gambar kaitan,Fear
6743,pengiriman banget dough nya jelek banget ga lentur ga,Anger
6744,respon cepat kiriman cepat barang sesuai recommended seller,Love
6745,penipuan bagasi yg dikirim hvs sadar pesanan selesai komplain penjual yg pesan toko thx,Fear
6746,elemen printer dikirim direktur rusak online menanggapi obrolan klaim garansi,Fear
6747,barang cepeeet banget terima kasih top bgt,Love
6748,sabun lezat berolahraga,Love
6749,pesan yg parah,Anger
6750,respon seller catnya berbau warnanya sesuai order cheese cruse pakingnya semoga pas diaplikasikan mengecewakan hasilnya gosend nya terima kasih,Happy
6751,sejujurnya barang rusak dikirim dikirim salah membukanya video unboxing overall mengecewakan toko catatan silakan periksa barang mengirim barang mengirimkannya,Anger
6752,tokonya songgong brg lapuk dibebanin konsumen ngak jd penjual kalo bubble dibebankan pembeli,Anger
6753,barangnya terima pecah sudut posisi dilapis gabus pelindungnya loh berasumsi barangnya pecah dikirim ekspedisi sayang lupa videokan unboxing,Sadness
6754,maaf kekecewaan pengguna fahhampton membeli isi tes tester farhampton jatuh cinta langsung membeli berbelok hak bertahan hidup proyek pemeriksa baunya jatuh cinta tes aroma,Sadness
6755,produk laba kemasan buruk layak penyok kotak,Fear
6756,salah kirim barang sesuai diskripsi,Fear
6757,packaging nya ga safe mie nya remuk shipping nya bgt proses nya asli parah,Fear
6758,itemnya bagus tombol klik praktis,Love
6759,layanan,Anger
6760,dikirim lilin nya sdh beli,Fear
6761,layanan,Anger
6762,jenis yg made china yg bahannya jelek,Anger
6763,barang dikirim sesuai dipesan,Fear
6764,produk sesuai harga terjangkau kualitas admin ramah responsif pengiriman mencoba pengiriman barang pengemasan pembeli rumah aman terima kasih,Love
6765,pas beli nanya tipe macbook pro variasi nya penjualnya pro pas dateng casing kekecilan salah tipe penjual pake alesan gamau tanggung salah ya yg ngejual kecewa gamau beli ga tanggung,Sadness
6766,udh top nian beli johar oriannya langganan pokonya,Love
6767,first time beli gak pake ragu pokoknya worth banget,Love
6768,pengiriman susut respon penjual jg susut ah kapok pesen ambil untung doang ndak tau terima beban,Anger
6769,memiliki layanan menyerah,Fear
6770,packaging aman banget proses cepet thankyou,Happy
6771,barang diterima packing rapi sesuai deskripsi jahitan rapi kaki tp probs,Happy
6772,barang sesuai warna mesan hitam kasih warna brown transmisi tp barang oke,Fear
6773,maaf tinjau tanggapan penjual produk bagus harganya murah direkomendasikan,Love
6774,item setara deskripsi sentuhan menghadapi rekomendasi halus lembut lembut bwt mantab jantan,Love
6775,kali tolong cek bungkus,Fear
6776,bru dipake udh robek trus kek warna kuning gituu ngga deh,Fear
6777,kecewa gw belanja gak amanah seller nya gw pesen yg kirim gak sih harga nya gak jujur yg jual nya moga berkah aja dah lu dagang hasil gak jujur,Sadness
6778,kecewa belanja response lambat order instant courier kirim besok nya sore aduuuuh official store pelayanan nya kayak gini recomended deh,Fear
6779,ndak muat mesin cuci elextrolux overal bhanya bagus kontra uap,Fear
6780,toko bodoh dikemas dikemas barang rusak sesuai tujuan beli toko bodoh membeli kipas mini usb memesan item toko hasilnya hasilnya hasilnya rumah rumah pengembalian uang pengembalian uang penggemar fleksibilitas pembatalan bodoh pelanggan berpikir berkali berbelanja toko bodoh kecewa membelinya terima kasih,Anger
6781,bagus packing aman,Happy
6782,puaass belanja seller,Happy
6783,maaf pembelian yg kali nya kecewa pesan x dus isi kirim dus isi jd,Sadness
6784,terbaik sihhh iniii pesanan ny superr cpt sampe nya proses ny cpt bgtttt br psen hr bsk ny ud sampe pengemasan amann bgt ya thx seller kurir,Love
6785,alhamdulillah barang dipakai semoga berfungsi awet kurirnya smoga rezekinya lancar,Happy
6786,wanginya ga sesuai tekad kaya bacin ikan teri,Anger
6787,proses,Anger
6788,sandalnya licin anak kepleset jalan pakai sandal bawahnya licin,Sadness
6789,silica gel nya lembab packing rapat rapih packing rapat,Fear
6790,qualitynya josss pertahankan,Love
6791,case kardusnya dah robek box nya bekas karat strip led,Sadness
6792,mantap awet ya barangnya sesuai gambar packingnya aman produk sesuai deskripsi,Happy
6793,alhamdulillah barang diterima pengemasan ceria sesuai pesanan mie lezat varian laksa singapura,Love
6794,pesan buah xxxl ukuran lingkar dada cm yg cm bos ukurannya kepake lap motor aja mah,Anger
6795,paket aman tq gan,Happy
6796,beli twinpack kirim cm harap bertanggung membayar harga kembar,Fear
6797,orangnya ramah voucher dikirim via email gak transfer langsung dikirim mantap gan makasih ya langganan nih,Love
6798,beli benih telepon toko barang memiliki penggantian murah,Anger
6799,proses cepat jahitan rapih,Happy
6800,pesen warna merah yg dateng warna hitam udaj testimoni chat,Sadness
6801,memesan posisi rumah bentaru selatan jakarta bekasi seller pengemudi gojek mengambil jalan alternatif hellowwww surat cepat tarif sepeda motor internet rumah rumah penjual silakan penjual barang dikirim langsung surat cepat mengambil,Anger
6802,pengiriman bagus langganan,Love
6803,pengiriman lambat seminggu membutuhkan cepat beli supermarket langsung,Fear
6804,pesanan aman pengirimannya cepet seller responsif bukunya gak tebel thanks seller bukunya sampe aman sayang aja gak kebagian bookmarks nya periplus pdhl belanja,Happy
6805,spray tdk padu gambar semprotannya spt mainan pistol aja,Fear
6806,motifsuuuu bagus bagus pengisian daya,Love
6807,obrolan balasan kuota dijanjikan memasuki parah hancur,Anger
6808,penjualan obeng magnetik obeng magnetik sulit gaya hidup alat sepenuhnya lengkap,Sadness
6809,pesan warna mustard sesuai,Fear
6810,barang berfungsi semoga awet,Happy
6811,yg kuasnya diangkat patah brushnya nyemplung mohon dicek sblm dikirim,Fear
6812,kualitas barang mengecewakan,Sadness
6813,lem kualitas lambat aibon,Anger
6814,produk sesuai harga terjangkau kualitas admin ramah responsif pengiriman mencoba pengiriman barang pengemasan pembeli rumah aman terima kasih,Love
6815,beli kemasan paket bintang kon tl,Anger
6816,barangnya yg sobek diujung nya dinyalakan,Sadness
6817,barang rusak dikirim,Anger
6818,recommend banget beli respon cepet banget ga itungan menit dikasih best price batasan ok apapun respon sampe kasih wa sabar banget tungguin sampe ok call sampe menit ketemu yg thanks banget ya enak banget recommend banget,Love
6819,sy pesan warna merah metalik tp dikirim hitam dikirim sy sdh chat penjual,Fear
6820,minggu diperintahkan rabu permintaan informasi permintaannya sempurna pengaturan selasa konfirmasi unduhan bertanggung,Anger
6821,barangnya udh sampe suka banget dompetnya bahannya jga bagus semoga aweeettt bagus bgt kualitas produk bagus desainnya cantik warnanya cantik jahitan rapi bahannya lembut,Happy
6822,kecewa kualitas barangnya kualitas stainles steelnya sih oke batang penyangga panjangnya disambung kualitas mur rendah mudah bengkok patah alhasil jemuran dirakit,Sadness
6823,packaging diperbaiki bebauan tumpah,Fear
6824,rusak,Anger
6825,maaf tinjau respons penjual produk bagus harganya murah direkomendasikan,Love
6826,sesuai ekspektasi sih auto belajar triumph,Happy
6827,kekecewaan melayani toko menyesali toko paket paket paket menjejak tujuan disarankan pembeli muatan bertanggung,Sadness
6828,memesan safee aman murah rusak menerima,Love
6829,bintang proses nya yg lambat beban nya pesan kamis pake pengiriman beban minggu siang kenistaan kurir status proses nya dr kamis sabtu malam samapi kurir info apapun dr seller baca kebijakan terlambat covid toleransi tp dr kamis minggu brp ya,Anger
6830,kompak owner admin perhatikan stock barang kecewakan konsumen terima kasih,Fear
6831,jelek banget,Anger
6832,muatan nya sampe buku bukunya mahal kurangin suka banget bukunya aka beli buku rompak kasih,Love
6833,memesan kurir instan posisi rumah bintaro jakarta selatan kurir bekasi penjual sopir taksi sepeda motor mengambil jalan alternatif helllooowwww kurir taksi sepeda motor online rumah membawa orang tuanya membawa orang tuanya orang tuanya kurir taksi sepeda motor online rumah dibawa membawa orang tuanya membawa orang tuanyanya courier taksi sepeda motor online rumah dibawa membawa orang tuanya dibawanya membawa orang tuanyanya courier taksi sepeda motor online rumah dibawa membawa orang tuanya dibawanya membawa orang tuanyanya kurir taksi sepeda motor online rumah dibawa membawa orang tuanya dibawanya membawa orang tuanya penjual pastikan barang langsung dikirimkan kurir mengambil kurir instan melepaskan tangan memesan kurir instan pertahankan kualitas makanan dipelihara rumah segel ketat,Anger
6834,barang rusak seminggu respon penjual busuk cagar chat dibalas cagar bohong pikir lg deh klo beli,Fear
6835,wanginya bikin enek pusing,Sadness
6836,sory yah pesanan ga sesuai xxl deskrisi lebar yg lebar nda muat boss,Anger
6837,gonta ganti main ga beli yg ratusan ribu mending belanja dapur proses delivery cepet mantab,Happy
6838,faaassst baaasst baaaasst baaaaaaaaaaaaaaaaaaaaaaaaaaaaaaass,Love
6839,mantap proses pengiriman cepat pokonya puas dah gitu aja,Love
6840,kirimnya yg hidden yg kaki kecewa,Sadness
6841,barang lusuh barang bekas cacat bodi segel original beli agen online resminya kecewa,Sadness
6842,kecewa membeli lgsg dibayar agustus september beban menerima keluhan minggu tanggal pesanan sabar batasan menyelesaikannya,Anger
6843,kakananya ramah cepat menanggapi terima kasih,Love
6844,pengiriman cepat sesuai estimasi toko barangnya ok sesuai specs mengecewakan,Happy
6845,semprot sesuai gambar semprot mainan pistol,Fear
6846,sih asli mengecewakan udah beli tp gini,Sadness
6847,selamat siang bos menerima diinstal diinstal mencoba mengemas rapi aman produk stabil markotop teratas layanannya toko disarankan terima kasih,Love
6848,mengecewakan pesen yg dateng celana stret renang engga pakai engga lgi bli toko,Sadness
6849,sayang banget ditukar resleting aus negative quality belas kasihan kecewa,Sadness
6850,produk goresan ga rapi kotoran pinggirannya orderan kunjung smpe,Fear
6851,fast response sponge nya bagus sisinya kasar material produk bagus,Happy
6852,disuruh cek kirim barang rusak dikirim mantap tobat beli amanah,Anger
6853,ayu kuteknya pengiriman respon penjual okey nyesel pesan next time peraturan thx,Love
6854,emang suka dg efek adem pakai sabun sdg promo beli brg terbungkus rapi dg bubble wrap aman diterima,Love
6855,gelembung pengisian,Anger
6856,itemnya rongsok lekas rusak tali dilepaskan,Anger
6857,kekecewaan mengirim elemen rusak cenderung harga murah,Fear
6858,kesan warna merah warna hitam menekankan obrolan,Sadness
6859,barang sampe trus dicoba nya bagus logistik nya mati udah dicoba berkali kali ga tegak seller chat respon dana diterima seller tokopedia ga bantu komplain kecewa komplain disuruh nunggu cek dicek ga duluan kasih info barang yg duluan penyelesaian nya belanja tokopedia kena seller ga bagus refund ga ditanggapi barang ga tau kemana diapain beli kayak beli barang refurbish yg ga dikirim dikirim menyebalkan,Anger
6860,buruk,Anger
6861,diskon nya nipu muatan nya selaras erti,Fear
6862,layanan cs mengecewakan,Sadness
6863,bahannya jelek kualitasnya jelek brp menit rusak,Anger
6864,sesuai ekpetasi,Sadness
6865,mudah pemasangannya,Happy
6866,cepet banget pengirimannya pengemasannya cepat plastik bubble yg tebel banget jd aman,Happy
6867,bagus angin nya kuat kebiasa ama getarannya doang kuat,Happy
6868,barang sdh terima dgn selamat barang nya muantaaap berkembang toko nya,Happy
6869,harga kualitas konstruksi bahan tubuhnya bahan plastik kuat menghentikan beban ponsel kadang wanita hamil triglika turun ponsel melengkung a gunung patah kaki gambar letakkan daftar daftar pemegang merek pembawa virtual bagus,Sadness
6870,paket cepat bagus danrapih trimakasih bagus ukuran sesuai jahitannya rapi,Happy
6871,warna sesuai pesenan,Sadness
6872,kue nya pas dateng dicoba asem kue uda komplain penjual bilang nya dikonsumsi dimakan tanggung,Fear
6873,mantul recomanded,Happy
6874,standarnya sesuai pengiriman emas alih mengirim merek putih,Anger
6875,barang sesuai deskripsipenjual ramah fast respon,Happy
6876,pesannya cappucino datengnya ungu tua aduuhhhh bngat kali belanja udah mengecewakan,Sadness
6877,buruk,Anger
6878,kecewa robot nya lemot kyaxnya yg kw ny ga dah blanja,Fear
6879,produk original ban hitam mantap bahanya kuat ban,Love
6880,sesuai order modelnya bagus nyaman cepat aman,Happy
6881,kualitas bagus pengirman cepat pelayanan terima kasih,Happy
6882,pangsa mulus incaran toko terpercaya mantab,Love
6883,aneh penjual lapisan lapisan gulungan gelembung gulungan penjual menjual gelembung menjual vga ya,Fear
6884,yg dikirim botol tdk padu photo produk,Sadness
6885,sdh order harga murah pengemasan super aman yg rusak sy terima,Love
6886,transfer jam barang nyampe cepat bat ya harga go send sdikit rada mahal recommended seller nih gaes makasih ya sis semoga diskon d,Happy
6887,beli antaran tgl komplet mengeluh tanggal kerusakan,Anger
6888,barang deskripsi kulit wajah so clean soft soft soft bwt mantabs,Love
6889,parahhhhh kecewa bgt bilang bahan yg tebel tpi tipis murahan pesanan kali nilainya hasilnya jelek bgtttt jgn pesen toko parah bgtttttttttttttttttttttttttttttttttt,Anger
6890,palsu ya g berfungsi bahan kasar sakit kalo dipakai,Anger
6891,produk top markotop bangeet deh promo ikan sehat cantik cantik delivery cepat seller recommended banget,Love
6892,langsung merobek bahan tipis pengiriman obrolan bls disarankan,Fear
6893,pengalaman membungkus gelembung,Anger
6894,wow sampay tanggapan sm kerugian pilih,Fear
6895,penjual ramah barangnya tertib sesuai dgn pesanan packing cegak cmn pesan,Love
6896,lampu berfungsi mestinya berganti warna dimatikan mengeklik tombol dpi memakai software warna merah menyakitkan mata mouse ribu mengirim pesan seller respon jam terpaksa kasih bintang kali membeli produk aula kecewa pengguna gear aula,Sadness
6897,orangnya voucher dikirim via email gak transfer langsung dikirim mantap gan makasih setuju langganan nih,Love
6898,pembelian seller responsif pengemasan barang bubble wrap kotak kualitas kimchi segar enak overall good job,Happy
6899,barang pesan dateng bayar harga yg dateng makasih ga ush dibuktikan cek aja pengeluaran barang nya cek pembeli jgn pembeli unboxing ga quota,Anger
6900,licin pembelian sekian bagus warna sesuai gambar,Happy
6901,recommended seller,Love
6902,kecewa parah,Sadness
6903,hasilnya tahan desainnya mewah,Happy
6904,barang diproses mengajukan pembatalan salah barang alhasil cocok jerawatan pake produk,Fear
6905,dudukan tatakan kompornya diterima patah tukang las benerin lg duit lg,Sadness
6906,yg bener gan klo ngasih beban expirenya masak sebulan gak bagas yg bulukan gitu,Anger
6907,toko bodoh dikemas dikemas barang rongsok sesuai tujuan beli toko bodoh membeli kipas mini usb memesan item hasil hasil hasil paket rumah pengembalian uang pengembalian uang mini uang penggemar pembatalan bodoh harap pelanggan berpikir berkali anak sungai berbelanja toko bodoh kecewa membelinya terima kasih,Anger
6908,kecewa si packing nya ga bagus ga kasih bubble wrap tulis note pemesanan,Sadness
6909,barang dikirim penjual janji dikirim memesan pesanan kekurangan penipu penjual,Anger
6910,segel beda segel sein yg seller paham instruksi barang repack,Fear
6911,mc deskripsi iklan paket yg terima charger plus adapter micro sd tulisan happy box komplen terlanjur klik terima barang komplen mc barang ujungnya disangka ga terima,Fear
6912,kualitas membangun retak air retakan air optimal,Fear
6913,sesuai urutan permintaan,Fear
6914,teratas membeli juara orian berlangganan pokonya,Love
6915,muatan nya sampe buku bukunya lambat kurangin suka banget bukunya aka beli buku rompak,Love
6916,original mantappss,Love
6917,barang lengkap coba kirim video unboxing ga nomer wa email kirim videonya balas email tokopedia balas barang nya pakai lengkap gambar tertera free,Fear
6918,awawarna sdh bbrp selokan cuci,Sadness
6919,mantep bgt pokoknya bagus bola nya warna warni gak penyok bagus deh anak suka,Love
6920,bagus pesanan harap bagus,Love
6921,tutupnya beli murah tp gabisa dibawa kemana karna beban rusak,Sadness
6922,barang sesuai pesanan kualitas diragukan berulang kali ngecatnya harga bersaing semoga awet,Happy
6923,barang ga tp pesanan diselesaikan otomatis,Sadness
6924,rekomended seller barang sesuai deskripsi tingga dicoba niceee,Love
6925,gan ps nya udah tombol hijaunya merah trus mati,Fear
6926,masyaaallah bagusss muraaahhhh ragu order mukenah asli sd survey bbrp seller offline n online murah harganya barang dg yg diluaran yg harga ragu beli ditoko ya,Love
6927,pokok dekrit,Fear
6928,kurma medjol palestine emang fave bgtt legit ga trllu manis bijinya keciiil dagingnya jumbo cocok utk ibukku yg diabetes tp beli makasi ya ka pengiriman cpt aja makasi jg tokped dah gratis ongkir semoga allah swt memberkahi,Love
6929,pas ky bau tape basi ga ky yg pesan kynya rusak,Anger
6930,beli kotak bahan ancaman plastik berbeda terbuka dicampur,Fear
6931,penguncinya baris muat baris baris gak penguncinya gak kepake yng baris kardus utuh kayaknya lengkap pas nyiapkan kadung klik tetima mohon kali cek teliti kirim,Fear
6932,zonk packaging bottle zonk bgt,Anger
6933,lilin saudara lelaki lilin sultan,Love
6934,pengiriman cepat packing aman respon penjual harga oke lg promo terima kasih,Happy
6935,yg bentuk ikan eee diksh yg bentuk donat kucing sy gak yg bentuk donat kecewa sy,Sadness
6936,barang cocok paket recommended,Love
6937,zonk packaging bottle zonk bgt,Anger
6938,lumayan bagus isi bahanny karet lentur banget pas banget tangan,Happy
6939,baterai pabrik,Sadness
6940,bagus barang nya,Happy
6941,ok resletingnya ga dibuka gerigi resletingnya rusak,Sadness
6942,main mc online bareng temen sellernya ngasih panduannya banget mantab pokoknya,Love
6943,sesuai,Fear
6944,dipakai redmi laptop sesuai harapan,Sadness
6945,silicone protektor jelek ditekuk mudah jatah robek kualitas lamo sebagus bayangkan kualitas philips,Anger
6946,mungil dng murahh terjangkau pas dng kebutuhan,Happy
6947,pesanan dikirim,Anger
6948,aktual nya barang diterima order alamat penerima,Fear
6949,kerennn data hp korea langsung,Love
6950,kebocoran pabrik terdekat isolasi cairan berguna botol aman,Anger
6951,nyaman bagus udah turun size l yg kmren beli yg size l mamaku yg pake nyaman jg thanks mamaway,Happy
6952,elemen sesuai deskripsi tebal mukena disarankan,Love
6953,penjual responsif gercep spidol ga nyata langsung dikirim thank u muchh,Happy
6954,jualan ngotottt nggak aktivitas toko nya mas,Anger
6955,pisang isinya nyeesel,Fear
6956,desain mewah warna indah ukurannya nyaman memakai produk sesuai gambar produk kemasan asli asli,Love
6957,kecewa layak jual,Sadness
6958,barangnya bagus lucu semoga versi besarnya anak kelas sd gitu hehehe,Love
6959,barangnya original harga murah pengiriman cepat terimakasih tokopedia terimakasih seller terimakasih kurir semoga sehat dijauhkan dr virus cepat sembuh indonesiaku love ya,Love
6960,perintah dikirim,Anger
6961,alhamdulillah beban berguna membeli bawaan prosesnya,Love
6962,disarankan pembeli membeli pengepakan tambahan sisa kertas oke cacat harga terjangkau terjangkau,Love
6963,susah bikinnya ga ngerti ribet packing yg lecek robek kertasnya setuju abang,Anger
6964,kartu terdeteksi jam gk cocok cari yutube tutorial gk nyesel deh beli,Fear
6965,ko ga menunjang barah nambah,Sadness
6966,pokoknya top bintang yg bicara,Love
6967,baterai rusak bilang menelepon pemasaran menunggu minggu kelanjutan,Anger
6968,bagus mudah mudahan awet,Happy
6969,kualitas product bagus material bagus recomended harga terjangkau,Happy
6970,bagusss gambarnya dicoba topup dr nfc handphone thanks seller,Love
6971,jujur lumayan kecewa banget claim wangi mint eucalyptus kebayang wangi kyk minyak kayu putih gitu pas ga wangi mint eucalyptusnya mmng idung ak salah cium wanginya bikin eneg pusing nyegerin kayak minuak kayu putih ga dapet free pouch,Sadness
6972,bgt teratas,Love
6973,penyelesaian game menyenangkan game terbaik kalinya membeli dsni aj memuaskan memenuhi esensi penjual komunikatif berkelanjutan memainkan perlindungan hebat pengisian daya terjaga terjaga terjaga terjaga terjaga terjaga terjaga terjaga terjaga terjaga terjaga terjaga elemen aslinya proses pengisian cepat hadiah akrobatik ucapan terima kasih saudara laki membeli dsni langsung menggunakannya mengecewakan markotop perfect perfect terima kasih saudara laki sukses,Love
6974,gak enak kuah nya kentel bnyakin air asrep gak karuan pokok nya pretttt,Anger
6975,item gantinya doraemon setara obrolan,Sadness
6976,membandel prosesnya semoga pelajaram team logitech,Fear
6977,brg dtg kondisi stick nya ga ok penjual ga periksa dl yak trus tukar tp ga mao tanggung ongkir nya donk emg penjual ga mao rugi ya mao ga mao byr uang xtra utk ongkir tukar stick smoga kedepannya bs lbh,Fear
6978,elemennya lemah,Anger
6979,warna permintaan,Anger
6980,pengiriman cepat persis dikirim lensa makro usul ikan faset lebar lensa makro periksa dikirim kecewa,Sadness
6981,barang sesuai gambar mantul cepat nyampe puas banget,Love
6982,sesuai harganya build quality nya bagus material tampan nya plastik kuat nahan beban hp yg kadang membuaikan tripod nya hp nya posisi nunduk pemakaian kayu mount nya patah note foto pasangin tripod nya dgn holder merek holder bawaannya bagus,Sadness
6983,produk sesuai harga terjangkau kualitas bagus adminnya ramah responsif kendala pengiriman usahain pengiriman semoga barangnya rumah pembeli packingnya aman bangett makasih banyakk,Love
6984,proses pengiriman mengecewakan customer tdk dibantu penjual merespon so sad,Sadness
6985,lucuuu banget gambarnya bahannya tipis ya gapapa biar adem thanks seller,Love
6986,barang sesuai pesanan free sticker lucu packing aman tp barang mulus cacat tp bnyk debu ny jd bersihin lg bersih,Happy
6987,kecewa bangett beli lgsg bayar tanggal agustus skrg tanggal september barang diterima complaint minggu dr tanggal pemesanan krn sabar dipikir kendala skrg udh sebulan dibilang follow status pesanan yg complaint selesai ngga paham jdnya gimana penyelesaiannya,Anger
6988,barangnya ga,Fear
6989,bagus kokoh sellernya ramah beut eyyy puas deh repurchase,Love
6990,pelayanan toko buruk order laptop barangnya laptop nya ga nyala habis berusaha solusi seller seller respon seadanya menawarkan solusi lamban mikir respondnya banget terpaksa ajukan komplain komplain seller ga diskusi respon kendalanya dicuekin jangka habis dana refund yg baca ulasan anjurkan utk order toko tergoda tittle official store nyata nya pelayanan toko ga merchant harga ga murah,Fear
6991,harga bersaing barang sesuai pesanan nambah extra packing kardus bubble wrap barang aman selamat alhamdulillaah sengaja beli tujuan mungut sampah puntung rokok seller seller tes berhasil mungut sampah puntung rokok memakainya mudah lumayan ya beratnya kalo megangnya pegel hehe anyways terima kasih ya seller,Love
6992,uglykkk,Anger
6993,barang rusak adi charge sehinga dipakai respon penjual lambat kecewa sbgi pembeli,Anger
6994,bad admin opportunity lost pesanan tp diabaikan admin jd perhatian manajemen wingsfood,Fear
6995,disayangkan pelayanannya buruk barang sdh seminggu lbh statusnya menunggu kurir pick pembungkusnya jg tdk layak pembalut wanita dibungkus plastik transparan box mengecewakan,Sadness
6996,bagasi yg dikirim gk setimbang modelnya,Anger
6997,flash disk selamat pengepakannya aman permainan aman dimainkan pikir bonus permainan dalamnya terima kasih sis kelengkapan permainan,Love
6998,proses pesanan cepat packaging aman packaging rapi hasilnya matte aplikator mudah dipakai thank beli lg ah warna,Happy
6999,produk layanan bagus terpercaya,Happy
7000,nga lengket sepatu lem nya kayak nya lem ubu repack,Anger
7001,kecewa kualitasnya,Sadness
7002,elemen sesuai gambar layak harga murah,Fear
7003,belanja official store posisi barang diterima sampah barang rongsokan terima,Anger
7004,roda permintaan diatur tokopedia terima kasih dsini,Anger
7005,cakep beneran pas anak aq sesuai umur next order lagee,Love
7006,barang mendarat original sesuai deskripsi kemasan rapi seller ramah fast respon pengiriman cepat pokok nya recomended dah makasih tokopedia makasih admin,Love
7007,pesan yg dtg pink yakali pake pink kalo mmg abu abu habis loh fitur chat peneguhan pembeli bersedia ganti warna kardus rusak barang dijual penjual maaf kesalahan yg solusi kekeliruan yg penjual prosesnya banget beli jumat pagi diproses senin alasannya sabtu minggu libur kayak pns ya barangnya gak tersebar banget sakit kalo dipake panggul kesimpulannya not recommended seller at all,Anger
7008,toko toko mati,Fear
7009,positive seller fast respon fast delivery rapih nista positive product diterima sependapat gambar deskripsi recommeded seller,Love
7010,beli nano spray barang bagus kembalikan toko tukar toko ditukar barang barangnya jeleknya tukar merk mixio lihat gambar toko barangnya murah mixio bagus beli menambah uang barang dikirim kesaya mixio tau barang type kecewa sisa uang dikembalikan toko chating sepatah sepatah penjelasan bagainana nasib sisa pembelian mengirim mixio sesuai permintaan beli,Sadness
7011,harga emang ga bohong gampang patah yg kerjar kualitas disarankan tp yg kejar murah silahkan,Fear
7012,bocor koneksi karet keran bocor bertemu erat macet,Sadness
7013,kecewaaa,Sadness
7014,penjualnya ramah respon penjualnya pesanan cepat,Happy
7015,proses pembelian pengiriman aaaaaaa adinin,Anger
7016,barang bagus banget build qualitynya kokoh kucing suka ngebersihin bulunya gampang,Love
7017,sesuai foto tdk tulisan photofast bahan tipis ringkih,Sadness
7018,kecewa,Sadness
7019,harga murah fisik terima gaa sesuai lampu gagang gaa tangkas zoom gaa tangkas parah udah kasih jam keluhan via chat seller aja online utamain kepuasan pelanggan nyari keuntungan gaa berkah,Fear
7020,kertas origami post,Anger
7021,toko beban rusak dibebankan konsumen penjual balon dibebankan pembeli,Anger
7022,bahannya adem warnanya cantik ukuran sesuai terimakasih,Love
7023,tata hasan yg ko sy kecewa bandela pecah kopi k gak tau kesalahan dr selese seler pengantar,Anger
7024,rescue from damage box ngga jg nyampe rumah boxnya,Anger
7025,pengiriman sehari membeli harapan kaya ulasan youtuber tahan kering rantai wrn ringan mengoksidasi penurunan makan beras ayam kehilangan bibir bibir,Anger
7026,permintaan posisi rumah bentaru cilane jakarta picassi celller pengemudi gojic mengambil jalan alternatif hilowo pidato cepatnya tarif sepeda motor online rumah rumah penjual mohon penjual dikonfirmasi mengirim barang langsung surat cepat mengambil,Anger
7027,terima kasih barang mantappp,Happy
7028,direkomendasikan dinding tua dinding lembab mengubah warna berbeda warna isinya label dijamin memenuhi harga ditipu,Fear
7029,pesen yg yg warna putih yg warnanya kusem cenderung warna kuning kaya plastik murah beda ga kaya pertamakali pesen tipis banget,Sadness
7030,mengecewakan digunaka,Sadness
7031,pejabat ramah menghadapi rekomendasi,Love
7032,barang yg dikirim cacat produk sisi yg satunya lepasan tdk nya,Fear
7033,alhamdulillah paketan nya sesuai gambar nya trimakasih,Happy
7034,kesekian kalinya order gingseng nya ckup membantu menaikkan imun tubuh kondisi soup ayam direbus diminum air rebusannya thank,Love
7035,alhamdulillah barang rumah senang terimakasih,Happy
7036,barang sesuai sample,Fear
7037,barang diterima dgn aman respon cepat paking rapi pengiriman cepat dr jadwal makasih,Happy
7038,bak ujut jelek,Anger
7039,pengiriman kebocoran isinya dikirim elemen alternatif bocor,Fear
7040,mengunduh mentransfer file komputer pemutar paalhan data kabel usb gonti terbaik memperbarui drive usb membeli kartu memori eksternal ditulis,Sadness
7041,respon pengiriman cepat barang sesuai pesanan lengkap patah pecah pengemasannya aman,Happy
7042,pengiriman cepet qualitas barangnya jelek kekuatan baterai nya bertahan menit klo dicas suara berdesis,Anger
7043,beli isi ulang pena dikirim isi ulang pena menjual hati jujur,Fear
7044,alhamdulillah paket terima suka terimakasih,Love
7045,kecewa penjual req beli gendongan kado req ucapannya beli difotokan kartunya dikirim teman janjinya difotokan teman menerima barangnya bingung pengirimnya barang wa teman menceritakan tulisan apapaun didalam paketnya bingung tolong ya kedepannya permintaan janji ditepati beli,Sadness
7046,kecewa tunggu respon yg penjual nya,Sadness
7047,packaging buruk gan isolasi terbuka habis dibongkar,Anger
7048,buruk kecewa pakingan gak rapih pake bubble warp aja pas paket sampe udah sobek,Sadness
7049,item rusak seminggu tanggapan penjual buruk garansi percakapan,Fear
7050,barang tipis tdk sesuai dibilang tebal kapok belanja,Fear
7051,barang rusak ga berfungsi ga mainin parahhh,Anger
7052,pengemasan respons bagus pembeli item memiliki dikirim lapangan mendesak pengampunan cobalah memikirkan logika pembaruan firmware setelahnya pembaruan hilang pembaruan terkejut membayar ongkos kirim medan barang diperbaiki dipertukarkan alasan memeriksa tolong berbelanja tolong hati,Anger
7053,parah pengiriman barang gak percaya konsumen malas belanja hadiah yg free gak kirim,Anger
7054,pesanan diterima terima kasih,Happy
7055,sesuai udh belanjaa nggak free gift yg sesuai halaman utama,Fear
7056,gk nyalah parah,Anger
7057,wow sameday respons sm kerugian memilih,Fear
7058,pokoknya suka bgt ama sabun,Love
7059,recommended seller udah order yg kali,Love
7060,antusias dngn playanan toko produktif saran belanja ditoko gak bikin kecewa pelanggan best best toko,Love
7061,krn pesannya barengan packing tp sbnernya bs suapaya aman bubble wrap aja ya pake grab express klo masukin kantong doang kyknya aman aja produk bagus ga kerusakan respon penjual cepat,Happy
7062,jar bahannya bagus yg tutup jar pita tlg diperhatikan lubangnya gampang ditarik smp lepas tp terbalik dgn tutupnya stick yg kekecilan lobangnya stick plastik g menimang hrs diganti tutup stick jd tutup pita tp pe er ngerjainnya krn udh keiket gt maaf reviewnya bagus,Fear
7063,memperbaiki suka produk kuat berfungsi sesuai deskripsi membeli,Love
7064,jelek penyok mengecewakan,Sadness
7065,pesanan yg bs dipake itupun sempurna kemungkinn pecah pengiriman paking,Fear
7066,cepat pengirimannya seller ramah kualitas barangnya mulus recommended,Love
7067,ga barang jijik liatnya kaya kotoran cair bungkusan buang,Anger
7068,fastresp banget ramah pengirimannya gercep banget lv dikaskh jga balonnya pompa sih smg gaada yg bocor,Love
7069,senilai harapan bagasi susah dimainin,Sadness
7070,balut gue dikasih ga peyot gue beli buku,Anger
7071,mantap kipasnya kenceng barangnya berkualitas sesuai harga,Happy
7072,membeli susu periode pengemasan kotak terbuka,Anger
7073,mantaap rekomendasi banget murah murahan enak,Love
7074,pengiriman barang sesuai harga tlg qc nya perbaiki bks jarum jahitannya garis putih kerudung abu yg lbh keliatan,Anger
7075,sesuai diharapkan volume kencang,Fear
7076,proses pengiriman bahan tipis,Fear
7077,sesuai ekspektasi tipis modelnya yg manjur,Fear
7078,penjual menanggapi pengiriman membatalkan menginginkannya peduli,Fear
7079,toko bodoh diisi barang rusak sesuai tujuan beli toko bodoh membeli kipas mini usb elemen toko paket hasil rumah memulihkan uang dibayar uang mini penggemar pembatalan bodoh berharap pelanggan berpikir kali berbelanja toko orang bodoh pindah pindah kecewa membelinya jangkau kasih,Anger
7080,harga,Love
7081,suara deh kualitas suara maaf ya mainan berbentuk handphone,Anger
7082,kutukan parfum biji kopi cocok judul biji kopi kekecewaan penipuan,Anger
7083,barang mantap,Love
7084,kecewa kecewa belanja sdh salah belanja berharap perubahan tp ttp salah,Sadness
7085,nunchuck berhasil harap perhatikan barang dikirim pelanggan mengecewakan,Sadness
7086,chat pengiriman instan jawabanya menyanggupi tp bayar ngga kalo overload knp nyanggupin kacau nih bikin kapok,Anger
7087,nyaman membantu mengecilkan perut melahirkan,Happy
7088,pengepakannya saveti barang terima rusak pecah retak jd terpakai,Fear
7089,to honest barang busuk tangkai patah dikirim salah pas buka ga video unboxing but overall mengecewakan sih kualiatas barang toko kasih notes pemesanan asan check min barang dikirim kapok sih klo,Anger
7090,pembelian sblmnya sdh beli yg army suka bgt beli lg yg light grey size nya beda sm yg army pdhl pilihnya jg size yg grey stlh dipake br sadar jahitan tdk rapi spt ditingkatkan lg qc nya nii,Fear
7091,mati sebelah kecewa pedahal udah kek percaya,Sadness
7092,kebocoran karet basah bubblewrap terdekat isolasi plus cair botol kaca aman,Anger
7093,pengiriman sehari beli krn ekspektasi kaya review youtuber yg bilang awet ga kering ga lengket kalo ketup ga bnr ringan wrn oxidize menggelincir menggelap makan nasi mandung aja udh ilang bener bibir,Anger
7094,bagus produknya fast delivery thank seller,Happy
7095,bau lemon pengiriman halus akurat,Love
7096,beda iklannya,Fear
7097,barangnya gx sesuai yg gambar,Fear
7098,bahannya jelek pokoknya kecewaaaa aja,Anger
7099,bungkusannya ga kuat pecah,Sadness
7100,menerima barang,Fear
7101,barang dikirimkan sesuai harga terjangkau,Happy
7102,respon seller bagus produknya suaranya kalah mic hp internal harga sesuai kualitas,Fear
7103,barang dikirim kotor bekas double tape terbuka rambut deskripsi bekas,Fear
7104,proses pengiriman bahan tipis,Fear
7105,barangnya sederajat bagus makasih min,Love
7106,mantap barangg cepeatt sampaii barang bagus penjual nyaa fast respons banget packingan oke banget aman tempatt barangnya kerennn bangettt,Love
7107,beban bagus bocor dibagian kanal operasikan,Sadness
7108,aparatus sembuh gak dipakai dipakai menit udah overload nunggu memakan yg,Sadness
7109,produk senilai deskripsi penjual dikirimkan merodok solusi instruksi ditulis deskripsi,Fear
7110,trigger nya ampas,Anger
7111,bahan konstruksi kuat rusak,Fear
7112,bubel ud atc,Fear
7113,admin toko tdk sopan santun cari solusi msalah emosional hina pembeli gk pnya etika gk sekolah x,Fear
7114,toko barang rusak biaya dibebankan konsumen penjual gelembung dibebankan pembeli,Anger
7115,barang dikirim sesuai barang diterima,Sadness
7116,selangnya robek tasnya jg robel sudut,Fear
7117,klamaan pengiriman pesen urgent pke ojek online biar lngsng smpe dikirim pke tiki bsk nya br smpe,Sadness
7118,bagus banget,Love
7119,isi kemasan kardus rusak,Anger
7120,seller responsif packing aman pengiriman cepat sayangnya barang dicek dgn teliti kirim pembeli sadar cacat produk utk retur barang jumat pakai barangnya retur,Fear
7121,tko libur ga ad pmbritahuannya pdhl aq psn sblm tgl merah chat dibls cm stu kta slma jam hmpir sja kulaporin pokok pertalian,Anger
7122,barangnya bagus banget kak tahan jg,Happy
7123,bintang operasinya lambat barang kamis pengiriman barang minggu sore kesalahan surat cepat menempatkan operasi kamis sabtu malam kurir informasi penjual membaca late policy of tolerance kamis minggu,Anger
7124,pesan box disegel plastik buah segel maksudnya ya dibedakan higenitas masker,Fear
7125,cepat pwngirima tp sayanng beli buku tp buku halamannya kepotong sehinggaa buku tsbut jd bs dipakaii sy keburu konfirmasi penerimaan bukunya dl stlah konfirmasi dgn penjual alias japri memuaskan,Sadness
7126,biarkan gambar bercerita pesan bh yg rusak bh jgn percaya balasan pembelaan apapun seller amanah alasan rusak expedisi letak cacat expedisi yg expedisi ceroboh packingan kardus satuannya bubble tipis seadanya tempelan fragile pesan bubble kardus tambahan seller berusaha dilimpahkan biar diganti asuransi untung diviseo unboxing ditolak jg dr expedisi cerita lebar ulasan berhubung kenyamanan buyer utk pertimbangan bacalah waspadalah waspadalah itikad berusaha lepas tangan bahaya rusak tokopedia seller dikasih note proses dichat kirim utk hati hati utk dijual ajukan resolusi pengambalian dana tokopedia tp dialihkan asuransi utk tokopeda refund dana trims admin,Fear
7127,penjual bagus barangnya bagus sesuai pesanan dikemas rapi memesan,Love
7128,seller pengiriman barang beli barang yg kirim cuman barang yg dikirim pesanan alhasil cuman barang yg pesan yg nyampe ngasih resi jg sesuai pengajuan komplain admin slow respon official store ga menjamin deh,Sadness
7129,mantabbb default dahhh topp,Love
7130,beli merk kulkasnya ga bagus proses pendinginan kompressornya suranya keras berisik sumpah ganggu banget,Anger
7131,sori bahan kado dudukan pke sterofoam lg,Sadness
7132,negatif,Sadness
7133,barang ori harga murah seller fast response ramah barang cepat,Happy
7134,buku warna kertas kuning kaya kertas buram,Anger
7135,pelayanan buruk tdk menghargai customer jd males belanja lg,Anger
7136,motif yg cacat motif dikasih polos kwalitas bagus maklum barang china bagus buatan lokal,Anger
7137,foto bonus foto dateng nya kecill pencitraan kill sungguh mengecewakan,Sadness
7138,bahan nya tipis nyesel beli test hahaha maaf ya kasih bintang,Sadness
7139,kualitas main buruk,Anger
7140,baterai lelah bilang menelepon pemasaran menunggu minggu efeknya,Anger
7141,respon cepat barang cepat terima kasih,Happy
7142,tipis bahannya,Sadness
7143,seller respon kecewa,Sadness
7144,alhamdulillah barang bagus membeli pesanan prosesnya cepat,Love
7145,order tgl feb diterima tgl mar diketerangan estimasi diterima tgl maret jakarta aja beli kapok not recommended seller,Fear
7146,mantappp djiwaaaaaa,Love
7147,kali pake udah rusak dibalikin tokonya cepet dibetulin dikirim orangnya langsung pulang ditelpon gak response,Fear
7148,barang bagus pengemasan aman berfungsi,Happy
7149,goyang sih bahan nya aluminium plastik kecewa beli tripod,Sadness
7150,mantul bosque,Love
7151,warna kuning gold gold nya kronis seller,Anger
7152,sih murah barangnya tp ya komplain btw sy yg ga make nya barangnya yg rusak ya udh pake splitter jg ga fungsi,Fear
7153,paketan nya jg penjual hub,Sadness
7154,brang sampe terimkasih,Happy
7155,joss produknya toko respon cepat,Happy
7156,produk sesuai deskripsi penjual dikirimkan,Fear
7157,produk sesuai harga bagus harga wajar,Love
7158,kanun truk alat pemadam kebakaran polisi direkomendasikan,Fear
7159,wow sameday sm jam respons kerugian memilih,Fear
7160,dikirim lilin nya sdh beli,Fear
7161,barang bagus segel utuh original berfungsi bener seller respon nya ajib cepat amir uda gt kasi sarannya pas banget lg kebutuhan mantabbb,Happy
7162,tolong cek dikirim ya sd,Fear
7163,barang rapi jahitannya benang teratur,Sadness
7164,bagus bangettt dapet promo cuman bayar rp mantap,Happy
7165,hitam pcs hitam,Sadness
7166,elemen menggandakan pembungkusnya pembungkus plastik gelembung dihancurkan menerimanya keberuntungan,Fear
7167,mantan kardus bubblewrap murah,Love
7168,menerima elemen tanggal pdhl tanggal status pengiriman mencapai pembeli pembaruan jawabannya mengembalikan uang,Fear
7169,cocok dgn yg suka manis minuman manis bgt artificial mangga bgt salah yg expect minuman seger fresh dr mangga buah,Fear
7170,beli paket paket bintang tl,Anger
7171,harga bagus,Love
7172,kali belanja frayday dikecewakan bahan adem tahan d,Happy
7173,penjual barang dagangan diterima pemulihan sumber daya manusia diselesaikan uang dikirim penjual uang,Anger
7174,kelipet yg pakai mata mandung print gak tampan kecewa sih,Sadness
7175,barang yg dikirim ga remote nya ga lg belanja toko,Anger
7176,produk sesuai deskripsi pengirimannya cepat,Happy
7177,kualitas bahan bagus jahitannya rapi warnanya cantik model celananya cantik nyaman dipakai bahan menyerap keringat ukuran sesuai menerawang bahannya adem bahannya lembut udh warna navy dark grey pengen warna bagus pake banget,Happy
7178,gua beli dapetnya desc gada penjelasan versi bagusan rgbnya rgb bener bener red green blue sisa warnanya gaguna switch puller gadapet rgb redup ngga pemberitahuan versi keyboardnya kecewa kapok beli da ambil ae v rt x tuh bagus drpd kecewa gua jual pokoknya,Anger
7179,membeli sepatu ukuran dikirim sepatu pengajuan klaim pertukaran menerima uang merugikan pelanggan memesan biaya pengiriman ditanggung kualitas sepatu prima area lidah,Anger
7180,disarankan pembeli membeli suplemen packing selebihnya kertasnya ok borok harganya terjangkau best,Love
7181,payungnya bagus warnanya yg ungu yg dtg pink btw terima kasih hadiah pembelian pertamanya kualitas product bagus recomended material bagus,Happy
7182,memesan pc hitam hitam berlawanan,Sadness
7183,murah meriah tp bagus nyaman dipakai tulisan jg rapih,Happy
7184,deskripsi gambar warna hitam barangnya yg warna biru ga sesuai banget dichat komplain terima kasih ga niat jualan bos namanya orang jualan yg diutamakan kepuasan pelanggan klo komplain tau,Anger
7185,spidol kualitas bagus harga termurah dibanding toko,Happy
7186,info palsu pengalaman menyenangkan membeli produk dbe mencari toko menetes,Fear
7187,barang okelah standard yg bikin males tokonya slow respooonn online chat gak dibalas hr dikirim,Sadness
7188,menerima item tanggal pdhl diharapkan tanggal status pengiriman pembeli pembaruan uang,Fear
7189,suka bau karetnya menyengat,Fear
7190,kaos kakinya sesuai deskripsi,Happy
7191,baaaaaaggggggggguuuuuuuuuuuuuuussssssssssssssssss,Love
7192,dikirim buruk,Anger
7193,pengiriman cepat packing aman harga flashsale,Happy
7194,recomended seller,Love
7195,data error hilang,Sadness
7196,barang sampenya box diterima kondisi rusak kado,Sadness
7197,barang sesuai deskripsi fast charger coba hp mendukung fast charger memakai kabel normal charger bkn fast charger,Fear
7198,mujur seller tineco fast response bawaan yg dikirimkan jg quality proper,Love
7199,barang selamat pas motifnya bener bener random pas dijadiin bingkisan bahannya tipis bagus,Happy
7200,pelayanan terbaik barang original,Happy
7201,warnanya cantik tpi syg tajem kulit bawang aja sma potong tomat pisau yg kecilnya gk bsa,Sadness
7202,kecewa harga mahal keong nya tolong tertipu gambar,Fear
7203,terima kasih kak paketnya cepat kondisinya bagus semogq sukses ya kak,Happy
7204,sesuai deskripsi produk berfungsi packing aman harga bersahabat,Love
7205,daging sapi terima jamur putih muncul permukaan daging mencicipi ketumbar dimakan kasar harap perhatikan kualitas produk dijual terima kasih,Fear
7206,sayang tukar kerana yg fungsi mahal ongkir,Fear
7207,barang lecet diganti karna unboxing video pelajaran yg beli kalo buka paketnya videoin biar ga kaya dapet raket lecet,Fear
7208,tata hasan yg ko sy kecewa bungkus pecah kopi bertetesan k gak tau kesalahan dr selese seler pengantar,Anger
7209,barang ga ekspedisi ga kasih ulasan yg nerima tuh barang berkah besok ga beli,Fear
7210,bebannya mencapai buku mahal mengurangi sukai buku membeli buku rombak kasih,Love
7211,pelayanannya mengecewakan gojek instant tp besoknya dikirim chat balasnya bangett rekomen kl yg,Sadness
7212,gak bubble wrapnya,Anger
7213,kelengkapan permainan menarik permainan terbaik kesekian kalinya membeli dsni aj melampiaskan melampiaskan inti penjual komunikatif komunikatif berkemas perlindungan rapi pengiriman terjaga item aslinya proses pengiriman bonus tumbler terima kasih bro membeli dsni langsung direkomendasikan mengecewakan markotop top sempurna terbaik terbaik terbaik terima kasih bro sukses,Love
7214,sumpah pengemasan keren bagus produk aman fungsi pengujian cloud basah filter noise pc baterai praktis penjual terima kasih,Love
7215,wowww thanks banget kartunya menolong backpackeran dikorea,Happy
7216,barang bagus response cepat proses pengiriman cepa packing recommended seller,Happy
7217,barang pake bayiku lahir pengiriman nya lamaaman kulit bayi bahan alami nggak lengket melembabkan kulit bayi nggak memicu alergi packaging aman,Happy
7218,celana masuk kaki anak pesannya menaikkan ukurannya,Sadness
7219,sesuai pesanan,Happy
7220,kerennn data ponsel korea langsung,Love
7221,mmmaaaannnnttttaaapppp,Love
7222,cacat overpriced plastik,Fear
7223,po mencapai sebulan cm mengirim voucher menjanjikan suny k juni dikirim diterima juni obrolan tanggapannya,Fear
7224,chat transportasi instan jawabanya menyanggupi tp bayar ngga kalo overload knp nyanggupin balau nih bikin kapok,Anger
7225,tombol rt berfungsi retur ongkir bolak harga stick nya kecewa aja gk test pengiriman,Sadness
7226,membantu ginseng ginseng berguna meningkatkan kekebalan tubuh kemampuan menggunakannya sup ayam air memasak direbus,Love
7227,elemen dikirim cocok pengaturan tas mini stitch pink tas pelanggan dikirim,Fear
7228,pengertian segitu lumayan bagus asyik,Love
7229,mantap,Love
7230,bahan panas tipis,Anger
7231,sdh claim prnggantian tgg jwb dettol blg kesalahan pengirim byr insurance tdk ganti jg cape deh,Fear
7232,bolong dikitt lebar nih orderan kali yaa kecewa,Sadness
7233,bahan gak yg dibayangin,Sadness
7234,yg dipake penyangga plastiknya keranjangnya sobek jaringnya engga minggu penyangganya kualitasnya tolong tingkatkan,Fear
7235,pesan model love yg dtang jdi cat ktanya ready yg ga bilang,Anger
7236,pengiriman cepat dibungkus rapi bubble wrap tebel buku original udah disampul rapih bgt terbaik deh pokoknya,Love
7237,alhamdulillah berfungsi packaging aman respon cepat ramah seller kurir amanah,Happy
7238,seller ramah sabar barang mesin dicoba dpt dgn semoga awet thanks,Happy
7239,mengecewakan barang dikirim sesuai deskripsi permintaan pembeli,Sadness
7240,gambar kenyataannya kaya mainan bingung makainya pakai tanggung sekli kecuali naro benang berpungsi nyesel banget beli kotak,Anger
7241,size l bgt sih ga bahan size bajunya heran bgt admin jg respon,Anger
7242,pengiriman cepat banget pokonya best sukses,Love
7243,mengecewakan,Sadness
7244,barang sesuai pesanan,Happy
7245,dimarahin emak barangnya,Anger
7246,kecewa toko official ga tau pesenan ga dikonfirmasi sampe batalin sistem ga direspon pesanan disuruh pesan tokonya dikonfirmasi doang ga dikirim sampe udah tinggal menit dibatalin sistem untungnya gara chat cs tokopedia bagasi dikirim didetik ga sampe situ aja payahnya bagasi diambil pengantar tanggal pickup bagasi pengantar proses kirim lemot muter udah rumah tanggal jam malem paketnya sampe,Sadness
7247,penjual ramah barangnya tertib sesuai dgn paket packing sosial cmn pesan,Love
7248,kegagalan pembayaran mencapai harga ekonomi kualitas barang penjual ekonomi,Love
7249,piggyback,Anger
7250,barang dikirim cocok pesanan pesan jahitan tas minnie merah muda tas antek dikirim,Fear
7251,packingnya tdk rapi dibungkus plastik hitam sy terima bungkusannya salah sulingnya mata kaitannya yg,Sadness
7252,mengirim lilin membelinya,Fear
7253,sesuai kendala terselesaikan cepat repot,Happy
7254,mantap barang oke,Happy
7255,mengerti konsep membuka pensil,Anger
7256,pake seminggu udh rusak bahannya sambungan brudul ga dijahit sisi dtg oke,Sadness
7257,gimana dipake orang letak hpnya aja ngga,Sadness
7258,pembelian kesekian kalinya puas packing aman kuat kokoh,Happy
7259,baterai rusak bilang menelepon pemasaran menunggu minggu kelanjutan,Anger
7260,ukuran ukuran nyaman sempit banget celana dalamnya bergerak sambungan dijahit sempit banget,Sadness
7261,kabel nya bagus ngecas nymbung masuk,Fear
7262,wow wow sangaat praktis euy emang harganya mayaan sihh enak mantul repeat order nihh,Love
7263,barang kembalikan uang,Anger
7264,pedes nya dibanding isinya dikit gak kuat pedes rekomended,Fear
7265,barang dtg sesuai yg dikasih admin nya bilang rice cooker barang yg dikirim liter,Anger
7266,singletnya lucu bahannya lumayan adem aga tipis sampainya cepat recomended tokonya,Love
7267,setanding yg digambar,Fear
7268,barang ny sembuh tp kirim ny po pdhal dkirim tggl kecewa,Sadness
7269,bahan katun asli,Sadness
7270,kotaknya jelek penyok bungkus seadanya doang,Anger
7271,respons pengiriman siang,Love
7272,polanya pas negativean pas lengan,Sadness
7273,produk terima kondisi motor sabliziernya al hasil video mulus unstableized,Sadness
7274,sdh pembelian lumpianya enak packingnya bgs penjual responsif pengiriman cpt,Happy
7275,ga ngerti karetnya melilit ga dilurusin udah nyoba tetep ga sedih asli,Sadness
7276,kualitas lem aibon,Anger
7277,bgs brgnya semoga awet,Happy
7278,barang cacat,Anger
7279,jelek mudah usang,Sadness
7280,kali berlaku prinsip harga sesuai kualitas cek udah feeling ga enak krn bantal kaki yg lepas tiang penyangga lepas penghubung tiang dicantolin coba biaa pake harapan mur penopang hape lepas proses pasang hape totally ga pake yahhh anggap aja amal deh pengalaman aja tokonya comment sih krn ga komunikasi,Fear
7281,dealer ahli,Love
7282,item lengkap pemeriksaan mengirimkannya kirimkan kalah pelanggan diberitahu mengirim kekurangan item rumit,Fear
7283,bekas sobek sobek tatap puas terimakasih,Sadness
7284,material produk rancak kualitas produk rancak produk original seragam produk sesuai overall recomended thx much,Love
7285,kehamilan,Fear
7286,deskripsi mc iklan paket terima pengisi daya transformator kotak micro sd happter,Fear
7287,sy yg rugikan krn brg yg dtg sy tdk vidio orderan sy yg dtg tp gift dpt brg uda mahal komplen gak bs,Fear
7288,penjual kualitas sadu progres beban langsung kabari via chat pembeli biasaaaaaaa pertahankaannn,Love
7289,ukuran dekrit,Fear
7290,produk berfungsi toko dipercaya,Fear
7291,bahasa indonesia diterima barang bagus ori pengiriman cepat mantapp jiwaaa,Love
7292,bagasi cocok dikirim murah selisih harga bagasi direfund bagasi lecet beli extra bubblewarp,Sadness
7293,barang cepat packingnya rapi acrylic pecah berfungsi semoga awet,Happy
7294,kecewa kwalitasnya,Sadness
7295,barang packing rapih terima kasih,Happy
7296,barang sesuai okey makasih,Happy
7297,canon alat pemadam kebakaran polisi merekomendasikan,Fear
7298,kelipet yg pakai mata ayam print gak rapi kecewa sih,Sadness
7299,elemen hebat kualitas terima kasih min,Love
7300,muatan rongsok,Anger
7301,kecewa wanginya aja wanginya ga tahan jam jam sprti iklannya bagus bibit parfum pinggir jalan deh,Sadness
7302,ga amanah toko nya nya bilang ready ukuran nya transaksi bilang kosong stok nya coba bilang kalo ukuran yg ingikan kosong pembeli pindah penjual nya lelet,Sadness
7303,kebanyakan panjual tokonya diamon barang kirim cek kondiri barang berfungsi barang kirim berfungsi pas buka tali perekat putus aja jual sampah buyer mohon beli toko kecewa order toko barang sampah buang buang uang aja mending barang berfungsi rusak pakai,Sadness
7304,kemasan box bekas,Anger
7305,memfasilitasi pemasangan tanggapan cpt cpt penjual,Love
7306,saudaraku memberinya elemen kedaluwarsa memasak sebulan kuat,Anger
7307,kainnya gk tipis standar tebal batik adem lembut variant yg dikirim penjual sesuai,Happy
7308,halo penerbit haru bukunya cepat pengemasannya mohon bubble wrap kerusakan pengiriman disayangkan pengemasannya pengamanannya buku yg terima terimakasih,Sadness
7309,warna cocok pesanan,Sadness
7310,uglykkk,Anger
7311,puas bangat obat nya fres n cepet sampe paking ok tq,Happy
7312,terbaiklah alat harga dipakai langsung tes waow mantab kali alat cabe rawit aki cba cas aja langsung stater motor tua suka alat murah tp fungsinya good dah,Love
7313,elemen cocok warnanya hitam hitam warna pengisian elemen bagus,Fear
7314,barangnya ga rapih jahitannya benang yg ga beraturan,Sadness
7315,membeli alat bersimpati penjual dasar solusi penggantian pemulihan,Fear
7316,kelengkapan sesuai game nya seru gaming terbaik kesekian kalinya beli dsni aj memuaskan memuaskan memuaskan intinya seller responsif seller ramah komunikatif bgt dah packing jg rapi bgt perlindungan pengangkatan terjaga barang sesuai original pastinya proses pengangkatan cepat dapet bonus tumbler nya thanks yh gan lo beli dsni langsung aj gk ush recomended mengecewakan perfect mantap top markotop the best of the best thanks yh gan sukses dah,Love
7317,buruk sepatu kulit kelebihan ongkir,Anger
7318,bohong gak hadiah kapok beli,Anger
7319,tampan alatnya harga sesuai kualitasnya tp msh masuk akal dibanding merk yg harga diatas kualitasnya seller responnya cepat anggap mantap,Love
7320,bawaan dikirim terpencil gambar dikirim spilling merek sikat penipuan,Fear
7321,nempel susah nempel dashboard,Fear
7322,admin ramah menghadapi rekomendasi,Love
7323,warna kuning putih gambar kotak,Sadness
7324,positive overall feelnya enak sempet aga nyesel sempet jual dri build quality beda controller dng harga yg better banget feel kerasa kokohnya housingnya,Happy
7325,ulas sih mintanya tumbuk halus parah,Anger
7326,template bagus sesuai harganya,Sadness
7327,pengiriman,Anger
7328,layanan toko sampah,Anger
7329,sesuai seller gercep rekomended,Happy
7330,mic nya gak respon,Fear
7331,penjual lambat respon penjual barang dikirim keburu basi nih balon,Anger
7332,elemennya jelek lubang lokasinya akurat dimasukkan kuku aneh,Anger
7333,bahannya beda orderan yg warna coklat pakai langsung robek,Sadness
7334,mendirikan jimzaz sika,Love
7335,sukaa sekaliiii sellernya responded banget terima kasih ya sukses seller,Love
7336,kali kirim barang cek berfungsi dinamo ny yaa seller kirim dinamo nya tapii tetep berfungsi motor nya lampu musik tombol mesin ny gk nyala udh ces berhari ttep ajh gk nyala,Fear
7337,mantep respon cepat pengiriman instan recomended banget,Love
7338,maaf kasih bintang penilaian tergantung efektifitas produk yg beli gada efek udh smpe hbis pakainya,Sadness
7339,x pengiriman harap cepat yg sdh bagus,Happy
7340,baterai lapuk bilang menghubungi pemasaran menunggu minggu kesudahan,Anger
7341,fitur berfungsi sayangnya tripod yg penyok kaca ringlight yg retak pas pengiriman ya overall alat berfungsi,Happy
7342,packing nya rapi bngt pengiriman cepat kurirnya jg ramah recommended,Love
7343,jualan ngotottt nggak laku toko nya bang,Anger
7344,tenang jiwo thx gan product jangkau sukses slalu,Love
7345,sesuai pesanan cepat proses kirim sdh lgsg dipasang thanks seller,Happy
7346,ah ga ngaruh bikin iritasi gatal gatal merah,Anger
7347,barang sesuai deskripsi,Fear
7348,kapok beli,Anger
7349,berfungsi,Happy
7350,kualitas oke sesuai harga keren parah,Love
7351,brg packing oke cocok bt kado bonus dompet koin,Happy
7352,bintang berbicara,Happy
7353,mantap kinerjannya cepat responsif recommended,Love
7354,barang jelek mudah hancur dipakai ngebor langsung rontok mata bor nya kaya nya dri besi l sesuai harga,Anger
7355,barang terlipat gak dipakai,Sadness
7356,kualitas konstruksi pecah air retakan air terbaik,Fear
7357,penjual membawa elemen membeli alih alih menuduh pembeli satunya perbedaan perbedaan upaya memverifikasi kanun penyortiran,Anger
7358,real pict pengangkatan cepat pengemasan rapi worth hrga segitu next prinsip,Love
7359,retak pakai asuransi kecewaaa,Sadness
7360,mengecewakan gak cas powerbank nya garansi ongkos kirim suruh tanggung ya rugi parah ongkir batam kesitu kenak pajak solusi gak respon,Sadness
7361,pengiriman cepat packaging dikasi member vip thanks abbot harga dtoko cabang disamakan pusat,Happy
7362,parah banget nih baju cuci langsung sablon nya ilangg rontok parah jelek kualitas nya,Anger
7363,mantapp gan,Happy
7364,warna setaraf dgn permintaan,Anger
7365,memuaskan bisanya alhamdulillah dpt hadiah,Happy
7366,serbaguna tajam barang sesuai deskripsi recommended seller,Love
7367,respon seller cepat packing aman pengiriman cepat barangnya bagus,Happy
7368,cat nya mantap pengirimannya cepet,Happy
7369,barang jelek fungsi rusak mendingan beli,Anger
7370,ga sesuai permintaan udh dikasi keterangan orderannya chat biar inget eeh barang yg warna tdk sesuai warna yg pengen cepet ngirim aja lapaknya klo ga stok jgn approve,Anger
7371,respon cepat gosend pamulang cepat diandalkan dibutuhkan kualitas okeee bgt harga segitu hasil memuaskan thank youuu,Happy
7372,barang dikirim beda gambar dikirim merek tumpah gk kuas tukang tipu gk niat jualan,Fear
7373,menjual bersikeras perilaku toko mbakyu,Anger
7374,pesan warna biru dikirim warna anak cowok packing lelet jam kecewa,Sadness
7375,manteb bangettt lov,Love
7376,ga ga instruksinya rakitnya ginana barangnya beda yg wejangan,Anger
7377,sleeping bag nya recomend tipis,Fear
7378,bocor kebocoran penyamak diselesaikan,Fear
7379,pengiriman cepatt barang sesuai pesanan harga terjangkau joossss,Happy
7380,kuasnya bagus tebal,Sadness
7381,kerennnn korea hp roaming data ditetapkan langsung cpt ok produk ok penjual direkomendasikan,Love
7382,terima kasih paket sdh diterima terima kasih voucer,Happy
7383,pengungkitnya mudah patah kualitas plastik bagus,Sadness
7384,beli produk nya kecewa berharap hadiah nya zonk niat belanja official store nya dikirim dr toko cabang ga dpt deh hadiah nya,Anger
7385,dikirim yg robek ga dicek sblm dikirimmurah sih emg tp jgn barang rusak yg dikirim min,Anger
7386,pengiriman,Anger
7387,sayang ditukar ritsleting rusak kualitas negatif kecewa,Sadness
7388,pengiriman lamaaaaaa banget beli ditempat pengiriman kacau,Anger
7389,packing berantakan sungguh mengecewakan,Sadness
7390,janjinya kaleng kaleng yg kaleng kecewa bangetttt,Sadness
7391,diluar expektasi ukuran super mini bedanya box kontener yg pasar yg tingkt cma space diatas kelebihanya ukur lebarnya sejengkal jempol jari jari harg lumayan mahal,Anger
7392,berbelanja toko resmi diterima barang sampah skandal terima kasih,Anger
7393,membeli keluhan dikirim tanggapan kerugian,Anger
7394,price dgn kualitas barang yg kokoh seller review jujur ya jgn sembarangan bilang gak jujur harga kualitas gak sesuai yg gak jujur yg membujuk via chat merubah review free gift tolak krn membohongi gak review asli mgkn bujukan seller merubah review spy bagus pdhl mgkn kasusnya kecewa dgn produk yg price,Anger
7395,barang sesuai permintaan n kedatangan sesuai estimasi,Happy
7396,produk sesuai deskripsi variasi produk beragam berfungsi,Happy
7397,jelek,Anger
7398,sdh berlangganan memakai cat sablon hasil ajib seller nya ajib,Love
7399,seminggu pemakaian nyala sebelah,Sadness
7400,menerima paket makanan rusak buka bekas luka kecewa,Sadness
7401,mantap banget recomend barang yg diterima sesuai gambar,Love
7402,mintanya bolt kasi oricat sih,Anger
7403,bgt,Love
7404,teratas,Love
7405,sabun nyaaa pakee mint nya kerasaa bangettt enk sih gaib mandi kyk cuek gitu,Love
7406,pesanan diterima sesuai orderan makasih ya,Happy
7407,chatt ga respond,Anger
7408,sulit angin bocor,Fear
7409,engsel penutupnya patah terpaksa coba beli lem dibenerin ga ketutup dr pas pengirimannya saran aja ngirim tutupnya dipisahin bodynya,Fear
7410,pemesanan hasilnya rapi mengecewakan laminatingnya mengelupas potongannya rapi bolongan menonjol,Sadness
7411,barang nya cepat nyampe tangan aq keadaaan tulisan nya banget berwarna ga bosen liat nya,Happy
7412,berbelanja pengisian cepat komoditas direkomendasikan pengepakan aman elegan berbelanja tuhan,Love
7413,mengirim lilin membelinya,Fear
7414,hasil pemakaian sebulan rambut halus tebal hitam rontok berkurang uban hasilnya order botol,Happy
7415,nggak sesuai yg diiklanin airnya loyo,Sadness
7416,material produk bagus kualitas produk bagus produk sesuai produk berfungsi,Happy
7417,ditinjau tanah buruk,Anger
7418,toples bahan bagus penutup jar lubangnya mudah menarik sekolah menengah,Fear
7419,kualitas lcd tipis home button layar respond cepat admin,Sadness
7420,mouse bagus pointer nya gerak gerak,Sadness
7421,obeng bintang nya nyaman dipegang ujung obeng bintang mesti diratain dlu sisa potongan,Fear
7422,produknya kualitasny good banget produk konsumen kondisi sesuai sih harga overall good,Happy
7423,seller jujur pengiriman luhur pdhl pesen gojek instant pemesanan info impian hello krn ketekan pdhl beli apple ga bs ketekan dibuka sdh blg ga barang yg aneh blm dibuka tp bs impian muncul dr factorynya eh gak kunjung dikirim tp bilangnya udh dikirim ditunggu smp batterynya habis dikirim keesokan harinya dipikir ga beli barang apple barang apple dikasih batt minimal bgt dr full ga bs nyala hehe boongin yahh udh beli aja,Fear
7424,pencongkel nya ringkih pakai patah overall sesuai harga,Happy
7425,mantul boskuhhh barang istimewa,Love
7426,mantap ngerasain main games biaya murah terima kasih semoga tokonya lancar jaya,Happy
7427,gampang hasilnya awet packaging aman gampang dipakai,Happy
7428,barangnya bagus sesuai harapan terima kasih,Happy
7429,produk sesuai deskripsi berfungsi dapet stiker jg thx yaa,Happy
7430,barang sesuai deskripsi tersegel original pengiriman sesuai janji layanan mantap terima kasih,Happy
7431,suka bngt kepake ga beli,Love
7432,chat dibalas pengiriman diproses aktif sdah habis kacaw,Anger
7433,bahannya buruk rusak tali meninggalkannya,Anger
7434,udh atc bubble gaada paraaaaah tolong perbaikin biar pembeli puas,Anger
7435,sesuai deskripsi sesuai gambar bbrapa tombol yg berfungsi retur ganti dg model yg backlight ga nambah biaya tp respon seller biikin kecewa,Fear
7436,barang cepat respon penjual bagus semoga,Happy
7437,fix cinta produk bahannya solid sesuai deskripsi beli,Love
7438,ya cepat harga bersaing kualitas bagus cocok traveling sesuai yg cerah pake aja bagus ramah seller toped kurirnya ya salam sehat sukses yaa,Happy
7439,cinta terbaik emas,Love
7440,nyesel beli kagak terang,Fear
7441,butuh cepet kirim respon jual amanah brather jujur nyesel gw beli toko,Sadness
7442,belom menerima paket selesai yah gimana sih,Anger
7443,iuhhhhhhhhhhhhhhhhhhhhhhhhhhhhhhhhhhhhhhhhhhhhhhhhhhhhhhhh hhhhhhhhhhhhhhhhhhhhhhhhh,Anger
7444,build kokoh kualitas bahan bagus nahan beban hp proses pesanan cepat,Happy
7445,saudara ps tombol hijau tombol hijau,Fear
7446,gambar tempelnya tdk rapi bnyk yg ngelupas,Sadness
7447,produk bagus harga ramah tongkat sisi menggosok kotoran kaca sisi menyapu kotoran,Happy
7448,tahan menggunakannya merek,Fear
7449,supervisor menyelesaikan keluhan permintaan bintang suka presiden memiliki karyawan memiliki simpati keluhan,Sadness
7450,ga berfungsi,Fear
7451,harga segitu kualitas spundbondnya uda bagus packingnya rapi g sampe kusut kainnya,Happy
7452,suka bardi meringankan banget matiin alat alang jam nya tidur hidup pagi dirumah pakai alat bardi cctv akses nya mudah diluar aula mungil,Love
7453,diluar ekspetasi banget sambelnya gak seger bau gada manis packaging nya sih bagus,Fear
7454,fast respon recommended seller,Love
7455,buruk,Anger
7456,ga tahan kalo dipake menciduk tahan merk,Fear
7457,barang setimbang pesanan marilah kumpulkan barang hati hati,Fear
7458,ukurannya pas cepat menyerap lecet bonus terima kasih yaa,Happy
7459,elemennya bagus sisirnya tombol klik praktis,Love
7460,pengepakan bungkus gelembung kali tambahkan komunikasi kardus mengganggu dikirim terpisah kasusnya instan dikendalikan,Anger
7461,pake udah robek sol nya,Sadness
7462,paket sdh diterima dgn sesuai pesanan respon proses nya cepat packing nya rapi safety thanks gan,Happy
7463,toko liburan memiliki pemberitahuan psn psn tanggal merah dibls cm stuing,Anger
7464,belanja kecewa belanja bandar,Fear
7465,teman warna menawan bahagia gambarnya,Love
7466,bahan berkualitas ukuran sesuai modelnya keren warnanya sesuai potongannya rapi,Happy
7467,botol re botol poster kulit,Love
7468,lilin saudara lelaki sultan lilin,Love
7469,alhamdulillah,Happy
7470,mencoba varian air misel mudah cocok varian esensi mikro loreal didiskon pulak pengiriman cinta aman terima kasih tokped loreal,Love
7471,respon cepat barang sesuai pesanan bahannya adem tebalnya pas packing aman recommended,Love
7472,bro ps tombol hijau tombol hijau mati,Fear
7473,pengiriman cepat packing aman suka sm produknya trimakasih,Happy
7474,build quality rancak retak minuman retakan minuman maksimal,Fear
7475,pesan merah muda percaya merah muda penyelesaian abu fitur obrolan mengkonfirmasi pembeli mengubah warna kardus rusak elemen dijual alasannya sabtu libur karyawan sipil barang nyaman menggunakannya kesimpulannya penjual direkomendasikan,Anger
7476,berbelanja berbelanja kali,Fear
7477,toko alat ukur repeater oke nih layanannya responsif cepat kirim aman produk drone fpv lumayan santai bermain camera udara fine tuning aja posisi stabil bobot ringan waspada kalo tiupan angin berisik drone tello gw lenyap kebawa angin kencang perbukitan enjoy playing cheap drone thank boss,Happy
7478,beli dikirim males complain,Anger
7479,bagus ramah warnanya menawan bahagia gambarnya,Love
7480,kualitas barang bagus harga yg worth money bahan nya halus gatal istri,Happy
7481,mantulllll memicu alergi bahan alami aman bayi bahan pengawet,Happy
7482,adem bahannya,Happy
7483,pembelian semoga sehat kucingnya,Love
7484,barangnya original berfungsi,Happy
7485,obrolan membutuhkan pengiriman jawabannya membayar mengunduhnya kekacauan,Anger
7486,beli barang yg dikirim beda tdk setanding pulak pdhl sdh klik formal hrg nya mahal jd penjual yg jujur biar hslnya berkah,Anger
7487,diskon kecurangan bagasi cocok harganya,Fear
7488,hand sanitizernya acc banget wanginya enak bikin tangan halus abis dipakai pas kulitku sensitif ga bikin sakit,Love
7489,kualitas jelek tekad mic udah max tekad,Sadness
7490,maap kecewa krn yg terima beda gambar alas tdk bevel spt gambar,Sadness
7491,salah kirim barang dikirim item harga murah smart breaker terlanjur diselesaikan beli kali,Sadness
7492,mantap pengiriman instan seller fast respon,Happy
7493,packing silica gel dibungkus plastik plastiknya hekter udara masuk mestinya seal kedap udar,Fear
7494,ga bonusnya huhu,Sadness
7495,buruk,Anger
7496,game fad,Anger
7497,sorry banget nih namanya review jujur ya kecewa warnanya aja pesannya mustard yg dateng orange kupikir salah kirim penjualnya mustard kayak gitu warnanya klo salah kirim gak nuntut,Sadness
7498,nice product thanks seller courier tokopedia success,Happy
7499,buku makassar rusak membongkar mengemas pengepakan kurir,Fear
7500,prtama brgnya dtg cman bsa nyala sebelah gk bsa charge mnta garansi tuker lbh parah gk bsa nyala kduanya gila kapok buangin uang aja,Sadness
7501,barang sesuai deskripsi makasih seller,Happy
7502,suka bacin karetnya mengantup,Fear
7503,dikabarin yg elephant size kosong ganti chevron yg bs kembaran kk adek dongs gausah diraguin bahannya adem,Happy
7504,transaksi cod gampang kirimnya cepat sampe packingnya rapih smoga produknya cocok nih,Happy
7505,pelayanan ga bgt deh pakai ekspedisi gojek instan jam pagi proses toko jam sore,Anger
7506,bagus item sesuai terima kasih min,Love
7507,ikannya mati kecewa ah,Sadness
7508,kecewa beli toko seenak menaikan harga deal beli ditambah admin nya ramah official store pelayanan profesional direkomendasikan membeli kecewa,Sadness
7509,mantap agresif proses cepat recommended,Love
7510,berbohong efektif,Anger
7511,pesen dikirim,Anger
7512,kotak penutup buruk,Anger
7513,wanginya enak bangeettttt,Love
7514,stelah pemakaian rutin kutu anjing spot spray kutunya doang nyesal produk,Fear
7515,bolong bolong gitu jelek,Anger
7516,tahan menggunakannya merek,Fear
7517,jelek,Anger
7518,maaf bknnya sy menjelekan produk tp sy kecewa salah gepuk toples warna merah stlah ko berjamur pdhl toples yg wenak bgtzz gepuknya,Sadness
7519,pengemasan bergaya disarankan,Love
7520,sesuai cahaya putih lampu hijau,Fear
7521,tampan universitas qc diskonnya muatan rusak kecewa,Sadness
7522,stok vitamin wajib permaduan ikhtiar menjaga kesehatan ketar ketir karna packing hnya bubble wrap tnp air pouch tp pas unboxing alhamdulillah aman ed smp dlm selamat thanks bgt seller,Love
7523,pengirimannya koq bgt ya order kamis br dikirim dichat tny dikirim alhasil gagal perbaiki kinerjanya ya,Fear
7524,pembelian kali kecewa banget segelnya terbuka maskernya crumpled beli yg hitam ga keliatan beneran masker kotor,Sadness
7525,kelengkapan permainan menyenangkan permainan terbaik kesekian kalinya membeli dsni aj memuaskan memuaskan esensi penjual komunikatif komunikatif mengemas perlindungan rapi pengiriman terjaga terjaga rapi terjaga rapi terjaga rapi terjaga rapi terjaga rapi terjaga rapi terjaga rapi terjaga rapi terjaga rapi terjaga rapi terjaga rapi terjaga rapi terjaga rapi terjaga rapi terjaga rapi terjaga rapi terjaga rapi terjaga item aslinya proses pengiriman cepat bonus tumbler ucapan terima kasih bro membeli dsni langsung mengecewakan sempurna markotop terbaik terbaik terbaik terima kasih yh bro sukses,Love
7526,kualitas bahanya bagus,Love
7527,bagus banget harganya murah tp kualitasnya bagus banget designnya keren en berfungsi sesuai iklannya recommended banget pengiriman jg cepat aman thx ya,Love
7528,silikon pelindung buruk mudah rusak robek kualitas lamo bayangkan kualitas philips,Anger
7529,produknya bagus sesuai pesanan penjualnya bagus terima kasih skss,Love
7530,alhamdulillah barang diterima packing riang sepikiran bawaan suka mie sedap varian laksa singapura,Love
7531,menyembuhkan unsur mengirimkannya pd pdhal bergabung messenger,Sadness
7532,isi respons pembeli elemen memiliki dikirim lapangan bersikeras toleransi cobalah berpikir logika pembaruan program pembaruan menghilang mengejutkan pembaruan membayar biaya pos bidang barang diperbaiki ditukar alasan memeriksa mohon berbelanja tolong,Anger
7533,stik berfungsi normal coba connect pc windows macos bigsur aman plug n play steam apple arcade packaging rapih seller fast response,Happy
7534,ramah warna warna menarik anak bahagia,Love
7535,rendang lunak direkomendasikan koneksi cepat,Love
7536,elemen kaku jelek fleksibel sesuai harga kecewa membeli,Sadness
7537,pesen white silver yg dikirim white red kecewa ga sesuai pesanan,Sadness
7538,murah beli trims semoga langganan harganya terbaik tokped,Love
7539,ukuran sesuai bahannya tebal modelnya kekinian jahitannya rapi nyaman dipakai si rapi,Happy
7540,barang diterima sayang baterenya uda soak,Fear
7541,mantap sesuai pesanan bakonya mentol respon cepat pengiriman cepat,Love
7542,isinya bestari air putih mening pake semir cakra complain jg gk,Anger
7543,nan,Love
7544,mantap packing rapi mantap pokoknya,Love
7545,ternoda dipaksa barang menjual barang dikirim sesuai permintaan pembeli diharuskan mengirim barang memiliki solusi risiko kenyataan,Anger
7546,elemen rusak seminggu penjual buruk menanggapi jaminan obrolan,Fear
7547,mancpss asli,Love
7548,barang dikirim pembeli dikirim toko menolak,Fear
7549,pengiriman cepat produk good daya rekat bagus seller amanah ragu belanja,Love
7550,foto display varian yg bonus keuntungan terpencil,Fear
7551,si mobil hotwheels nggak sesuai iklan mengecewakan,Sadness
7552,kecewa kwalitasnya,Sadness
7553,baterai rusak menelepon pemasaran menunggu minggu kontak,Anger
7554,cuci sablonan lepas,Sadness
7555,ikan bagus,Love
7556,bagus banget keyboardnya packing aman double kardus warna keren,Love
7557,pelayanan seller deliver nya cepat memuaskan terima kasih atkasemka anteraja tokopedia,Happy
7558,teliti kirain produk asli ex aussie ex kalbe kemasan label merk bikin misleading gak worth pcs pdhal ex import gak recommend,Fear
7559,barangnya bagus response nya cepet komunikatif menyantuni makasih ya kak semoga sukses yah,Love
7560,kerennnnnnnn bgt celananya harganya murahhhh bgt,Love
7561,pengiriman teramat mengecewakan,Sadness
7562,kemasannya dikemas dikirim kotak rusak harga elemen murah diatur akurat,Fear
7563,bocorr isinya,Sadness
7564,pembelian yg keren nyaman olahraga,Love
7565,puas banget sempet error kurir pake gercep seller nya respon bgt cari solusi order ulang ga pelit yg dikasih tambahan makasi ya kak jaya tokonya,Love
7566,barang bs dipakai seminggu uap nya gk muncul kecewa banget gk bs yg jgn karna murah beli ya barang cm tahan seminggu,Sadness
7567,produk bisu asli,Love
7568,toko barang rusak dibebankan konsumen penjual gelembung dibebankan pembeli,Anger
7569,elemen kecewa,Sadness
7570,terima kasih pelayanannya cepat senang belanja semoga sukses tokopedianya,Happy
7571,good pistol api obor penjual respons cepat,Love
7572,motif berguna penjual lucyuu lucu mengangkut keberhasilan sis,Love
7573,membelinya colokan rumah mencobanya steker berbeda masuk,Sadness
7574,barang komplain direspon pelajaran yg beli cek,Fear
7575,menggunakannya merek,Fear
7576,kecewa banget,Sadness
7577,packing padet liquid bocor,Fear
7578,niatnya sihh dibonusin creative planting kit tp kayaknya ga dipikirin ngemasnya gimana biar ga berantakan box nya alhasil yg dipesen kotor kena tumpahan pasir,Sadness
7579,m,Love
7580,diskon nya nipu barang nya setimbang erti,Fear
7581,produk dikirim lengkap,Anger
7582,baiknya sblm dikirimkan cek part hilang berfungsi seller nawarin tukar barang ongkir bali aja kayak beli,Fear
7583,senapan api bagus penjual respons pengiriman cepat,Love
7584,respon penjual cepat pengiriman cepat dankemasan rapih,Happy
7585,pengepakan mantap rapi,Love
7586,gercep banget adminnya nih top pokoknya,Love
7587,bahannya dicuci luntur baju yg,Sadness
7588,mengesankan uang menerima default,Anger
7589,kecewa item lengkap pemegang silakan periksa anak menangis marah,Sadness
7590,hidup ga ngecharge biarkan seharian batetai terisi berharap alat stick nya anak anak terpakai nya,Sadness
7591,kualitas lem aibon,Anger
7592,driver ngaco tokonya bagasi smart namanya bengak gua kasih komen jg lu bintang satunya driver,Anger
7593,puas pengiriman cepat barang cacat pengemasan bagus trmksh,Happy
7594,barangnya cepat terimakasih,Happy
7595,cepet pengiriman nya bahannya lumayan tebel nyerap keringet,Happy
7596,bahannya berbeda yg putih panas kasar gatal gamau beli lg nyesel kualitas dah turun beda,Sadness
7597,produnya ok banget gak belanja toko terima kasih,Love
7598,membeli barang dikirim berbeda cocok pakhl mengklik ukurannya hrg mahal penjual jujur hsl berkah,Anger
7599,repeat order,Love
7600,barang ngk cek ic beli barang klau kirim barang kecewaaa,Sadness
7601,pembelian puas barang disukai produk produk anabul,Love
7602,bagus topinya membeli ahh,Love
7603,muatan yg dikirim dicoba pcs yg berfungsi diretur ongkir nya mahal dr keuntungan muatan kecewa,Sadness
7604,sedih bgt belom waxingnya udah rusak gabisa dipake lg dipake dr dtg tutupnya penyok ga kedap udara jd pinggiran tutupnya rada basah trus disimpen suhu ruang trus tutupnya rapet tp pas dipake lg taunya udah semutnya pas dicoba pake spatula teksturnya jg madu jd rada cair gamau lengket lg kalo cair buang atasnya aja mah ampe teksturnya kayak madu dibuang sedih bgt lg sayang bgt,Sadness
7605,beli dateng nya buka udah exited negativemood tenyata cuman,Fear
7606,suka sabun,Love
7607,kualitasnya parah keteken langsung pecah,Sadness
7608,pengiriman cepat barang bagus semoga awet,Happy
7609,produk original bikin helm keren rapih,Love
7610,beli krn anak istri liburan jakarta ketemu toko harga yg ramah kantong pelayanan toko bagus cepet packaging nya rapih aman banget recomended seller difusser nya berfungsi kualitas diffuser nya kokoh ya harga segini puas benget sih pas udah nyobain semoga tahan difusser nya,Love
7611,lem kualitas lambat aibon,Anger
7612,inti,Anger
7613,layanan disarankan mengampuh respons pengiriman bangat,Love
7614,sehari udh basi,Sadness
7615,pengepakan gaya bagus penjual merespons responden terima kasih penjualnya,Love
7616,barang sesuai dgn pesanan seller responsif pengiriman cepat terimakasih seller tokopedia smg sukses,Happy
7617,aromanya ngaka kecewa,Sadness
7618,beli muat ukuran dikomplain yg cacat seller cepet respon diganti dgn yg terimakasih,Happy
7619,dichat warna biru ready wktu order jg sdh dikasih keterangan warana knp yg dikirim warna hitam ya sy terima,Fear
7620,ampuuuunnn dibngkus pake plastik bening jdi malu krn diperumahan yg jual tp mlh beli online paket dtng ditaruh kursi pos satpam khusus paket seperumahan klo beli lgi,Fear
7621,pesan putih hitam giliran dipertukarkan smal putih ongkos kirim menanggung boong disalahartikan,Anger
7622,terkendala dgn pengiriman dibayar dgn barang bagus packing nya rapih,Happy
7623,sip paket selamat semoga berfungsi terima kasih seller fast responnya,Happy
7624,talinya,Sadness
7625,berbelanja tokopedia pesanan layanan tercepat terima estimasi pengiriman darah paket business fun best,Love
7626,barangnya mantap berkualitas kokoh bergaransi seller ramah pokoknya mantap banget,Love
7627,kekecewaan pengiriman elemen rusak cenderung harga murah,Fear
7628,dibungkus bubble doank kardus membayar kardus gelembung sis,Anger
7629,packingnya banget pd lecet lengkap sesuai order,Sadness
7630,recommended seller,Love
7631,keren banget anak suka banget,Love
7632,suka pelayanannya pengirimannya cepat packagingnya aman tulisan fragile handle care suka barangnya saran box ditekuk bagus rapi tp,Love
7633,kerennnnnnnn bgt celananya harganya murahhhh bgt,Love
7634,ang kota tangerang pengiriman lengkap ud gt salah elemen rusak mengecewakan membatalkan video,Sadness
7635,produk layak dimakan menulis tanggal kedaluwarsa sebulan silakan kembalikan produk makanannya makan makanan konsumen,Fear
7636,mantap rekomendasi dah thank,Love
7637,pesanan barang diterima pesanan kemasan robek bolong,Fear
7638,yg bikin kecewa pesen items yg nyampe tunggu kekurangan barangnya uno stacko kayu uno card werewolf tolong refund aja uangnya,Sadness
7639,chat instan jawabanya menyanggupi tp bayar ngga kalo overload knp nyanggupin baur nih bikin kapok,Anger
7640,beli bolpen refill yg dikirim mainan anak tanggung toko nih,Anger
7641,cacat dikit spongenya kirain pas nyampe mulus gak cacat nya,Sadness
7642,cocok pake samsung ultra hp nya berat gimbalnya,Sadness
7643,overall oke seller respon pengiriman utk talinya kuat x pake putus next dibagusin lg ya thx,Happy
7644,kapok belanja banget pengiriman nya,Fear
7645,bagus bgt topi nya nnti bli lgi ahh,Love
7646,masyaallah bagus payung nya kali gunain tokopedia langsung beli payung ditoko mengecewakan pokok nya barang nya masyaallah bagus,Happy
7647,kualitas lem mahal aibon,Anger
7648,makasihhhhhhhhhhhhhhhhhhhhhhhhhh,Love
7649,pakai resleting langsung rusak gambar kotor,Sadness
7650,penggunaan fungsi tdk bagus,Sadness
7651,status pesanan selesai dati kemarin sore produknya terima,Sadness
7652,barangnya bagus sesuai pesanan,Happy
7653,direkomendasikan tembok tembok lembab ganti warna beda warna bobot label dijamin memuaskan hikmat gak nipu,Fear
7654,bahannya tipis ukuran xl nya kekecilan sempit utk dipakai,Sadness
7655,barang bagus mengecewakan pesan rok kirim yg lg kemana responnya lg etika ngirim rok sy yg lg main curang sy tipu sy kecewa saran sy barang bagus tolong imbangin kejujuran biar berkah salam jujur jngan main curang,Sadness
7656,kerennnn korea hp roaming data ditetapkan langsung cpt ok produk ok penjual direkomendasikan,Love
7657,toko ajar kasih barang alasan,Anger
7658,toko dipercaya dikirim kekurangan baut karet dll penghalang terkena ghosting kabar itemp,Anger
7659,fast response pengiriman cepat packing aman rapi buku ori harga bersaing,Happy
7660,kali pesan kecewa hasil print meleset desain seller dikasih masukan menyalahkan pembeli ga beli,Fear
7661,harga elemen salah dikirim dipecahkan harga elemen murah membeli kali,Sadness
7662,kacamata rentan dipakai patah karet plastiknya menempel kaitan mudah patah,Sadness
7663,pia nya gak dikirim,Fear
7664,layanan mengecewakan,Sadness
7665,bola bagus bagus disukai anak,Love
7666,barang sesuai deskripsi,Happy
7667,dikirim cepat tanggapan menjual bather sehat membelinya toko,Fear
7668,jualan ngotottt nggak langkah toko nya abang,Anger
7669,rendangnya lembut n pengiriman cepat rekomended deh,Love
7670,brang nya item beli yg dtng,Fear
7671,barang aman cepat rekomen skali produknya,Love
7672,a very disappointed message sent by uuuuuuuu fffttttttttttttttttttttttttttttttttttttttttttttttttttttttttttttttttttttttttttttttttttttttttttttttttttttttttttttttttttt,Sadness
7673,topi nya lembut warna sesuai dgn foto,Happy
7674,saran penjual cek barang yg dikirim barang yg gak sesuai dikirim makan,Fear
7675,koq dibungkus bubble doank kardus sy jg bayar kardus bubble sis,Anger
7676,produk original nyaman dipakai pembelian puas sukses yaa,Love
7677,pengiriman oke jahitannya oke pas dapet kancingnya rusak,Sadness
7678,toples penyok dipakai dr pcs gpp msh berfungsi,Anger
7679,barang sesuai gambar cuman adaptor nyala terima kasih kurirnya,Happy
7680,brang nya item beli yg dtng,Fear
7681,toko ga sesuai isinya recommended,Fear
7682,masya allah bahan nya kaku ternya nya bahannya lembut nyaman pake suami langganan nih pelayanan nya memuaskan pokonya,Happy
7683,waahh keren n mantap barangnya pengiriman cepet banget udah nyampe thanks gan,Happy
7684,muatan nya gram kg kesel,Anger
7685,warna selaras dgn lamaran,Anger
7686,kecewa iklannya biru orange kirimnya biru sirver penjual yg yg kirim aja ditanggapi,Sadness
7687,gambar bagus dicoba topup ponsel nfc berterima kasih penjual,Love
7688,elemen cocok mengirimkan perbedaan murah harga barang,Sadness
7689,suka banget makasih kak,Love
7690,gak nyaman dipakai,Sadness
7691,kecewa kali bknnya test dlu sblom kirim tdk satupun yg bs hidup brg ringan yg sy bli ace brgnya berat bs hidup,Sadness
7692,pengiriman cpt produknya bagus bahannya tebal menerawang warnanya bagus puas pokoknya sukses tokonya,Happy
7693,barang sesuai transfaran menyala,Sadness
7694,kebaikan pengangkatan nya ganti konfirmasi memuaskan,Anger
7695,komunikasi response seller cepet banget packing rapi aman recommended deh,Love
7696,lengkap bagus pengiriman cepat terpercayaa nomor seindonesia,Love
7697,fiturnya bagus sesuai harga,Happy
7698,menemukan penjual membeli hewan peliharaan kargo seler penjual berat markup asli ekspedisi alasan dimensi barang masuk akal bentuk terpasang ringan membelinya penjual,Fear
7699,arrived safely yayy puas banget thank uuu mizan cantik banget bukunya ga defect apapun yuhu puass thank youu mizan,Love
7700,ancur dah pelayanannya gausah kesini dah kalo gak kapok,Anger
7701,pesan ukuran xl kuruan ngak pakai returnya gmn,Fear
7702,celemeknya tebal warna sesuai pesanan packingnya tebal barang toko variasi celemeknya memilih sesuai kebutuhan sukses seller,Happy
7703,sepatu ultra boost adidas menempelkannya mencuci tuli lengket berharap pembeli lengket sepatu,Fear
7704,puas banget barang sesuai harapan kualitas bahan bagus kokoh response penjual cepat terima kasih gan sukses ya,Happy
7705,jelek bgt nyesal nya,Anger
7706,dusnya robek terbuka kemasannyaa,Fear
7707,beli biji telp toko bagasi gk n d tawarin anjak murah gak eh dikirim among us yg uv bilang rugi,Anger
7708,barang selamat mic berfungsi emang kualitasnya meredam suara,Sadness
7709,nga secepat serapi,Sadness
7710,sayang banget dicuci pake mesin cuci langsung hancur,Sadness
7711,barang dikirim sesuai dipesan,Fear
7712,proses lumayan cpt packaging bubble wrap tipis jakarta aman dus penyok kualitas barang aman berfungsi compatoble dg cam iphone apps tambahan dengar hasil rekaman copot mic,Happy
7713,pengiriman kemasan penyok parah,Sadness
7714,worst service,Anger
7715,anak suka aman si,Love
7716,packing pakai selembar plastik kresek kertas basah,Fear
7717,admin ga niat kerja komplain selesai bintang ya kasih bintang kasihan bosnya karyawan yg empati komplain update perkembangan komplain,Sadness
7718,bos hebat,Love
7719,produk asli silent donk,Love
7720,hmmmm barang kokoh utk menyimpan barang berat doyong kemahalan utk tingkat kekokohan sorry,Sadness
7721,toko toko mati,Fear
7722,kesekian selokan beli terlindung,Love
7723,mudah dibersihkan sedotannya kuat kabel listrik harganya murah produk berkualitas tks baseus,Love
7724,efek kutu kehidupan memiliki tes curang harap vine,Fear
7725,barang bungkus plastik segel kantong kopi nya udh terbuka aroma kopi kecewa,Sadness
7726,celana pesanan angka,Sadness
7727,lubang utk muka sempit ga enak,Sadness
7728,hadiah dihancurkan,Fear
7729,jahitan rapi modelnya cantik warnanya cantik kk,Love
7730,beli penutup bahan penutup plastik berbeda terbuka pencampuran,Fear
7731,barang pengiriman kirim timbangan,Sadness
7732,ga sesuai banner nya free teflon teflon dikirim kecewa,Sadness
7733,buku kondisi aman pengemasan pengiriman lumayan,Happy
7734,kecewa pesan cat sepatu kirim lem hadeeeh ya yg sih kecewa,Sadness
7735,pesanan dikirim komunikasi apapun solusi pengembalian barang biaya,Fear
7736,kualitas bahan produk original berfungsi,Love
7737,bahannya adem nyaman dipakai menerawang tipis,Happy
7738,gatel tenggorokan jgn beli deh loe nyesel gw beli,Fear
7739,bahan alami memicu alergi bahan pengawet aman bayi,Happy
7740,seller ramah sedikitpun batal nambah pesanan biar hemat ongkir seller menerima pengajuan pembatalan check ulang lg dgn dana lbh deskripsi produk jg ga aturan ya ga dikirim seller rese gini rugi dobel tokped membantu sedikitpun cuman suruh diskusiin aja penjual keras kepala very recommended kapok,Sadness
7741,kemasan diperbaiki tumpahan parfum,Fear
7742,barang setimpal dipesan pesan serbaserbi warna hitam smua,Sadness
7743,memuat mesin cuci electrolux bahan tahan air,Fear
7744,hansip bubblewrap,Anger
7745,pembelian yg sy kecewa krn lampunya nggak nyala jg cetekan yg tdk buny,Sadness
7746,penjual disarankan direkomendasikan itikad tanggung siller harap,Fear
7747,masker tertipis beli,Anger
7748,warna menarik anak bahagia gambar,Love
7749,lawan kecurangan elemen seimbang erti,Fear
7750,barang bagus oke cepat pengirimannya,Happy
7751,kecewa,Sadness
7752,seller responsif barang sesuai harga sambungannya pas saran beli warna gelap sambungan matras overall puas thx seller,Happy
7753,,Sadness
7754,kecewa chat kg bls wa kg bls lari gitu aj sampah,Anger
7755,kualitas jelek suara mic udah max suara,Sadness
7756,pesen double box ga wujudnya,Sadness
7757,pas mantab keabisan stock skrg kebagian,Happy
7758,baguuuus sesuai pesanan semoga sukses,Happy
7759,buku sesuai dgn harganya colorfull harga ekonimis sj buku yg bbrp halamannya kosong sprti yg buki zebra halaman kosong sis sy beli buah blm sy cek sis,Sadness
7760,sesuai ekspetasi,Happy
7761,kualitas unduhan bagus produksi terbaru paket penjual sederhana,Love
7762,lilin ibnu lelaki lilin kanjeng sultan,Love
7763,bau kualitas buruk cat bergelombang,Fear
7764,plastik tersendiri adem,Fear
7765,cakep bangetttt mulus selangkah ekspektasi thank oke,Love
7766,barang sesuai gambar deskripsi tali nya kependekan,Happy
7767,elemen sesuai tanggapannya lambat mengirimkannya jam tangan sampay barang dikirim diterima cat laboratorium,Fear
7768,payahhh packing cm plastik dustnya manaaa,Anger
7769,tertulis hadiah taunya bohong loh g bonusnya gk,Anger
7770,prosesnya semoga studi tim logitech,Fear
7771,barangnya bagus banget sesuai harga gagangnya kokoh banget keliatannya kaya bagus gitu,Love
7772,jujur memaksa barang menjual barang dikirim sesuai pesanan pembeli disuruh mengirim barang memiliki solusi risiko barang ditawarkan,Anger
7773,enak dipakai jahitannya rapi,Happy
7774,barang rusak pesen tgl tgl sempet pake wedingan pas cas udah drop gabisa isi daya hadehh kepake tok,Sadness
7775,beli dikirim komplain no respon gak solutif rugi beli kapok,Anger
7776,diskon nya nipu barang nya sesuai harga,Fear
7777,arahan yg putih kirim yg setimpal,Fear
7778,driver ngaco tokonya barang smart namanya bengak gua kasih puas komen jg lu bintang satunya driver,Anger
7779,komputer hitam black berlawanan,Sadness
7780,overall keren paking aman seller ramah n fast respond jga,Happy
7781,top,Love
7782,ikan betta hebat sehat langsung menyesuaikan air sirip ekor akuarium bgt,Love
7783,bahannya buruk kecepatan rusak tali meninggalkannya,Anger
7784,puas kacamatanya pikir pakai kaca asli ok harganya mahal dibanding yg far kualitas bagus ringan enak dipakai,Happy
7785,well sampe fix beban terlama tokped sobek bungkusnya ok thanks dsini,Anger
7786,pake rutin g hasil payah,Anger
7787,sulit tanda kartu buruk,Anger
7788,pengunci baling baling nya tidakk next dicek teliti sbelum kirim bagus cocok kipas angin rusak,Sadness
7789,barang printer kirim rusak admin online membalas chat claim garansi,Fear
7790,mantap bahannya metal kuat udah dicoba sampe fret suaranya ga sember capo gitar akustik ya klasik bentuknya karetnya melengkung menyesuaikan bentuk fret akustik datar kyk gitar klasik,Happy
7791,barang kirim sesuai gambar yg pesan,Fear
7792,dapetnya gratis tokped ehh dikirimnyapun seenak jidat packing jelek mainannya gak dicek rodanya depannya gak keretanya gak jalan sorry gak difoto keburu kesel mainannya udh ancur kayaknya ponakan next kalo pesanan diliat apapun ya layani aja penuh hati,Fear
7793,positive quality bonus pelindung kabel,Happy
7794,tatanan hitam pcs hitam,Sadness
7795,pesannya,Fear
7796,sisir sisir bagus tombolnya mudah ditekan mudah melepaskan bulu,Love
7797,tipis banget ukurannya sesuai usia,Sadness
7798,toko amanah dikirim kekurangannya karet baut dll penahan kena ghosting kabar itikad terima kasih,Anger
7799,hancur dikasih yg tempe yg utuh bayar,Sadness
7800,lamaaaaaa bngt kirimnya,Anger
7801,udh diisi ga full banjir minyak jdi isi nya stgh lbh dkit dr kecilnya ga lbh dr sendok makan maaf ga worth utk hrg segini,Fear
7802,sablonan bagus pas cuci ancur sablonannya,Sadness
7803,pakai krn habiskan stock yg skr kualitasnya aus krn cair beda yg tdk cair pdhal suka produk disayankan kualitasnya turun krn dicampur tirta,Fear
7804,pengiriman cepat buku aman,Happy
7805,wow designnya bagus banget pengiriman cepat kualitas bagussss banget scan beneran kartu uno asli ga ketukar ya kayaknya repeat order pakai design deh thanks seller,Love
7806,barang berbededa foto,Fear
7807,barang bagus berfungsi hasil pengepelan bersih pengiriman cepat,Happy
7808,mantab respon cepat pesanan mengecewakan rekomended belanja spare part terima kasih kerja samanya,Love
7809,kacamata kotor bekas stok kotoran ramatnya,Anger
7810,penjual direkomendasikan nasihat dikirim itikad penjual membantu orang membuatnya,Fear
7811,product ok tp sayang sachet nya yg sobek nya beraktakan gel,Sadness
7812,balonnya ga sesuai gambar ga bagus kualitas ketipu dr gambar nya kecewa,Sadness
7813,elemennya orang duraun berbicara sesuai pengaturan pejabat,Sadness
7814,anti lengketnya ok woknya ringan kl masak yg pancinya hrs dipegang yg plg kecewa lapisan wok langsung terkelupas pdhl wokny bergeser krn sy sll masak sll megang woknya smg anti lengketnya jg awet,Sadness
7815,kondisi barang kotor sulit dibersihkan,Fear
7816,lucu tasnya murah sesuai harga sih kualitasnya pas dianak,Love
7817,suara noise mencari saluran radio mengganggu mode bluetooth mendengarkan musik bikin sakit telinga,Sadness
7818,the best pokoknya harga murah kualitas nomor,Love
7819,beli paket dikirim paket kekecewaan,Sadness
7820,produk sesuai deskripsi penjual dikirimkan salah solusi instruksi ditulis deskripsi,Fear
7821,barang penyok gaes klo ekspedisi kardus rusak kardusnya tebal mulus returan sy toko sebelah dibalikin toped bohong foto yg dikirim tokopedia care foto paket untung asuransi terima claim gaes nutrilon amanah,Fear
7822,bawaan dikirim setimbang dipesan,Fear
7823,kekecewaan elemen kotak dibuka memecahkan botol pecah tersisa,Sadness
7824,kirim paket ga ngotak resolusi arbiter tokopedia useless,Anger
7825,tokopedia dabest thankssssssssssssssss,Love
7826,pengiriman buruk respons penjual buruk ah kapok pesanan mengambil untung menerima item,Anger
7827,kopernya penuh terkelupas,Sadness
7828,beli sabtu proses senin kirim selasa rabu beli minggu kirim minggu nyampe senin gak beli disin,Fear
7829,mantaaappp bagus kereeennn,Love
7830,warna kuning gold gold nya keras seller,Anger
7831,order yg packingnya rapi lilin tulisan ulang rentan patah dimasukkan kardus pengirimannya cepat barang yg dipesan lengkap kualitas bagus ga yg bocor lilin tulisan ultah nya ga yg patah anak keladak ki senaaaaang terima kasih oke,Love
7832,mengecewakan barangnya,Sadness
7833,kekecewaan produk,Sadness
7834,ukuran fit dipakai nyaman dipakai jaketnya stylish packaging aman proses pesanan cepat keren modelnya,Happy
7835,data kesalahan menghilang,Sadness
7836,baranh dikirim penipuan,Fear
7837,barang dikirim sesuai model,Anger
7838,elemennya bagus tanggapannya cepat terhubung membantu berterima kasih sis harap sukses,Love
7839,sabun mint mint mandi air dingin,Love
7840,barang sampah kecewa belanja modbo rusak dikirim,Anger
7841,jelek mudah rusak,Sadness
7842,pagus mengulangi pengaturannya,Love
7843,barangnya gak sebanding gambar aja pantes hrg murah,Fear
7844,barang paket,Anger
7845,barang sesuai deskripsi pegangan kokoh stabil packaging aman bagus orderan puas seller gercep minggu dikirim kurir cepat next order,Love
7846,barang diterima cacat yg nyobek kali packingnya kresek doank jga cma lapis,Fear
7847,udah bbrp kali beli app ijo oren puas dgn barangnya pembelian kecewa sih beli oyster cement asumsi warnanya abu muda dove grey cement mulus teksturnya sprti katalog cari referensi ulasan blm menemukan foto realnya order pas hasilnya kuning bayangan bandingkan dove grey cement pembelian tnyata beda banget photo attached mgkn kali seller kalo foto produknya disetting balancenya akurat netral warnanya produk seller jg komunikatif sblmnya foto produknya yg zoom customer pls note oyster cement sprti ya plus point packing rapi pengiriman cepat,Sadness
7848,item kardus rusak membawanya menerima kardus kecewa menerima barang diterima paasnya terbuka pembersih basah tumpah membukanya,Sadness
7849,over bagus pengirimannya bermasalah terimakasih,Happy
7850,bahan tipis kualitas buruk,Anger
7851,membina,Love
7852,paten mantab efektif high quality fast respon rekomen bingit,Love
7853,responsnya cocok deskripsi solusi,Sadness
7854,warna ready bayar jam dibilang warna habis jgn kayak gitulah sy cari warnanya,Sadness
7855,build quality cakep normal smua gak recomended bgt,Love
7856,kecewa bangett beli lgsg bayar tanggal agustus skrg tanggal september beban diterima complaint minggu dr tanggal pemesanan krn sabar dipikir skrg udh sebulan dibilang follow kondisi bawaan yg complaint selesai ngga paham jdnya gimana penyelesaiannya,Anger
7857,pengiriman atc tpi gak beberpa hr dlu br kirim,Anger
7858,kamera beli dipakai layarnya rusak harga yg mahal barangnya bagus mutunya,Sadness
7859,tenteram sesuai orderan blm coba semoga bagus,Love
7860,nyaman banget dipakai gerak maksimal kualitas bahan bagus,Happy
7861,produknya ok bermanfaat utk mrnjaga merawat kebersihan anabul langganan beli terimakasih seller,Happy
7862,nyaman kuping bassnya mantaap,Love
7863,bawaan bawaan harga ekonomi kualitas barangnya penjual ekonomis,Love
7864,warnanya selaras aplikasi,Anger
7865,mantabbbb bawaan gagah berkuslitass topp dahhh,Love
7866,bam pengerasnya gak dikirim,Fear
7867,kualitas produk diragukan komplain membantu,Sadness
7868,pembelian pembelian detik membeli mangkuk efek plastik membelinya,Sadness
7869,penjual layak permintaan kepercayaan mengirim topeng abu hitam,Anger
7870,pengiriman banget kurirnya gagal pickup lumayan gawat packingnya tipiss bublewrap strikanya jg menurutku ga riskan jd setrikanya,Fear
7871,jahitan rapi,Happy
7872,bahannya jelek pake sehari sdh rusak,Fear
7873,barang sesuai deskripsi pengiriman cepat seller responship ramahterimakasih seller tokopedia,Happy
7874,respons proses konfirmasi obrolan respons,Fear
7875,paking rapih kondisi barang mantap kualitas sesuai harga joss,Happy
7876,bagasi printer kirim rusak admin online membalas chat claim sandar,Fear
7877,barang ga gara gara sicepat ngilangin barangnya dana pengembalian belom masuk admin membantu pas komplain selesai dananya ga masuk ga dibales chatnya,Fear
7878,lumayan sesuai hrg pengiriman cepat,Happy
7879,rusak pcs gak pakai packing,Anger
7880,terima kasih berhasil layanan barang asli berhasil penjual mudah harga layanan hebat,Love
7881,beban yg dikirim penjual janji dikirim sy order order dateng disertakan penghinaan barangnya penipu sellernya,Anger
7882,warna sesuai permintaan note dikirim warna random,Sadness
7883,muatan pengemasan kardus usang,Anger
7884,gausah beli ringlight yg dikirim barang rusak ringlightnya mati packingan tipis tripodnya bengkok pengembalian dana ribet ga dgn tripodnya ringlightnya gabisa dipake sm kembaliin ringlight aja beli duit,Fear
7885,microphone sisi kiri bassnya,Sadness
7886,respon seller sesuai deskripsi mudah pemasangan puas saran membangun stik ps bawaan ditingkatkan pilihan upgrade worth harga segini pengiriman sesuai jadwal,Happy
7887,barangnya gak sesuai gambar aja pantes hrg murah,Fear
7888,ga stand hanger pesanan tambahin biaya,Anger
7889,packing nya bocor oli kemana kecewa,Sadness
7890,ga packing bubble nya,Anger
7891,kecewa toko official ga tau pesenan ga dikonfirmasi sampe batalin sistem ga direspon pesanan disuruh pesan tokonya dikonfirmasi doang ga dikirim sampe udah tinggal menit dibatalin sistem untungnya gara chat cs tokopedia barang dikirim didetik ga sampe situ aja payahnya barang diambil kurir tanggal pickup barang kurir proses kirim lemot muter udah rumah tanggal jam malem paketnya sampe,Sadness
7892,produk ok sesuai gambar,Happy
7893,penyelesaian permasalahan berbelit zaman online ya,Anger
7894,bajunya gak sesuai dg fotonya mereknya gak digunting,Fear
7895,kecewa item kotak dibuka memadamkan botol belah tersisa,Sadness
7896,deskripsi produk tp real yg diterima,Fear
7897,chat menyahut kuota janjikan nya masuk peroi la parah parah,Anger
7898,dapet barang gak bagus analog kiri gabisa jalan serong kanan kiri retur ribet seller slow respon alhasil pajangan aja nih stick edit seminggu analog gabisa jalan sekalii penjual ga responn nyesel,Fear
7899,yng beli alat pake kali besiny copot base nya seller solusi replacement refund sarankan membeli merek dripda membeli brang defect toko,Fear
7900,bagus bangett makasii dpt hadiah dr tokpedddddtidak menerawang ukuran sesuai ringan dipakai warnanya bagus bahan menyerap keringat jahitannya rapi,Love
7901,packing super aman rapih kaleng kardus yg lapisi bubble wrap tebal kaleng nya kardus dijadikan ragu aman ga pesan susu pakai jasa kirim reguler karna pakai instant alhamdulillah ga penyok pesan kaleng sukses seller,Happy
7902,isi gelembung tambahkan kontak kontak kardus peduli dikirim terpisah kasusnya langsung disepakati,Anger
7903,nope kepikiran beli saran product rto gajelas cs sales service yg buruk dijamin pengalaman kecewa,Fear
7904,karungnya lbh byk yg rusak drpd yg bagusnya ga bs dipakai beras lg,Fear
7905,komunikatif wrn yg pilih ga sdh chat conform kirim yg aja yg ga ga usa kirim kirim wrn,Anger
7906,dipakai menit penghisapnya mati total,Sadness
7907,quality control ny tdk teliti yg kuning lubang ny,Sadness
7908,rumbing,Anger
7909,cepat respon baju tidur yg sesuai deskripsi ukuran gambar bahan kaos katun,Happy
7910,warnanya ga sesuai photo deskripsi warna sepatu deskripsi aga crem dateng gelap,Sadness
7911,gambar penawaran alternatif berisi hadiah harga berbeda,Fear
7912,segi estetik bagus banget cengkramannya kalo pake kadang suaranya geter dipake harga segitu worth designnya elegant,Happy
7913,bagus bgt seller baikbgt tolong kirim kado lgsg dikirim hasil cetak fotonya jg bagusbgt,Happy
7914,lilin saudara lelaki sultan lilin,Love
7915,belanja mantap pengiriman cepat barangnya rekomended packing aman rapi belanja insyaallah,Love
7916,rusak,Anger
7917,pengaruh,Sadness
7918,item nada dering,Sadness
7919,alhamdulillah barang kondisi penyok tdk retak patah barangny sesuai dgn foto bahan produk jg bagus seller fast respon thanx,Happy
7920,aja harga mahal dri toko sebelah,Fear
7921,barangnya bagus banget response nya cepet komunikatif membantu makasih ya kak semoga sukses yah,Love
7922,pesanan,Anger
7923,material produk bagus kualitas produk bagus ukuran produk sesuai produk original,Happy
7924,sepatunya bagus sepatunya mletot berat ukuran sepatu lari harganya sesuai,Happy
7925,pengiriman lambat sesuai jadwal puas,Happy
7926,low quality harga nggak berbohong,Anger
7927,beli toko resmi feb feb siang cepat cussons harga penjualan flash murah,Love
7928,tipis keterangan besi tp yg dikrim aluminium tipis lembek,Sadness
7929,suka wangi lemon grass panas terhirup,Sadness
7930,bintang packing ga pake bubble wrap selamat ccd penjual fast respon proses barang sesuai terdeteksi xbox controller colok langsung pakai config,Happy
7931,pakai,Fear
7932,pengiriman cepat ga tajam skali ranting butuh tenaga lumayan digunting,Sadness
7933,barang cpt sampe sesuai pesanan packingnya rapi respon seller,Happy
7934,suara mikrofon berkualitas buruk maksimal,Sadness
7935,kaosnya enak pakainya,Happy
7936,barang cacad dent kabel usb adapter gk jalan,Anger
7937,pengiriman cepat barang diterima kondisi,Happy
7938,proses cepat kartu sim card pulau jeju lancar halangan makasih kenikura,Happy
7939,sesuai deskripsi aman kulit bayi melembabkan kulit bayi nggak memicu alergi nggak lengket,Happy
7940,jujur memaksa barang menjual barang dikirim sesuai pesanan pembeli disuruh mengirim barang memiliki solusi risiko barang ditawarkan,Anger
7941,barang berfungsi norma kecuali kabel usb nya rusak pake kabel usb hp komplen toko maaf menawarkan diganti tolong cek dikirim tks,Sadness
7942,bahan nyan lembut empuk enak tidur enak gak pegel pegel pas bangun tidur bye bye salah bantal material bagus halus ukuran sesuai bagus banget harga terjangkau,Love
7943,ga berfungsi,Sadness
7944,kado loh dusnya lebur,Fear
7945,pelayanan cepat memuaskan,Happy
7946,mantap recommended respon seller bintang pesan malam langsung,Love
7947,aneh penjual lapisan lapisan gulungan gelembung gulungan penjual menjual gelembung menjual vga ya,Fear
7948,kartu sd nya gb official mksofficial kecewa original,Sadness
7949,pesan dikirim bayar kecewa,Anger
7950,plastik sdh terbuka barang tersegel nya warna biru dpt nya warna hitam,Fear
7951,gak ad solusi uang ny berkah acc mba,Anger
7952,gercep adminnya nih terpilih pokoknya,Love
7953,bagus pengiriman cepat,Happy
7954,harga oke kualitas barang oke kecepatan pengiriman oke,Happy
7955,warna yg dipilih kuning knp dikasih yg hijau,Anger
7956,pengemudi bagus elemennya pintar,Anger
7957,harga segitu lumayan bagus suka,Love
7958,kali dimsum nya hancur,Sadness
7959,kekecewaan mengirimkan elemen rusak cenderung harga murah,Fear
7960,pesen tanggal barang sampe tanggal jakarta dichat udah dikirim tanggal pas tracking tanggal aja tulisannya reschedule pickup parcel ready dipick adidas official pelayanannya gini hadeh,Anger
7961,mengawur beli gabisa dituker pas coba gabisa pas klaim agun gimana bales bot tai,Anger
7962,kirim elemen perawatan,Fear
7963,talinya gak gak diikatkan dibagian keliatan gak pas,Sadness
7964,kerennnn korea hp data roaming gak setting langsung bs order cpt produk ok recommended seller,Love
7965,berlangganan cat pencetakan layar hasil penjual ajib ajib,Love
7966,pejabat menghubungkan cs jawabannya,Anger
7967,barang terima yg bocor yg kosong barang sesuai deskripsi,Sadness
7968,barangnya original instalasi mudah garansi resmi tahan,Love
7969,belinya transpulmin baby yg sampe transpulmin kids sorry dksih bintang biar perbaikan kedepannya thx,Sadness
7970,maaf ya produk yg kasih bintang semprotan sprayer nya abadi a awet tdk bs dipake coba diperbaiki ya ttp tdk nya kahf alih supplier botol deh,Sadness
7971,quality muatan jelek baut hempas,Anger
7972,lapuk bacin,Anger
7973,bintang prosesnya lambat pesanan barang kamis pengiriman barang minggu sore kesalahan kurir status proses kamis sabtu malam kurir informasi penjual i membaca kebijakan toleransi covid kamis minggu,Anger
7974,lucuuu gambarnya bahannya tipis ya gapapa adem thanks seller,Love
7975,ukurannya harapan,Sadness
7976,sengaja selesaikan pesanan nulis ulasan sesuai pengalaman belanja dintoko tamyakan via chat foto asli ikan ikannya sesuai gambar etalase burayak faktanya non sense yg dikirim burayak,Anger
7977,barang diterima catat thanks yaaa,Happy
7978,barang rusak dikirim,Anger
7979,pelayanan tokonya sampah,Anger
7980,paking oke bagus mohon perbaikan stik bergetar henti mesin hang ganti game mohon diperbaiki gan selisih ongkir trims,Fear
7981,lumayan dipake jalan suka lecet pas jepit jempol kaki telunjuk sakit,Sadness
7982,elemen dibuka menggunakannya,Sadness
7983,material produk bagus ukuran produk sesuai produk sesuai kualitas produk bagus,Happy
7984,mengesankan uang menerima default,Anger
7985,toko barang rusak dikenakan biaya konsumen penjual gelembung dibebankan pembeli,Anger
7986,barangnya gk berfungsi semestinya,Anger
7987,pengirimannya cepet barangnya sesuai ekspektasi,Sadness
7988,produk bgs packing bgs pengiriman cpt,Happy
7989,brue brue bottle brgt bgt,Anger
7990,memetieskan pengepakannya nikmat,Love
7991,mantabbbb barang bagus berkuslitass topp dahhh,Love
7992,layak packing nya bubblenya kempes bekas pakai,Anger
7993,packing nya bocor oli kemana kecewa,Sadness
7994,beli lenyap zoom menelepon cs permintaan garansi webcam ga hadeuhh jutaan kualitas sampah,Anger
7995,gajelas,Anger
7996,kualitas kualitas bagus harga wajar,Love
7997,mantap nih kartu murah bagus kualitas nya gak nyesel,Happy
7998,item buruk,Sadness
7999,kali kesekian memesan layar hijau puas layanan produk,Love
8000,drawlernya ga kebuka manual yg otomatis,Sadness
8001,mc deskripsi iklan paket yg terima charger plus adapter micro sd tulisan happy box komplen terlantas klik terima bagasi komplen mc bagasi ujungnya disangka ga terima,Fear
8002,keren ya gretongan haahaaaa tulen,Anger
8003,pengait senter patahh sangt kecewaa,Sadness
8004,alasan bintang evaluasi tergantung efektivitas produk beli efeknya menggunakannya,Sadness
8005,pembelian bagus,Love
8006,salah kursus berdiri kunci malas sesuai harga x ya menanggapi denda maaf penjualnya,Fear
8007,desainnya mewah aplikator mudah dipakai,Happy
8008,pengepakan bungkus gelembung kali tambahkan komunikasi kardus mengganggu dikirim terpisah kasusnya instan dikendalikan,Anger
8009,ga sesuai ama yg fhoto pas nyampe lilunnya buanged ukurannya,Fear
8010,barangnya sih jujur sellernya aja yg nyebelin maksudnya pengen ubah alamat doang tp ga bisaa,Fear
8011,pembelian rada kecewa baut pegangan uda doll nih drat nya kencangkan baut nya tp ttp pegangan nya goyah gak kokoh produk reject,Sadness
8012,saran dikasih silikon nya indikator charge dikasih lubang biar keliatan overall puas barangnya,Happy
8013,seller slow respon pengiriman kali yg sy kasih bintang krn barangnya respon sellernya,Anger
8014,sempurna packing nya doang yg aman dr benturan,Happy
8015,pembelian packingnya tolong benahi bubble doang lakban seadanya bolong sebelah,Fear
8016,mesin sesuai yg dibutuhkan cs nya ramah yg butuhkan,Happy
8017,paking rapih banget pengiriman cepat barang pas mantulllllllllllll langganan mah malem takbiran pesen,Love
8018,kue mencoba masam kue mengeluh penjual dikonsumsi dimakan,Fear
8019,puas banget rekomen deh toko beli cat pilok pengiriman nya cepat secepat kilat semoga beli toko amin terimakasih ya,Love
8020,order mantab,Love
8021,lapisan preventif kotak plastik kubis diterima ember mucikari menutup toko,Anger
8022,barang sampah dikirimkan alamat tong sampah mengecewakan admin merespon chat lihat barang yg dikirimkan dead pixel layar monitornya kebalik mengecewakan catatan yg beli monitor kualitas layar rejeki belilah merek yg bagus menyesal belanja merekomendasikan belanja,Anger
8023,gagang patah coba dilem pakai lem cina blm tau kuat ngga,Sadness
8024,barang cd driver nya,Sadness
8025,lcd nya bagus lumayan hiburan layarnya kabel casan berfungsi ga dikasih colokannya semoga amanah gan,Happy
8026,kecewa barang selesaikan tolong lacak,Sadness
8027,direkomendasikan tembok tembok lembab ganti warna beda warna isi label dijamin memuaskan harga gak nipu,Fear
8028,disarankan pembeli membeli tambahan packing selebihnya kertasnya ok cacat harganya terjangkau best,Love
8029,not recommend gak sesuai harga beli toko harga kualitas maaf review jujur,Fear
8030,kecewa robot nya lemot kyaxnya yg kw ny ga dah blanja,Fear
8031,barang dgn cacat barangnya tp ttep memuaskan dgn,Happy
8032,dibeli menuangkan kopi terbaik,Love
8033,pengiriman cepat seller responsif,Happy
8034,produk ga diragukan sensornya ga delay dieksekusinya mantap,Happy
8035,order minggu sampainya rabu nya ampuun tanyain info overload paket itupun selasa dikirim ga konfirmasi overload paket ga tanggungjawab,Anger
8036,relapict suka pokoknya,Love
8037,barangnya ga sesuai gambar ukuran nya kecewa pkoknya,Sadness
8038,bagus bukunya terima kasih,Love
8039,bagusss bgt ikannyaa,Love
8040,penjual merekomendasikan responden,Love
8041,barang diterima,Happy
8042,sip gaes diorder toko,Love
8043,jujur sy ragu box plastik kalah yg bwh sensi ya higienisnya sih,Fear
8044,kondisi barang rusak packingnya,Anger
8045,tolong gan nya ga mw tampilkab gambar tv pakai hdmi lampu power yg merah kedap kedip trus,Fear
8046,merk promo take picture update ulasanya barusan search knife ngadain promo jual barang bener kecewa brand gm percaya berkali kali,Sadness
8047,pesenan sesuai packing paket aman seller pengiriman cepat recommended tksh seller,Love
8048,bagus bngt cmn klau dpercepat pengirimannya ya kak kali,Love
8049,dendeng daging sapi asli campuran,Fear
8050,kecewa pelayanan toko nyesal denga toko paket dah paket pelajaran sarankan pembeli nasihat deh barang bertanggung,Sadness
8051,packingan aman rapi barangnya bagus makasi oxihom tokopedia j express,Happy
8052,butut adab kuning ijo stabilo barang jelek,Anger
8053,item rusak seminggu tanggapan penjual buruk garansi obrolan,Fear
8054,barang original packaging aman,Happy
8055,chat balas kuota janjikan nya menggenjot hancur la gawat gawat,Anger
8056,silikon jelek mudah terdistorsi kualitas laundu bayangkan kualitas philips,Anger
8057,bau nya mengganggu,Anger
8058,nyesel pake yg day rugi dikirimnya,Fear
8059,beli yg kabel charger gimana,Fear
8060,bagus banget,Love
8061,beli barang yg dikirim beda tdk sesuai pulak pdhl sdh klik ukuran hrg nya mahal jd penjual yg jujur biar hslnya berkah,Anger
8062,overall ok,Love
8063,brg smpai dg aman peking rapi kualitas bahan sesuai harga,Happy
8064,ok,Love
8065,respons cepat pengemasan rapi rgb disarankan,Love
8066,baso nya asemmm basi ngga enak banget orang beda beda yah pulau deh klau beli jamin basiii,Anger
8067,wanginya segeerr nyaman baby klo bapil packaging rapih seller ramaah thank sukses yaa,Love
8068,bagus strap nya seller jg krmnya cepat,Happy
8069,silikon jelek mudah didistorsi kualitas kejang bagus membayangkan kualitas philips,Anger
8070,sepatu adidas ultra boost sya asese udh dicuci bersih trus sya rempelas yg lem tpi tetep gamau asese semoga pembeli yg asese gak sepatu sya,Fear
8071,elemen rusak seminggu tanggapan penjual jaminan percakapan,Fear
8072,kemasan box jenazah,Anger
8073,no good puassss,Anger
8074,tali senter kepala berubah gak bagus kecewa,Sadness
8075,pesen dikirim,Anger
8076,penjual responsive barang selamat order bawa turki ka terimakasih ya ka,Love
8077,rekomended packing bubble warp order seharga cebann niceee,Love
8078,sesuai dpat dipakai,Fear
8079,packingnya rapihh bangetttt tenteram penjelajahan jabodetabek,Love
8080,trimaksih daster grtisan toped jdi gak komplain nmnya grtisan yg emang gak sesuai sih sma gambar bagus bahannya tebel trnyata gak nerawang ringan dipakai menerawang ukuran sesuai warnanya bagus bahan menyerap keringat jahitannya rapi,Happy
8081,cepet bgt packing termat aman tdk bocor bubble wrap tebellll blm dicoba semoga bermanfaat,Happy
8082,mantaaap tanggap banget fast respon juossssssss,Love
8083,elemen frustrasi rusak kali menjual elemen jujur merusak,Anger
8084,bagus lem,Anger
8085,cs ramah fast response produk lancar korea,Happy
8086,order yg ko sy kecewa bungkus pecah kopi berhamburan k gak tau kesalahan dr selese seler kurir,Sadness
8087,kali kecewa dapet udah kadaluarsa minum sehari besoknya udah asem gak diminum mohon pastikan tgl kadaluarsanya setuju kecewa,Sadness
8088,material produk bagus ukuran produk sesuai,Happy
8089,tanggapan pengiriman siang malam,Love
8090,barang berfungsi recommended seller,Love
8091,langganan beli minigold,Love
8092,pengiriman sesuai jadwal barang coba berfungsi smoga awet ya,Happy
8093,beli beda warna xxl beda ukuran warna hitam ukuran l dimasukin xxl parah sih toleransi ukuran lg kl beda segitu,Anger
8094,beli ngeblur dipakai zoom menghubungi cs nya suruh klaim tagamenggagunkan v mempertaruhkan aja pertanda ga hadeuhh webcam jutaan kualitas sampah,Anger
8095,pengiriman cepat barang aman bocor seller fast respons,Happy
8096,puas banget murah ga murahan gradasi warnanya berbudaya menandingi ekspektasi,Love
8097,suara sebelah produk bermasalah kaulitas kontrolnya gak rekomen,Fear
8098,kerabat saudaranya ps tombol hijau tombol hijau tenteram,Fear
8099,seller ramah informatif proses delivery cepat packing rapih secure thanks sample bonus,Happy
8100,alhamdulillah pesanan cat diproses cepat ditanggapi,Happy
8101,empuk manis gede dagingnya bijinya respon seller cepat gratis ongkirnya cepat mantap deh beli,Happy
8102,barangnya,Sadness
8103,oke sippppppppp mantapppppppppp,Love
8104,barang dah benyek benyek kerusakan ga diganti pengemasan buruk harap pelajaran,Sadness
8105,mantap barang cepet sampenya seller positive respon harga pass kualitas oke rekomen banget pokoknya,Love
8106,pake masker nya kulit alergi ampe kemerahan membengkak bingung gimana,Sadness
8107,menulis semen besi menyelamatkan penjual motivasi mengirim motif acak,Fear
8108,kecewa anak usia memuat kain kecewa,Sadness
8109,ancur dah pelayanannya gausah kesini dah kalo gak kapok,Anger
8110,sukaaa beli total suamiku model bahan nyaman memakai warna tanggapan penjual mengirim elemen cepat,Love
8111,barangnya original garansi resmi kelengkapan sesuai kemasan disegel warna sesuai pesanan spesifikasi sesuai suara jernih berfungsi barangnya mulus kamera tajam proses pesanan cepat packaging rapi packaging aman respon penjualnya top penjualnya ramah banget baterai awet,Happy
8112,isi buku bagus beli disampul menyatu potong cutter pisau manual saran seller memeriksa barang dikirimkan memberitahu kecacatan konsumen chat barang cuman diread semoga bahan intropeksi tokonya maju,Happy
8113,pengiriman cepat barang sesuai,Happy
8114,bagus admin garcep warna kosong langsung konfirmasibahannya adem jahitan rapi warnanya cantik,Happy
8115,obrolan imbalan memasuki sesi dijanjikan,Anger
8116,bocor kebocoran penyamakan diselesaikan,Fear
8117,auto langganan,Love
8118,barang diterima dicoba rusak masak nasi panas dibawa service center heating element nya rusak nunggu service minggu ganti barang dicoba rusak kondisi megang rice cookernya nunggu diservice repot service diluar kota,Fear
8119,pelayanannya buruk,Anger
8120,wanginya segeerr enak baby klo bapil packaging rapih seller ramaah thank sukses yaa,Love
8121,oke sih bahannya enak dipakai tebal tipisnya jg perfect sy ga ketebelan ga ketipisan,Happy
8122,toples bahan bagus tutup toples pita lubangnya mudah menarik sekolah menengah maaf ulasan bagus,Fear
8123,puas banget sesuai pesanan terima kasih,Happy
8124,potongannya rapi ukurannya sesuai warnanya cantik bahannya adem produk berkualitas produk sesuai foto,Happy
8125,suka body wash,Love
8126,pikir item datar makanan ditulis diganti,Fear
8127,bangke sampe rumah mati beli,Anger
8128,beli biji telp toko bawaan gk n d tawarin bergerak murah gak eh dikirim among us yg uv bilang rugi,Anger
8129,mantap smuanya oke pesta yg sederhana rame order terima kasih seller tokped kirimannya,Love
8130,barang g smapai hilang kurir uang refund,Fear
8131,mantap cepat,Happy
8132,poharhh mengisi debu cm debu,Anger
8133,produk sesuai deskripsi,Happy
8134,sampulnya pakai hard cover hard cover dilapis soft cover kesannya berantakan pembatas bukunya cepat lepas pd baca buku,Sadness
8135,tubuh bennita,Love
8136,elemennya lengket lemah,Anger
8137,penjual cepat tanggap barang cepat sampainya terima kasih,Happy
8138,suaranya tetep ae,Fear
8139,hore dpt harga kejar diskon trnyata produk ori paking aman isiny byk n pulpen ny enak pakai anak suka bgt makasih joyko,Happy
8140,cm sih pesanan sebelah rapi jahitan bawahnya diperbaiki kedepannya thanx,Fear
8141,barang sesuai pesanan,Happy
8142,harga kualitas konstruksi bahan tubuhnya bagus bahan plastik kuat menghentikan beban ponsel kadang pemegang leg ponselnya kelengkungan setahun kayu mount rusak gambar letakkan pemegang kaki pemegang merek pemegang merek pembawa virtual bagus,Sadness
8143,barang diterima rapi,Sadness
8144,kecewa karna isinya tumpah pengiriman,Sadness
8145,penjual jujur pengiriman pdhl memesan gojek instan pesanan info suara hello didukung membeli apel didorong dibuka item aneh dibuka suara muncul pabrik eh mengirimkannya dikirim kenyataannya baterai menunggu sekolah menengah dikirim membeli item apple item apple batt minimum penuh aktif hehe boong ya membelinya,Fear
8146,teman yg terjun dunia musik barangnya memuaskan mohon diperbaiki produknya thx,Sadness
8147,barang kirim respon penjual payah mengecewakan bikin kapok barang nggak tolong uang ku kembalikan,Sadness
8148,lawan kecurangan elemen,Fear
8149,lapisan preventif kotak plastik kubis diterima ember mucikari menutup toko,Anger
8150,kesekian kalinya tatanan gingseng nya ckup membantu menaikkan imun tubuh kondisi soup mandung direbus diminum air rebusannya thank,Love
8151,aneh penjual lapisan lapisan gulungan gelembung gulungan penjual menjual gelembung menjual vga huh,Fear
8152,selamat mulus berfungsi sempurna seller sabar dikonsultasikan mengemas aman recommended,Love
8153,datangnya sedih not recomended,Sadness
8154,pelayananya buruk ditingkat lg,Fear
8155,beli paket paket bintang tl,Anger
8156,fast respon sesuai pesanan kualitas bagus semoga berkah,Happy
8157,harga murah fisik terima gaa sesuai harapan lampu gagang gaa berfungsi zoom gaa berfungsi parah udah kasih jam keluhan via chat seller aja online utamain kepuasan pelanggan nyari keuntungan gaa berkah,Fear
8158,layanan pengiriman diganti konfirmasi memuaskan,Anger
8159,kecewa teman sekelasnya dilapisi plastik bening bantalan betina privasinya jangka,Sadness
8160,,Fear
8161,suka banget strap maskernya lucu bagus bangett recommended bgt jdi langganan sihhh,Love
8162,senang sabun efisien apagi dipakai olahraga,Love
8163,mengunggah mentransfer file komputer pemain padalhan data kabel usb terbaik memperbarui drive usb membeli kartu memori eksternal ditulis internal,Sadness
8164,alhamdulillah paket dgn cepat suaranya jernih seneng denger radio rodja seller ramah responsif semoga awet produknya semoga berkah seller,Happy
8165,ga gunanya atc ga dikasi bubble bikin rugi aja,Anger
8166,selamat recommended seller,Love
8167,harga bersaing muatan sesuai pesanan nambah extra packing kardus bubble wrap muatan aman selamat alhamdulillaah sahaja beli tujuan mungut sampah puntung rokok seller seller tes berhasil mungut sampah puntung rokok memakainya mudah lumayan ya beratnya kalo megangnya pegel hehe anyways terima kasih ya seller,Love
8168,roti keras,Anger
8169,barang sesuai deskripsi recommended high quality product seller packaging ok,Love
8170,barang rusak,Sadness
8171,nya bagus kurirnya rela mengantarkan walupun gerimis salut kurirnya,Love
8172,desain ergonomis gampang dipakai,Happy
8173,kualitas konstruksi pecah air retakan air terbaik,Fear
8174,bagus banget kabel nya rgb nya pengiriman nya cepet terima kasih,Happy
8175,beban pengiriman kirim timbangan,Sadness
8176,barang sesuai deskripsi berfungsi paketnya dikirim rapi terima kasih,Happy
8177,muaanntttaaappp syamsul,Love
8178,mantabh surantab customer service nya reliable kartu nya dahsyat signal tetep seteroooong dibawa pelosok korea makasih yah kak,Happy
8179,terhubung laptop menjalankannya memasukkan cd dibaca meluncurkannya disk terkompresi disk eksterior,Sadness
8180,produk cuman teksturnya kasar overall positive thanks seller,Happy
8181,barangnya original kemasan disegel gk ad buku garansi sma anti gores sofkeswarna sesuai pesanan,Happy
8182,kalinya beli barang online kecewa banget barang dibeli pcs dateng pcs ongkirnya lumayan mahal beratnya sesuai,Sadness
8183,talinya bagus,Happy
8184,barang original cek keasliannya coba berfungsi pengiriman pos indonesia gilaaaa cepet nya ampun dah gak obat beli sabtu sampe purwokerto minggu gilaaaaa cooooy wow diluar ekspetasi fitur berfungsi produk sesuai deskripsi suaranya bagus jernih,Happy
8185,mantab pengiriman cepat packaging terbaik,Love
8186,aman bayi trimakasih,Happy
8187,ukuran produk sesuai,Happy
8188,lampu penolakan berjalan mengembalikannya berat surat dikirim mengirimkannya mengujinya segel diuji minimum merekomendasikan bintangnya,Anger
8189,respon cepat barang bagus,Happy
8190,produk berfungsi produk sesuai udah dipake makasih yaa,Happy
8191,sy terima package makanannya rusak terbuka bekas kecewa,Sadness
8192,barang kerugian mengganti paket buruk mohon pelajaran,Sadness
8193,jujur memaksa barang menjual barang dikirim sesuai orderan pembeli disuruh mengirim barang memiliki solusi bala barang ditawarkan,Anger
8194,arrived safely yayy makmur banget thank uuu mizan sosial banget bukunya ga defect apapun yuhu puass thank youu mizan,Love
8195,sabun mint mint mandi dingin,Love
8196,jasa pengiriman nya ganti konfirmasi memuaskan,Anger
8197,melamun modelnya indah bahan dingin warnanya indah jahitan elegan,Love
8198,harga terjangkau bandingkan jrpass penukaran nya next time order kesini,Happy
8199,salah size xl dikirimnya s,Fear
8200,kemasan buruk kotak memesan bra bro rusak,Anger
8201,barang dikirim dikasih brahmana kans,Fear
8202,barang pertma coba samsung terbaca pasang cctv ternyta ga coba samsung ga pensran coba oppo ternyta ga pensran coba disamsung ternyta dh ga umur kasih bintang klaim garansi ternyta ribet belnja apliksi toko enkn tko kepenjual disurh komplain toped komplain toped disurh komplain gimna baiknuy pok kapok,Fear
8203,enaaaak order,Love
8204,respon seller ok banget pisangnyaaa enakkk manis nagih,Happy
8205,kualitas sesuai harganya,Happy
8206,fast respon pengiriman cepat,Happy
8207,pengiriman cepat harga murah bahan sesuai harga,Happy
8208,game rusak game save biarlah ngga protes harap seller cek ricek barang kirim barang rusak kaya gini rugi konsumen seller pembeli kota,Fear
8209,bagus murah harganya oke pakai worthed,Happy
8210,puas krn bahannya beda yg digambar ekspektasi bahan tebal ternyt tipis bgt,Sadness
8211,beli pcs pcs berfungsi barang disegel service bongkaran komplain dipusat resolusi dtanggapi,Sadness
8212,harga termurah kualitas layanan teratas recommended product recommended seller,Love
8213,packing pengiriman cepatt udh kali belanja toko puas pelayanannya terima ksih yah,Love
8214,kasing kardus robek kotak tanda karat strip led,Sadness
8215,kuning emas emas buruk penjual,Anger
8216,barang bagus packing rapi pengiriman cepat,Happy
8217,berhasil,Sadness
8218,konten bukunya salah materi twk salah kunci jawabannya sedih banget belajar,Sadness
8219,permukaan screen guard kasar tisu basah nya sdh kering packing aman pengiriman cepat,Happy
8220,mantap barang dgn harga yg ekonomis kualitas barang tdk ekonomis recommended seller nih,Love
8221,barang rusak ga berfungsi ga mainin parahhh,Sadness
8222,lubang matras pas buka plastiknya,Sadness
8223,kalimat kosong kecewa menggangu membaca,Sadness
8224,barang lengkap yidak belanja toko remi loreal,Fear
8225,suka membeli,Love
8226,gampang dipakai gampang packaging aman,Happy
8227,belanja ditoko penipuan yg dikirim barang murahan gak diganti selisih harga,Fear
8228,pengiriman cepat sesuai pesanan dibungkus rapi terima kasih barang sdh diterima dgn,Happy
8229,membeli pahlawan orian berlangganan pokonya,Love
8230,jamnya produk tokcer foto berangin,Love
8231,beli isi ulang pena dikirim isi ulang pena menjual hati jujur,Fear
8232,cancel ganti tgl pengiriman aja byk cincong,Anger
8233,seringkali berbelanja dikumpulkan aamiin,Love
8234,gelembung pengisian,Anger
8235,order minggu sampainya rabu lambat nya ampuun tanyain info overload orderan itupun selasa dikirim ga konfirmasi overload orderan ga tanggungjawab,Anger
8236,kecewa,Sadness
8237,kecewa bagt barang yg kirim sesuai uda langganan ko kecewain gitu uda komplin ko ga respon ya,Sadness
8238,pengiriman sesuai jadwal pengiriman proses proses anjurkan jgn beli toko pelayanan buruk cepat membalas chat beli klau beli bales read,Fear
8239,berfungsi fast charge jalan,Happy
8240,warna menawan puas gambarnya,Love
8241,jar bahannya salim yg lumayan tutup jar pita tlg diperhatikan lubangnya gampang ditarik smp lepas tp terbalik dgn tutupnya stick yg kekecilan lobangnya stick plastik g masuk hrs diganti tutup stick jd tutup pita tp pe er ngerjainnya krn udh keiket gt izin reviewnya salim,Fear
8242,packing pengiriman aman dilapisi plastik tipis dpt menyebabkan kerusakan produk produk yg terima mengalami lekukan tutup menimbulkan bercak menutup rapat mohon packing yg lbh aman penjual konsumen nyaman,Sadness
8243,pokoknya yg beli barang rusak klaim tpi seller alasan stiker garansi blm mohon dipikir beli,Fear
8244,beli dikirim,Fear
8245,kualitas bagus pegang banget stiker tes gampang terkelupas not recomended kualitas yg murah,Sadness
8246,jebol bentuk pra istilah,Sadness
8247,kualitas barang mengecewakan menampakkan nama onemed,Sadness
8248,masker terfavorit ga bikin uap dikacamata nyaman dipakai harga oke banget mantap,Love
8249,minggu pesanan gagal pickup penjual reaksi komplain toped langsung dikirim pesan tgl mei tgl juni tau yg salah penjual kurirnya yg tau isinya yg yg botol mengecewakan orderan yg kesekian kali kali ampun dah ganti seller yg penjual respon jualannya,Anger
8250,gepuk fresh gak enak dah berjamur sayang bgt beli dibuang deh,Sadness
8251,ukuran banget jumbo xxl,Sadness
8252,kualitas material,Love
8253,produk sesuai deskripsi penjual merodok kirim tdk solutif dituliskan wejangan keterangan,Fear
8254,respon cellernya mati nungguinnnn pengiriman nunggu berhari pake pengiriman instan dah bayar ongkir mahal celler pembeli tinggla jakarta utara g arekomen pembeli cari emosi nungguin,Fear
8255,uda pembelian nihh,Love
8256,frame kacamata nya ramah tipis sptnya gampang patah ngakbseperti kacamata,Fear
8257,terbenam anyir karet kuat,Fear
8258,barang bagus sesuai kualitas harga proses respon lambat mesti,Happy
8259,kak pesanan batalkan uang kembalikan,Anger
8260,barang berfungsi packaging aman packaging aman barangnya original,Happy
8261,sesuai deskripsi yg muat anak aja kekecilan panjangnya,Fear
8262,pengemasannya rapi kurir pengiriman cepat direkomendasikan,Love
8263,ga sesuai pesanan,Sadness
8264,bak mandi,Love
8265,ukurannya,Anger
8266,sesuai deskripsi cocok anak,Fear
8267,sebentar pakai patah pikir besi plastik,Sadness
8268,garansi resmi kelengkapan sesuai kemasan disegel spesifikasi sesuai,Happy
8269,selangnya longar pianika yamaha original gak dipake,Sadness
8270,langganan beli simcard jr pass servicenya oke banget chat wa responsif pengiriman cepat sy urgent puas banget langganan terima kasih,Love
8271,membina,Love
8272,alhamdulillah terimkasih seller tas nya bagus bnget anak suka langsung dipakai sekolah seller ramah proses pengirimanya cepat bikin puas pembeli doakan sukses usahanya semoga maju,Love
8273,pengiriman lelet request warna g acc kecewa,Sadness
8274,barangnya gak pesan balon hati beda gak sesuai,Sadness
8275,pelayanan buruk pengiriman barang buruk banget sampainya kapok beli gak,Fear
8276,terpasang dgn kaca sesuai ukuran yg dipesan rapi kaya kaca mata mahal mantab thanks cairan lens,Happy
8277,baso nya asemmm basi ngga molek orang beda beda yah pulau deh klau beli jamin basiii,Anger
8278,beli buah dikirim enaknya ngomong pengembalian dana careful tokonya sengaja,Anger
8279,alhamdulillah barang hangat beli kali pesanan proses lajak,Love
8280,barang dikirim sesuai promosi mengecewakan,Anger
8281,puas banget harga segini worth banget sih respon penjual order pagi siang udh sampe pake kurir instan recommended,Love
8282,diluar ekspektasi banget yg beli drugstore dgn harga huhu serius iseng beli gegara bnyk review yg blg bagus harga klo ga cocok ga sakit hati ga taunya bagusss cepet kering ga gumpal,Happy
8283,beli serbuk sari tekankan permainan anak dikirim tanggung toko,Anger
8284,sy pesan kemarin paket bagus pesan pket ininya rusak,Sadness
8285,kecewa pengepakannya aman ekspedisi produknya baut,Sadness
8286,dikirim cepat merespons,Fear
8287,kecewa,Sadness
8288,pengiriman mainan gak berfungsi,Sadness
8289,terkecil dimuat mesin cuci electrolux melampaui bahan tahan air,Fear
8290,lucu warnanya disarankan nilai murah murah aturannya,Love
8291,barang sesuai permintaan silakan kumpulkan barang hati,Fear
8292,beli kirim keluhan rugi solutive beli kapok,Anger
8293,kertas daur ulang sedih ga puas,Sadness
8294,dah x nya beli dsni puas packing rapih pengiriman cepat jg respon penjual cepat gak dapt free apapun gak pa pa yg harganya murah,Happy
8295,deskripsi mc iklan paket terima pengisi daya transformator kotak micro sd happter,Fear
8296,udah beli tpi gaak sertakan huh bohong,Anger
8297,prosedur lem lem lengket kehabisan lem kering pita prosedur sandal ditarik kesal,Anger
8298,maaf sya kasih bintang keterangan udh pilihan warna kuning rusa pilihan warna warna kuning warna hijau biru yg dteng warna pink stok warna yg konfirmasi kecewa si karna anak cowo cewek kasih warna pink kali sblum kirim coba cek,Fear
8299,masker nyaman dipakainya sesak bagus,Happy
8300,pcs dikirimnya pcs dikemasan paket barang dikirim,Sadness
8301,pipetnya dikirim,Fear
8302,proses packing lambat,Sadness
8303,barangnya bagus,Happy
8304,sesuai harga lumayan kencang speaker hp,Happy
8305,kwalitas bagus harga terjangkau,Happy
8306,jelek silikon pelindungnya ditekuk gampang jatah sobek gitu kualitas lamounya yg bayangkan dibawah kualitasnya philips,Anger
8307,nempel susah nempel dashboard,Fear
8308,babak seimbang,Fear
8309,melayani,Anger
8310,pesan meo tuna jelly kucing sukanya dikirimnya baca gak ya trus diapain doank buang pesan sesuai doank barang kosong bilang main ganti,Anger
8311,busa tipis ukuran pakai sobek harga mahal,Sadness
8312,baguuussss packing rapui cepat terimakasih seller sukses selaluu,Love
8313,motifsuuuu bagus biaya,Love
8314,kecewa belanja toko respon penjual cuek tanggapan barang tumpah basah minggu tau kirim nya pengiriman nya,Sadness
8315,cinta bangettt produk rambut jd lembut wangi bangettss always pake shampoo mah exp packingan mantap,Love
8316,kekecewaan pengemasannya bagus membungkus gelembung ditulis catatan reservasi,Sadness
8317,pasir licin anak diseret memakai sandal licin,Sadness
8318,masker bagus bahannya nyaman gampang kusut pesan warna putih warna talinya hitam gak cocok warna maskernya,Sadness
8319,beli tgl pesanan selesai tanggal tanggal tikus tikus mengeluh dipopang admin mengklaim garansi membantu mengobrol bal bal gk gk,Anger
8320,flash disknya selamat packingnya aman bgt rapi game aman dimainkan kayaknya dapet bonus game jg dalamnya terima kasih kak kelengkapan sesuai gamenya seru,Love
8321,gak mandraguna,Sadness
8322,bola daging ditingkatkan buruk orang berbeda selera pulau membelinya jaminan dijamin,Anger
8323,dipotong sesuai permintaan,Fear
8324,uda beli toko puas banget banget adminnya banget karna butuh cepet response thank,Love
8325,bli nyala kecewa,Sadness
8326,bagusss ngga mengecewakan packingnya aman banget kemasan bar,Love
8327,kemasannya memakai plastik mudah mangap rawan bocor sebanding harganya,Fear
8328,alat pelnya berdaya tp dr barang yg pesan cm dikirim item alat pel aja jepitan jemurannya gak dikirim innvoicenya ditulis items trnyt penjualnya kasar yah pake ngancem kl ksh bintang mrk tdk santuni ngecek pengiriman,Anger
8329,busa yg telurnya kempes,Fear
8330,alhamdulillah barang berguna membeli pesanan prosesnya,Love
8331,nyaman harga kompetitif olahraga murah,Love
8332,packing aman pengiriman cepat,Happy
8333,bagusssssss sekalaaaaaaaaaaaaa uuhuy,Love
8334,kualitas,Happy
8335,cacat selainnya oke,Happy
8336,packing kardusnyasperti udh buka gk rapih,Sadness
8337,original pengemasan pengiriman standar siiiipplll,Happy
8338,magnetik perekat melekat sempurna melekat lampu jatuh kecewa magnetik wadah kuat rusak merusak lampu jatuh lantai,Sadness
8339,kecewa pelayanan nya,Sadness
8340,pengiriman cepat packaging nya okeee banget isinya sesuai ga gampang macet pas dipakai pokonya bagusss bangettt terima kasih joyko,Happy
8341,cairan ga cocok xiaomi hancur diffuser nya cairan mengandung oil yg korosi material garansi diffuser nya jd void parah ah,Sadness
8342,paten mantab rapi rekaman respons cepat berkualitas bingit,Love
8343,barang update bintang cek kondisi barang,Happy
8344,pesanan sesuai diharapkan mengecewakan barang kecacatan pengemasannya rapi kuat pengirimannya cepat respon penjual cepat ramah semoga sukses terimakasih,Happy
8345,tokonya terbaik sii mah udh order anak ultah pesen printilannya skg anak ultah belinya mantap,Love
8346,mantapp mengepak respons rapi cepat direkomendasikan,Love
8347,lampu yg kebakaran yg nya udah dijemur sblm dipasang acc,Sadness
8348,kualitas produk produk original harga produk kecepatan pengiriman respon penjual,Love
8349,dicoba berpengaruh proses pengiriman penjual cepat pegang,Sadness
8350,aneh aja sih seller ditambahin yg baris baris aja bubble aja roll aja seller jualan bubble jualan vga bandar yaa,Fear
8351,produk pabriknya pengemasan aman barang pecah,Fear
8352,wow keren bgt,Love
8353,sulit angin bocor,Fear
8354,penjual mengirim barang membeli mengeluh menuduh pembeli berbohong perbedaan perbedaan cobalah memeriksa sistem penyortiran,Anger
8355,produk berfungsi,Happy
8356,kebocoran pabrik terdekat isolasi cairan berguna botol aman,Anger
8357,harapan sausnya bau berasal paketnya bagus,Fear
8358,ya puas makasih,Happy
8359,pengemasan barang kondisi barang jg utuh cacat berfungsi normal lancar respon servis seler,Happy
8360,bahan bagus kualitas bagus sesuai harga,Happy
8361,packing rapih pinggir buku rusak,Sadness
8362,membelinya colokan rumah,Sadness
8363,menggunakannya duamya merasakannya,Fear
8364,menit rusak tingkat kualitas,Sadness
8365,pengiriman cepat packaging rapi produk sesuai pesanan kualitas produk sesuai harga,Happy
8366,kualitas chargeran jelek bangettt pakai rusakk,Anger
8367,mantap hijau terang cuman sayang kelipet kotak kotak gatau ngelurusinnya gimana disetrika kayaknya lengket,Happy
8368,kualitas bahan bagus kelengkapan sesuai packing bagus seller fast respon recomended,Love
8369,barang penjual direkomendasikan,Love
8370,karung sesuai pesanan,Sadness
8371,elemennya manis buku buku lambat berkurang,Love
8372,pesen dikirim,Anger
8373,matras nya sobek,Sadness
8374,toko barangnya lengkap beneran tersedia kadang toko lengkap tp pas dikirim yg gada lengkap recommended seller,Happy
8375,paketnya cuman bungkusnya doang barangnya nda,Sadness
8376,toko sporty kooperatif berbelanja buruk toko dinonaktifkan keluhan bertanggung mengobrol tokped wa tanggapannya berkeliaran bertanggung makan uang istri berhati toko,Anger
8377,pengiriman cepat susun minggu barang cube piece cube polos lemarinya kokoh berharap penjual mengirim part kuranganya perbaiki bintangnya barang berudi terima saran tabel verifikasi part asesoris nya pasang merek resmi komplain lembaga perlindungan konsumen indonesia,Fear
8378,kaca buram cairan baunya porstex hati hati membeli,Fear
8379,recomended seller dibimbing tiket ecardnya masuk ancol dufan lancar terima kasih,Love
8380,bingkai kacamata bagus rusak mudah kacamata,Fear
8381,roti keras,Anger
8382,obrolan membutuhkan pengiriman jawabannya membayar mengunduhnya berantakan,Anger
8383,mantabsss barang ori rambut subur warna hitam nya,Happy
8384,mantap donk produk original,Love
8385,seller sombong shok ngirim lambatttt pake day bangunnya siang kali,Anger
8386,penjual memaksa membatalkan pesanan maen kirim aja ajukan pembatalan silahkan nikmati uang haram,Anger
8387,pengiriman cepat barang bagus packing rapi terimakasih,Happy
8388,seller ngeyel bgt uda belanjanya thermal dgn beratnya roll kali dpt roll berat retur byk x alasan penurunan kualitas atao isi silahkan yg srg belanja cek aja jualan kgk usa bgitunya,Anger
8389,pengiriman cepat kabel sesuai plus dikasih bonus pelindung kabel top,Happy
8390,adegan kemasan murni bagus penjualnya cepat,Love
8391,bahannya panas ga nyerap keringat yah namanya rupa harga,Sadness
8392,penjual direkomendasikan bertanggung celana beja,Love
8393,barang sesuai pesanan mantap dipakai sdh prnh pny sblmny tp ilang makany beli lg barang yg triger super awet dn oke bs sgala jenis smartphone tebal gw salut sm kecepatan proses kemasan dn kirimny toko rekomen bgt bsk gw beli lg dehh,Love
8394,warna kuning spt warna putih tdk spt gambar dikotak,Sadness
8395,produk hasil mengecewakan,Sadness
8396,kualitas produk bagus jahitan rapi potongannya rapi desainnya cantik,Happy
8397,alatnya eror,Sadness
8398,sdh berabonemen memakai cat sablon resultan ajib seller nya ajib,Love
8399,barang sesuai gambar pengirimannya dipercepat mantap,Happy
8400,produk diterima kondisi pengiriman cepat packing rapi respon penjual oke,Happy
8401,proses cepat diperlakukan langsung kios pengiriman pengiriman disarankan cepat,Love
8402,notrecomedet respon lambat pengiriman lambat penjual ramah janji bonus,Fear
8403,dicuci,Sadness
8404,jahitan rapi warnanya cantik,Happy
8405,nyaman dipakai kualitas bahan bagus bahannya adem,Happy
8406,bawaan deskripsi mukena nya tebal toko nya rekomended,Love
8407,kancing nya bbrp kali pake copot kuat,Sadness
8408,brg udah ny yg dtng doraemon udah chat setara paket adminny dtngny,Sadness
8409,yg cacatt lubang,Sadness
8410,salah,Fear
8411,mantap barang ori packing oke harga promo muraj aja promo ya,Happy
8412,seller kirim beban beli dikomplain bilang ga nuduh buyer bohong uang selisihnya coba cek tuh sistem sortir disananya ga bikin kalo nilep mah,Anger
8413,bagus original suara lumayan touch control nya berfungsi batre lumayan awet,Happy
8414,cocok kucing pemakaian masuk minggu perkembangan,Fear
8415,maennanya macet g nutup mulutnya,Sadness
8416,bocornya merembes penyamakan selesai,Fear
8417,barang diterima order mei skrg agustus,Fear
8418,kekecewaan toko penyesalan toko paket paket paket mencapai tujuan pembeli direkomendasikan barang bertanggung,Sadness
8419,puas banget,Love
8420,brg nya blm sampe blm diterima tp diaplikasi uda selesai aja aneh,Anger
8421,trima kasih yah berfungsi dgn produk nyaman mudah dipakai packing aman kualitas bahan dijamin termurah,Love
8422,lampunya terang pancaran cahaya lampu yg produk original langsung pasang tinggal liat cahaya mlm gmn,Happy
8423,beli bolpen refill yg dikirim mainan rumpun toko nih,Anger
8424,isinya bagus lilin tulisan ulang terpapar fraktur dimasukkan pengiriman kardus elemen lengkap berkualitas kebocoran senaaaang terima kasih,Love
8425,permintaan playdough dikirim aplikasi berurutan dikirim byr penuh,Fear
8426,materi acak sesuai harapan terima kasih,Love
8427,barang penyokkkkk ga ganti krn tdk unboxing record,Fear
8428,mengecewakan battery berfungsi,Sadness
8429,cobain langsung sobek tengahnya hahaaa maklumlah harga menentukan kualitas,Sadness
8430,harganya murah kualitas barangnya keren abis gak nyesel dah belinya,Happy
8431,ga ngerti konsepnya gimana pas dibuka pensilnya langsung patah gini hadeh,Anger
8432,promo ditawarkan marketing payah alibinya free gimmick berlaku toko wilayah tangerang barang tawarkan toko tangerang free gimmick dicantumkan toko cabang aneh,Anger
8433,barang nya dikirimnya,Sadness
8434,sulit membuatnya mengerti pengemasan rumit robek merobek kertas acc kangmas,Anger
8435,kualitas bahan packing aman dijamin termurah produk nyaman mudah dipakai,Love
8436,kecewa pengiriman pembatasan pengiriman pesan tgl diambil dikirim tgl terima tgl dimaklumi eh pas udah diterima dpt kotak pesan,Sadness
8437,sweater nya lumayan miskomunikasi ya terimakasih ya,Happy
8438,busa doank rekomendasikan,Anger
8439,itemnya buruk cepat rusak tali dirilis,Anger
8440,orng nnya responnya jutek bgt aja kali cm ga ngajak debat sombong bgt penjual kyak bgini,Anger
8441,barang dikirimkan sesuai orderan maxim balasan dibaca tokopedia dikomplain transaksinya selesai dananya diteruska maxim barang tokopedia bilang dichat pintar jawabannya komplain kalo penjual merespon bobrok sistemnya,Fear
8442,kendaraan ramping kendaraan ramping senang layanan rumah senang dipasang bengkel,Love
8443,amnesti review kisas seller produk harganya murah dr recommended,Love
8444,bahan panas tipis,Anger
8445,suka banget wangi bgt teksturnya bagus bangeetpacking rapi,Love
8446,produk sesuai deskripsi lipatannya mudah hilang disetrika jdnya kliatan lipatan difoto,Happy
8447,kebocoran risiko karet tertunda bocor drat memenuhi dipenuhi macet,Sadness
8448,pegawai nya fokus nih pengiriman bukunya kirim dengn nama,Anger
8449,pengirimannya cepat packingannya bgs,Happy
8450,barang yg dikirim sesuai barang yg dipesan,Sadness
8451,roll diambil nampak potongan mencong mencong jualan untungnya,Anger
8452,sesuai dg yg bam pengeras dikasih bam jagung tuh fotony kecewaaaaaaaaaa,Sadness
8453,pagus mengulangi pengaturannya,Love
8454,respon admin buruk sprti ulasan yg seakan chat dg robot sdh note jual mnta packing aman dtg exp minimal sprti review yg okt eh sengaja dikirim experience juli deskripsi mmg juli ketawalah skrg admin pt bayer nnti dtg menangisss,Anger
8455,elemen buruk,Sadness
8456,terimakasih barangnya sudahsampai bagus berguna baget sihh pengiriman cepat,Happy
8457,respon pengiriman cepat packing rapi recommended seller,Love
8458,diadili berbuah proses pengiriman penjual terima cepat,Sadness
8459,ampuuuuuunnn plastik bening malu orang menjual membeli online paket ditempatkan pos keamanan khusus paket suasana hati membelinya,Fear
8460,poharhh pengepakan cm debu debu,Anger
8461,pesen warna putih loh yg dateng item,Sadness
8462,barang lucu unik pengiriman barang jg cepat,Happy
8463,dicoba berpengaruh proses pengiriman penjual cepat terima kasih,Sadness
8464,muat ukuran kaki suami suka ga tebel ga tipis nyaman lembut positive,Happy
8465,gampang imut ukurannya,Love
8466,muatan original pengemasangan lajak seller fast respon,Love
8467,udh maksimum nian beli juara oriannya langganan pokonya,Love
8468,pengiriman cepat kualitas bagus gak yg cacat packingan kuat rapih kokoh banget gak nyangka gede banget tks sukses,Happy
8469,item kondisinya dihancurkan pengemasan robek,Anger
8470,bahan alami aman kulit bayi nggak lengket nggak memicu alergi melembabkan kulit bayi bahan pengawet packaging rapi packaging aman respon penjualnya top proses pesanan cepat penjualnya ramah bange,Happy
8471,susah bikinnya ga ngerti ribet packing yg lecek robek kertasnya akur mas,Anger
8472,toko toko mati,Fear
8473,baguuuus sisir halus mencoba menggunakannya bulu,Love
8474,puasssssssssssssssssssssssss,Happy
8475,gw pesen dikasih warna gila ni yg jual,Anger
8476,barang yg dikirim gak sesuai promosi mengecewakan,Anger
8477,kondisi mati lampu hijaunya hidup batrainya berkurang tampa pakai,Sadness
8478,wanginya enak respon seller n pengiriman cepat,Happy
8479,pesan cappuccino ungu gelap ohhhhhhhhhhhhhh,Sadness
8480,aglikk,Anger
8481,mantul ok,Love
8482,pesan yg putih kirim yg sesuai,Fear
8483,keripik tempe packingnya kopong edit asin banget beh ga recommended yah mecin orang tau dikomplain ga pake asuransi komplain worth ga yg dihabiskan komplain penjual yg ga terima kritik ga layak bintang maap yah perbaikin lg packingnya ekspedisi manapun kalo packing keripik pake plastik kosong ga padat ya ancur dus pake buble mubazir,Fear
8484,kecewa membeli pc kemasan berlubang digigit tikus,Sadness
8485,membeli pemotong mengirim kode pemotong kode pemotong,Fear
8486,barang mencapai pesanan disarankan,Love
8487,orderan yg kali puas unit bor nya mantap seller ramah gercep kurir cepat next order,Love
8488,lem kualitas lambat aibon,Anger
8489,produk nya ok kaca bersih karet nya ok kain pembersih nya ok jg bersihin kaca walopun dipasang,Happy
8490,celana masuk awak ibnu pesannya menaikkan ukurannya,Sadness
8491,quality barang jelek baut lepas,Anger
8492,udang red bee yg dipesan tdk sdh dikomplain diteruskan tokped dana nya penjual,Anger
8493,membeli elemen menekan terima mengulangi videonya video masuk rekaman,Fear
8494,item rusak seminggu tanggapan penjual buruk garansi obrolan,Fear
8495,berfungsi aki normal beli langsung cas led indikator nya ngga jalan,Sadness
8496,sabun mint mint mandi dingin,Love
8497,jari bertindak sulit hidup terkadang hang hang freeze blank komputer diganti gk respons direkomendasikan seumur hidup garansi direkomendasikan seumur hidup,Fear
8498,barang bagus,Happy
8499,bawaan cocok pesanan recommended,Love
8500,proses ya cepet banget ng sampe jam langsung proses ng lapak yg yg tanggerang pengiriman cepet banget recomended banget,Love
8501,kualitas produk bagus,Happy
8502,sebagus gambar kain tepi neci aja jahit lipat ya harga segitu,Sadness
8503,kecewa sih pesannya iya berasa celana xl heedewhh bikin kecewa toko bahannya tipis,Sadness
8504,dtrima barusan cacat ga mulus kesan spt bekas ketara sudahlh thanks,Sadness
8505,pengiriman lokasi toko jakarta kirim yogyakarta,Anger
8506,barang cepat kualitas bagus pengiriman aman pecah manstapu,Happy
8507,sampe udah rusak,Sadness
8508,oke mantap pengiriman cepat seller ramah fast response produk sesuai harapan thanks,Happy
8509,kecewa teman sekelasnya plastik transparan platform wanita jangka,Sadness
8510,bola bagus bagus disukai anak,Love
8511,pesan merah muda percaya merah muda abu abu selesai fitur obrolan mengonfirmasi pembeli bersedia mengubah warna kardus rusak barang dijual penjual maaf cacat solusi cacat penjual proses membeli jumat pagi diproses senin alasannya sabtu libur pegawai rat sipil barang nyaman menggunakannya dalamnya panggul the kesimpulan penjual direkomendasikan,Anger
8512,menerawang mudah dibentuk jahitan rapi nyaman dipakai warnanya cantik modelnya cantik bahannya adem,Love
8513,toko elemen rusak mengharuskan konsumen dikenakan penjual gelembung dikenakan pembeli,Anger
8514,bahannya tipis,Sadness
8515,ga tahan kalo dipake makan tahan merk sebelah,Fear
8516,pesanan posisi rumah bentaru selatan jakarta bekasi penjual pengemudi gojek mengambil jalan alternatif hellowwww surat cepat tarif sepeda motor internet rumah dibutuhkan rumah dibutuhkan orang tuanya penjual tolong kali penjual barang dikirim langsung surat cepat mengambil,Anger
8517,lampu nya mengecewakan tdak nyala,Fear
8518,lapisan pelindung plastik wraping dus yg diterima penyok ember lecet pengiriman minggu sampe nya rabu jakarta beli nya toko official resmi tampan beli toko yg beli ditoko yg hadiah sampe batasan murah packing tampan toko resmi hancur hadiah tutup aja tokonya,Anger
8519,colok listrik nya lampu batre nya udh full cas aki berfungsi alat nya,Sadness
8520,lumayan dipake tp ga certificatenya,Happy
8521,ngirim bagasi persis,Fear
8522,gambar penawaran seleksi pengganti berisi hadiah harga tersisih,Fear
8523,bagusssss bangeeettttt,Love
8524,barang rumah kerusakan pengiriman dicoba memuaskan terima kasih,Happy
8525,pengiriman,Sadness
8526,solusi berharap uang berkah gelar master administrasi bisnis,Anger
8527,kotak paket nya kegedean coklat gak dibungkus bubble wrap kotak paket gak tambahan kertas pengisi bentuk coklat nya udh amburadul,Fear
8528,bau kualitas buruk melukis karpet,Fear
8529,warnanya sesuai permintaan,Anger
8530,pengiriman cepat aman thank ubs,Happy
8531,kualitas suara bagus kualitas built jg bagus kualitas battey ok banget kekurangannya ngga mic spertinya krn device detek mic jd kalo dipake telponan hrs ttp pake mic internal device enak sekedar denger musik nonton maen game,Happy
8532,yg bentuk donat dateng ikan alhasil kucing doyan mubazir deh terpakai,Sadness
8533,jahitan rapi warnanya cantik mudah dibentuk,Happy
8534,respon pengirimannya siang wasiat malam,Love
8535,bahannya adem tebalnya pas jahitan rapi lngganan beli repeat order recomended seeller,Love
8536,respons pengiriman sengaja diubah pengiriman batasan pembatalan otomatis item berubah pengiriman tanda terima kurir,Anger
8537,produk harga terjangkau ramah admin berkualitas responsif pengiriman mencoba pengiriman barang kemasan pembeli rumah aman terima kasih,Love
8538,proses cepat produk berfungsi dgn,Happy
8539,bagus,Love
8540,dpat produk harga pas barangnya memuaskan desain unik cocok relaxing terima kasih,Happy
8541,overall memuaskan layar bagus ipsnya ga sebagus ips tv warna bagus ga oversaturated brightness terang pakai gelap silau biar brightness udah layar putar cm kaki gampang kedorong refresh rate terbukti cepat fps mantab asa softwarenya bagus jd setting ga tombol dpt kabel display port desain keren bezelless nice,Love
8542,sabun nyaaa pakee mint nya kerasaa bangettt enk sih licin mandi kyk apatis gitu,Love
8543,proses pengiriman yg,Fear
8544,seller packing pengiriman cepat nya barang sesuai deskripsi berfungsi terima kasih,Happy
8545,packing rapih balon foil kusut dilipat dimasukkan kedalam plastik yg size oke tp yg size lecek kusut chat udah bilang dijual lg lecek gak kasih orang,Anger
8546,bahan tipis packing yg ga udah sengaja peser kerdus kirim selembar ga,Anger
8547,barang sesuai pesanan mohon pendataan barang cermat,Fear
8548,produknya bagus toko melayang pembeli diharuskan mengembalikan produk melemparkan surat toko membeli,Fear
8549,pakai esktra bubble udah bayar dikirim bubble,Anger
8550,packingnya memuaskan,Anger
8551,kali kecewa kedaluwarsa otoritas minum meminumnya pastikan sejarahnya kecewa terang,Sadness
8552,barang nya bagus kain elastis mantap,Happy
8553,pembelian sejahtera barang disukai mengawur produk disukai anabul,Love
8554,pilih daily masker onemed packing pengiriman dipercepat top pokoknya terimakasih,Happy
8555,suara dihasilkan kit giga bass glerr ditambah lg preeamp mic tr karaoke,Happy
8556,muatan yg tdk sesuai orderan proses komplain lma berbelit belit,Anger
8557,warna sesuai yaudalah drpd ngirim,Fear
8558,ngirim barang teliti,Fear
8559,produk cepat amandemen berterima kasih,Love
8560,kecewa beli pcs kemasan bolong sperti gigit tikus,Sadness
8561,alat pelnya bagus tp dr barang yg pesan cm dikirim item alat pel aja jepitan jemurannya gak dikirim innvoicenya ditulis items trnyt penjualnya kasar yah pake ngancem kl ksh bintang mrk tdk bantu ngecek pengiriman,Anger
8562,barang bagus sesuai harapan pouchnya mantap seller ok kasih barang sesuai iklan,Happy
8563,pesanan sesuai mmg sperti adminnya yg krg jeli trhadap jenis parfum yg dipesan,Fear
8564,beli item pompa elektrik charge pakai penjual respon membantu kecewa not recomendded,Anger
8565,gmn ssd nya gak pake sy ganti,Anger
8566,kualitas fungsi material stabil pengiriman respons cepat cepat jaminan termurah dijamin,Love
8567,pake normal menit volume suka liat riview jg barangnya nasib barang promo,Sadness
8568,kondisi drum pad rapi lem meleleh,Fear
8569,wilayah dingin gritongan hhaaaa,Anger
8570,menyusut,Anger
8571,kue mencoba kue masam memperlombakan penjual dikonsumsi makan,Fear
8572,beli barang dikirim komplain dijanjikan barang dikirim yg kurangnya dikembalikan uang mengecewakan rugi bayar ongkir jd barang tdk dikirim,Sadness
8573,produk original harga murah packing bagus pengiriman cepat,Happy
8574,produk bagus sesuai pesanan fast response pengiriman cepat,Happy
8575,kendala normal makasih respon toko percakapan,Happy
8576,harga juta packagingnya pakai selembaran plastik kebangetan bgt deh huhuuu sampe dirumah dus korsetnya sampe,Anger
8577,lehernya patah seller nya ga ganti rugi gatau cek ngga kirim,Fear
8578,bagus mengecewakan pengepakan aman,Love
8579,barang sesuai pesanan udh coba oke packing rapih mksh,Happy
8580,pengiriman cepat packing disukai enak melengkapi asupan nutrisi pertumbuhan menjaga kesehatan,Happy
8581,barang printer dikirim admin rusak online membalas obrolan klaim garansi,Fear
8582,berjanji kotak kaleng orang kotak kecewa,Sadness
8583,udah ketiga kali best banget asli cepat gak obattt,Love
8584,botol dikirim sesuai produk produk,Sadness
8585,kecewa banget tripot nya ngga ring light nya tripotnya patah,Anger
8586,diluar ekspetasi banget sambelnya gak seger bacin gada manis packaging nya sih rancak,Fear
8587,barang jalan,Sadness
8588,beli mohon maaf tolong mencoba tes fisik kirim tdk coba tp tdk coba alhasil cacat pembeli return merepotkan pembeli maaf,Fear
8589,ragib makasih kak,Love
8590,ga packing bubble nya,Anger
8591,celemekny dah dateng packing kertas amplom coklat pengiriman cepat,Happy
8592,batasan emang ga bohong gampang patah yg kerjar kualitas disarankan tp yg kejar murah silahkan,Fear
8593,korset mantap gak gatal nutup perut sepenuhnya ga duduk,Happy
8594,barang sesuai packing aman pengiriman pengemasan cepat blm dicoba semoga cocok,Happy
8595,foto pembeli serumnya dipakai dingin panas,Happy
8596,memesan barang promo dikirim disuruh pengembalian uang mengirim penjualan penjualan kelas penjualan toko resmi,Anger
8597,barang sesuai thx toko pedia,Happy
8598,berlangganan,Love
8599,terima kasih barang diterima bagus bahan n designnya nyaman dipakai,Happy
8600,bonus huhu,Sadness
8601,keluhan,Fear
8602,bahan tipis mudah robek lem nya lengket sulit buka lem bahan yg tipis menempel ga pasang buang tong sampah,Fear
8603,admin cekatan barang paking rapi,Love
8604,belanja kalinya barang ori packing super aman mantap,Love
8605,plastiknya sobek bukunya kotor tolong kali cek dikirim,Fear
8606,cacat kabel adaptor usb berfungsi,Anger
8607,sampe barang blm sampe halu express blgnya tanggung jwb dg membayar tokopedia tp dr tokopedia ga transfer penggantian ga yg tanggung,Fear
8608,top bgt,Love
8609,puas produk layanan cacat kondisi tertutup reformasi cacat pabrik pengiriman keluhannya,Anger
8610,puas beli cepet packing rapih dpt hadiah,Happy
8611,sulit membuatnya mengerti mobilisasi kompleks robek merobek kertas ya,Anger
8612,barangnya jelek lubang yg posisinya gak presisi jd gk dimasukin bautnya terasing,Anger
8613,elemen lengkap verifikasi dikirim kirimkan kehilangan pelanggan mengirim kekurangan elemen rumit,Fear
8614,mainannya rusak gak dipake,Anger
8615,pemahaman,Love
8616,zonk bgt,Anger
8617,proses operasi pembelian transportasi,Anger
8618,barang sesuai deskripsi seller fast response pengiriman aman rumah,Happy
8619,kecewa produk partikel hitam dalamnya membersihkan tangan pembersih kotor membeli,Sadness
8620,pesanan minggu rabu lambat info pesanan kelebihan pesanan selasa konfirmasi kelebihan beban tanggung,Anger
8621,nyaman ga licin mantebbb,Happy
8622,menerima produk surat cepat memanggil surat cepat barang dikirim perjanjian menerima paket,Fear
8623,ngga bs charging fast charging kecewa udah pake kepala charger semia ngga bs charging colok laptop yg ngga koneksi charging,Sadness
8624,respon pengirimannya siang pesan malam,Love
8625,elemen cocok pengaturan keluhan kompleks,Anger
8626,barang aman cuman pengiriman,Happy
8627,barangnya barang kemasan pabrik,Fear
8628,uucchh gemezzz syukaaa,Love
8629,maaf kecewa pengguna fahhampton membeli isi tes tester farhampton jatuh percintaan langsung membeli beralih hak bertahan proyek penguji baunya jatuh percintaan tes aroma,Sadness
8630,sabun lezat berolahraga,Love
8631,bagasi sesuai antaran mohon pendataan bagasi cermat,Fear
8632,saudara laki ps tombol hijau kancing hijau mati,Fear
8633,kualitas barang bagus produksi terbaru kemasan penjual sederhana cepat,Love
8634,pengiriman dibungkus plastik bening doang,Anger
8635,harga murah kualitas produk,Happy
8636,ga info bohong bikin pengalaman menyenangkan kalo beli produk dbe cari toko laen tipu tipu headphone dateng bikin kuping sakit,Fear
8637,alhamdulillah barang diterima dg respon penjualnya top sukses abang kurirnya,Happy
8638,delivery packing mantap pengiriman cepat barang build quality mantap solid responsif kyknya beneran ori rumble amiibo klik home button auto,Happy
8639,botol perincian pakingnya zonk bgt,Anger
8640,buku ori pengiriman cepat aman pakai bubble wrap,Happy
8641,produk sesuai deskripsi penjual penjual komunikatif cekatan semoga kendala pemakaian thanks seller,Happy
8642,pengemudi bagus itemnya pintar,Anger
8643,elemen cocok peringkat pesan warna hitam,Sadness
8644,barang mencoba permulaan mesin meninggal berkali penjual hidup obrolan menanggapi dana diterima penjual tokopedia membantu keluhan kecewa keluhan disuruh tunggu diperiksa diperiksa informasi barang solusinya berbelanja tokopedia a pengembalian dana menanggapi item lakukan membeli suka membeli barang perbaikan dikirim kesal,Anger
8645,respon lambat pengiriman lambat toop kapok bgt,Fear
8646,kayak pelayanannya,Anger
8647,beli pcs normal kendala stuck house cartridge nya gak step nya normal ikutin manual,Fear
8648,kecewa sih jilbabnya ukuran banget gak dipakai dewasa,Sadness
8649,barang sesuai yg pesan warna pudar yg pesan yg kirim model kancing,Sadness
8650,sayang banget ditukar resleting rusak negative quality maaf kecewa,Sadness
8651,busa datar telur,Fear
8652,kehamilan buku buku mahal mengurangi sukai buku membeli buku,Love
8653,ga tahan mgg beli rusak,Sadness
8654,alhamdulillah produk membantu membersihkan wc pakai sikat berisik kerak tertinggal sikat kotor tergantikan cooger sikat toilet bahan karetnya membantu membersihkan wc disegala membangunkan anak bayi berisik bunyi sikat membersihkan toilet ember mandi membersihkan dudukan wc dijangkau sikat toilet konvensional tips menempelkan dinding keramik kamar mandi dibersihkan lap kering hair api dibagian ditempel perekatnya menempelkannya memasang pelindung kaca layar hp dikeluarkan udara didalamnya menempelkan tergantung duluan pakai udara didalamnya udara didalam perekatnya cooger emang sesuai slogannya rekomended,Happy
8655,membeli orang memiliki kabel pengisi daya,Fear
8656,elemen diterima kondisi rusak pembeli mengeluh penolakan penjual tokobida memediasi sayangnya situasi mudah mengirim barang direkomendasikan toko cenderung cenderung dipercaya,Fear
8657,kecewaaaa bangett pengiriman barang lamaaaaaa sekaliii sesuai estimasi nya melebihi sampe lebihhh estimasi nya kecewaaaa,Sadness
8658,packing rapi pengiriman cepat seller responsif produk bagus ori recommended pokoknya,Happy
8659,lilin bagus saudara lelaki lilin sultan,Love
8660,penjual responsif direkomendasikan,Love
8661,prosesnya,Anger
8662,bahan tipis kayaknya ga pakai,Sadness
8663,warnanya pekat penjualnya ramah banget desainnya lucu packaging aman packaging rapi respon penjualnya top proses pesanan cepat desainnya mewah aplikator mudah dipakai cocok kulit kering cocok kulit berminyak,Happy
8664,kecewa bgt packing nya aman expedisi produknya cema kunarpa baut nya udah dibuka brg trus body nya kunarpa lecet tombol power nya patah,Sadness
8665,toko elemen rusak pengenaan biaya konsumen penjual gelembung dikumpulkan pembeli,Anger
8666,kali spons terpisah lem bagus,Sadness
8667,harga terbaik cashback adminnya cepat responnya makasih,Happy
8668,cepat pengirimannya packing aman,Happy
8669,memiliki kualitas,Sadness
8670,seindah yg dibayangkan,Sadness
8671,plastik terpisah tenang,Fear
8672,baterai rusak bilang menghubungi pemasaran menunggu minggu kelanjutan,Anger
8673,respond pengiriman cepat barang ok,Happy
8674,respon cepat bungkus rapi enak terima kasih,Happy
8675,masker yg campak,Fear
8676,barangnya oke harganya jg terjangkau packingnya rapi bgt jempolan sellernya,Happy
8677,beli official store tgl feb eh feb udh siang sungguh thank bangettttt cussons dapet harga flass sale jd murah,Love
8678,kayaknya yg baterai yg jelek drop males kirim tp kali jalan setting tanggal jam mulu tombol charge warna merah gak nyala,Sadness
8679,build quality produktif retak minuman retakan minuman maksimal,Fear
8680,harganya murce bgt drpd jajan yg mending jajan emas ditabung seller gercep dr pendapa jd kayanya langganan terima,Love
8681,packingnya best banget deh pokoknya aman kotak double sterofoam didalam kotak botol aman,Love
8682,beli kemasan kirim kemasan bintang kon tl,Anger
8683,kemasannya bagus,Happy
8684,kecewa th anakku umur bln gk muat hamparan gk halus gk melar tipis kecewa pokoknya,Sadness
8685,keluhan,Fear
8686,layanan,Anger
8687,order warna hitam kosong deskripsi produk cancel tetep hajar dr penjual packing rapi experience buruk,Sadness
8688,menerawang bahannya adem,Happy
8689,sayang ditukar ritsleting rusak kualitas negatif maaf kecewa,Sadness
8690,pake nya ampas,Anger
8691,lucu warnanya disarankan laba murah murah aturannya,Love
8692,sepadan ekspektasi kecewa valrhona chocolate sisanya gak enak intinya kecewa,Sadness
8693,dikirim brg sih packing rapih ya tp bocel sm kaki tripod karetnya yg ilang trs balikim barangnya kasih bubble wrap balikin tp seller kirim brg barunya ga pake bubble wrap alhasil lecet dibilang dr seller ktnya hrs xtra bubble wrap tau gt balikinnya gausa make bubble wrap,Anger
8694,pas barang nggak berfungsi berfungsi suara keterima dgn transaksi langsung klik selesai besoknya error sisi penjual nggak dgn produk error setlh transaksi diklik selesai nggak diretur kepaksa ulasan diedit bintang deh pake yg model kabel,Fear
8695,bahannya nyaman nyaman punggung beban tersebar merata desain ergonomis gampang dipakai penjualnya ramah banget bahannya fleksibel,Happy
8696,tissue pembersih alat bantuan memasang kecewa,Sadness
8697,kartu sellernya sigap,Happy
8698,baunya sereh yg nihh pengangkatan rapih n,Love
8699,belanja kalinya puas pengiriman lumayan cepat overall bagus banget,Happy
8700,barang sesui pesana,Happy
8701,sesuai pesanan,Happy
8702,toko beban jebol permintaan konsumen penjual gelembung dibebankan pembeli,Anger
8703,mengecewakan profesional niat membeli layar hp yg terkirim speaker phone,Sadness
8704,order hitam dikirim biru respons,Fear
8705,penjual tdk memperhatikan catatan pembeli menyalahkan pembeli,Anger
8706,barang bagus pengiriman cepat minus packaging nya rapi pakai plastik rekomen sih harga segini,Happy
8707,elemen rusak seminggu tanggapan penjual jaminan percakapan,Fear
8708,proses transportasi benih tipis,Fear
8709,sungguh menyedihkan beli pcs barang pecah sdh komplain garansi nggak,Sadness
8710,mengobrol jawabannya membayarnya terbebani berantakan,Anger
8711,singletnya lucu bahannya lumayan tenang aga tipis sampainya lajak recomended tokonya,Love
8712,mantappp maaf ga sempet foto produknya makasih bonus pouchnya ka semoga sukses,Love
8713,teller mata cetak ayam kecewa rapi,Sadness
8714,bukunya bagus original sayang dapet binding bawahnya bagus,Happy
8715,menerawang mudah dibentuk nyaman dipakai jahitan rapi bahannya adem warnanya cantik modelnya cantik,Love
8716,bagus barangnya udah berkali kali beli,Love
8717,murah sesuai harganya barang sulit dibutuhkan tangan cahaya berat harga murah diharapkan,Fear
8718,buruk kaleng bentuk super prehence,Sadness
8719,packing jamin girang pakai bubblewrap cepet kelewat prosesnya senin malam cekout paginya kirim rabu sore cepat puas terimakasih sukses yah tech cube,Love
8720,kayaknya smua barangnya kempeess makannya dituliss klo kempes gabisa pindah,Fear
8721,barang aja gak selaras tonggak,Sadness
8722,hand sanitizernya oke banget wanginya enak bikin tangan halus abis dipakai semoga pas kulitku sensitif ga bikin sakit,Love
8723,berjanji kotak kaleng orang kotak kecewa,Sadness
8724,tulisannya kayak kopian teladan putar,Fear
8725,barang rusak dikirim,Anger
8726,pengklasifikasian dikirim,Anger
8727,ulas sih mintanya tumbuk halus kritis,Anger
8728,service pengiriman cepat,Happy
8729,kelengkapan permainan menyenangkan permainan terbaik kesekian kalinya membeli dsni aj memuaskan memuaskan esensi penjual komunikatif komunikatif mengemas perlindungan rapi pengiriman terjaga terjaga rapi terjaga rapi terjaga rapi terjaga rapi terjaga rapi terjaga rapi terjaga rapi terjaga rapi terjaga rapi terjaga rapi terjaga rapi terjaga rapi terjaga rapi terjaga rapi terjaga rapi terjaga rapi terjaga rapi terjaga item aslinya proses pengiriman cepat bonus tumbler ucapan terima kasih bro membeli dsni langsung mengecewakan sempurna markotop terbaik terbaik terbaik terima kasih yh bro sukses,Love
8730,pinknya tipis menerawang pengirimannya buruk barang dikirim minus jam batal otomatis order penjual via dm disuruh sabar alasan status barang proses nunggu orderan biar dikirim,Sadness
8731,pengalaman membungkus gelembung,Anger
8732,banget exp kemas susu babel warp dikardusin kardusin ok terimakasih,Happy
8733,mic ga berfungsi,Fear
8734,pujian barang barang berguna membeli permintaan proses,Love
8735,dikirim buruk,Anger
8736,nympe,Anger
8737,barang sesuai gambar paking rapih,Happy
8738,keren banget adminnya dibantuin hehe fast respon gamenya yaa,Happy
8739,sesuai harga,Happy
8740,harga barang kompetitif sesuai pesanan kardus pengepakan tambahan bungkus gelembung barang aman aman berterima kasih tuhan sengaja membeli tujuan mengumpulkan puntung rokok penjual penjual menjawabnya dijawabnya mencapai tes berhasil sampah bokong rokok menggunakannya mudah bagus berat menahannya hehe terima kasih penjual,Love
8741,pesanan jenis ikan yg dikirim bulet hadeuuuh,Anger
8742,mikro rusak tingkat kualitas,Sadness
8743,elemen cocok,Fear
8744,bahan bagus tebal spertinya ga cepet longgar halus breathable pengiriman super cepat penjual komunikatif smoga barang awet puas belanja toko thanks,Happy
8745,barang bagus saran utk pengiriman tolong kotak nya dikasih tulisan fragile jatuhin pagar alhamdulillah gak pecah barangnya,Happy
8746,bagasi kemasan,Anger
8747,barangnya original garansi resmi suaranya jernih noise cancellation mantap harganya terjangkau nggak penjualnya ramah banget proses pesanan cepat,Happy
8748,ukuran sesuai bahannya tebal rapi respon penjualnya top,Happy
8749,kue bertanggung kue tanggal india mengeluh penjual dikonsumsi dimakan,Fear
8750,udh top banget beli juara oriannya langganan pokonya,Love
8751,bagus produknya pembelian mantapp min smoga laris,Love
8752,packing rapi suka barang bagus bgt semoga awet,Happy
8753,terbiasa berbelanja abbott kali penyok promo stok penyok toko cabang bermasalah berbelanja toko cabang,Anger
8754,pesanan dikirim,Anger
8755,bahannya kaku gpp tebal,Happy
8756,toko bawaan rombeng dibebankan konsumen penjual gelembung dibebankan pembeli,Anger
8757,bagus banget,Love
8758,barang yg dibeli tdk berfungsi utk komplain hrs video unboxing pdhal kerusakan fisik beli official store tdk menjamin kualitas barang,Fear
8759,mantappppp,Love
8760,mantappppppppppppppppppppppppppppppppp,Love
8761,kualitas ok respond penjual cepat,Happy
8762,seller sih ok pengiriman cepat barang import cek produksi teliti pemeriksa sapu banting terkait sempurna coba lem,Fear
8763,obrolan imbalan memasuki sesi dijanjikan,Anger
8764,terbaikkk sayang banget emasnya gemoy,Love
8765,barang dikirim mantapp bahannya tebal tahan air cocok utk air seller fast respon thx u,Love
8766,packing jelek brg dtng kotaknya amar bh susut bh,Anger
8767,cakep bet dah duduk aja kursi sampe ga berdiri,Love
8768,berkepanjangan,Anger
8769,bro ps tombol hijau tombol hijau mati,Fear
8770,packaging aman packaging rapi desainnya lucu respon penjualnya top maap fotonya burem ss video unboxing,Love
8771,nyoba varian micelar water nya biar cocok kayak varian micro essence nya loreal harga diskon pulak cintaaa transmisi aman terimakasih tokped loreal,Love
8772,sandalnya meresap anak kepleset lintasan pakai sandal bawahnya meresap,Sadness
8773,perbaiki suka produk solid berfungsi sesuai deskripsi membeli,Love
8774,kekecewaan pemegang leg cincin tripot rusak,Anger
8775,buruk busuk,Anger
8776,bahan panas tipis,Anger
8777,barang yg dikirim hrsnya cek konsumen byr gratis paku rivert nya yg sebelah tutup penahannya yg sebelahnya nggak tutup penahannya copotlah klo pake gimana sih,Anger
8778,wangi nya kyk parfum refill mirahan,Anger
8779,packing rapih aman tujuan hadiah,Happy
8780,sesuai pesanan yaa bgt smpx tp kualitas bahan mantap dijamin termurah berfungsi,Happy
8781,penjual tanggapan cepat pengepakan pengiriman pengiriman cepat aman barang lengkap diinstraksi terima kasih terima kasih lott,Love
8782,bahan alami melembabkan kulit bayi aman kulit bayi nggak memicu alergi penjualnya ramah banget,Happy
8783,salah kirim produk admin banget balesnya proses retur gak,Anger
8784,barddi nyaman menghentikan penundaan jam tidur tinggal pagi rumah alat bardi cctv mencapai mudah aula,Love
8785,konsumen ga dianggap attitude pokok semestinya dinomorsatukan,Anger
8786,sesuai dg yg bam pengeras dikasih bam jagung tuh fotony kecewaaaaaaaaaa,Sadness
8787,warnanya lucu ringan tp jd keliatan ga kokoh kayak mudah rusak barang datangnya kayak ga yg lecet body embernya tangkainya mesti wrapping biar ga gesek body ember,Fear
8788,dikemas dobel plastik beli gorengan jahitan yg rapih,Sadness
8789,kecewa krn barang dlm box dibuka pecah botol pecah dibagian isinya tdk yg tersisa,Sadness
8790,coklatnya lembek benyek,Anger
8791,sy usaha jd sy tdk menjelekan usaha org sya toleransi klo beli colokan jebol sy anggap kurir tpi transaksi lampu nyala admin jualan cek pac kirim jujur kecewa beli bagasi murah yg jebol donk kali belanja toko,Anger
8792,beli dikirim,Fear
8793,pdhl beli tanggla bilang souvenir dtg cm susu nya payah,Anger
8794,obrolan membutuhkan jawabannya membayar mengunduhnya bangkrut,Anger
8795,muatan sesuai antaran silakan kumpulkan muatan hati hati,Fear
8796,seller fast respon pengiriman super cepat,Happy
8797,barang sesuai deskripsi berfungsi dgn makasih jga responnya yg,Happy
8798,produk asli donk bagus,Love
8799,bahan indah ukuran model stitches indah indah jahitan,Love
8800,kali pesen kaos kaki bahan bagus enak banget dipakai harga super terjangkau pengiriman cepat,Happy
8801,dijualnya barang yg udah expired pantesan aja koq murah,Fear
8802,menyesal gue belanja loe cuy,Anger
8803,pesan double box beli sepatu kado maksudnya biar ga rusak box aslinya pas sampe barangnya box nya box aslinya aja bungkus alhasil box aslinya udah complain ditanggapi sayang belanja toko cm jd mengecewakan,Sadness
8804,seller bertanggung bija celana tenang recommended,Love
8805,barang dng dus yg layak banget kado jd malu dgn kondisi mengenaskan,Sadness
8806,ga amanah,Anger
8807,harga murah deh packing aman banget dilapisi bubble wrap tebal dus tebal,Happy
8808,hadeh lemnya aja gak tuh double tapenya,Anger
8809,cepat paketnya bahan satin bagus halus cegak nian orangnya,Love
8810,produk bertepatan deskripsi penjual salah solusi instruksi ditulis deskripsi,Fear
8811,respon cepat barang sesuai pesanan tingkatkan kepercayaan kepuasan pelanggan recommended,Love
8812,sampul bagus peyot membeli buku,Anger
8813,kecewa udah batalkan pesanan produk aja dikirim gak ribet admin terima pesanan langsung kemas big sekelas official store poin plusnya produk yg dikirim sesuai dipesan,Sadness
8814,warnanya tdk sesuai ekspektasi,Sadness
8815,ga kuat strap,Sadness
8816,mantap proses pengerjaan pengiriman barang sesuai deskripsi,Happy
8817,dtrima barusan kekeliruan ga mulus indikasi spt bekas ketara sudahlh thanks,Sadness
8818,pengiriman cepat admin ramah langganan dah kedepannya,Happy
8819,item sesuai tanggapannya lambat dikirim jam sameday dikirimkan diterima cat transaksi siang mengemas barang pengiriman sederhana barang,Fear
8820,order pake kardus dikirim pake plastik doang,Fear
8821,pengaturan pengirim,Anger
8822,wewangiannya nyaman anak penjual babil berharga,Love
8823,negatif botolnya praktis kebocoran lihat ulasannya botol eh botolnya bagus,Sadness
8824,packing berantakan yg bocir tumpah,Anger
8825,barang kabel yg dikasih rusak pakai kabel biar lampu nyala next qc nya bs tingkatkan,Sadness
8826,salah,Fear
8827,kesan warna merah hitam dikonfirmasi obrolan,Sadness
8828,bocor payahlah ga periksa,Anger
8829,baterai pabrik,Sadness
8830,barang sesuai kualitasnya pelayanan toko bagus responsif,Happy
8831,barang diterima dg aman udah tes duduk pake dimobil nyaman kualitasnya bagus tebal pembelian toko tahunan yg danvalas duduk silikonnya yg tebal barunya rekomendasi bgt yg nyari alas duduk silikon silakan mampir toko seller fast respon,Love
8832,bohong cegak,Anger
8833,order khawatir krn pas sudut packing bubble wrap robek sptnya terbanting kotaknya jg tp alhamdulillah warna biru berfungsi dgn tutup bwhnya lepas warna hitam hidup mati suara jg nyaring stlh charge hidup mati alhamdulillah suara gedean tdk senyaring warna biru overall lumayan bagus sesuai harga terimakasih,Happy
8834,hasilnya bagus memuaskan terimakasih,Happy
8835,kotak dirakit bahan tipis patah diterima krn packing tdk tdk komplain krn unt un boxing barang murah wasting time belanja item barang un boxing repot,Sadness
8836,psen yg mix dikirimnya warna orange,Sadness
8837,membeli benih telepon toko barang bawaan menawarkan nampan murah amerika serikat mengirim sinar uv kalah,Anger
8838,respon proses cepat pengiriman toko rekomendasi,Love
8839,gx recomended barang jelek dikirim gx sesuai warna pemesan chat dl kynya ready pesanan jg sy sertakan catatan kirim warna born tp dikirim warna gx recomended pokoknya mending cr toko sy catatan pemesanan tp penjual gx baca detail,Fear
8840,bahan tipis menyesal membeli tes,Sadness
8841,barang cacat sablonnya rapih luntur diterima,Sadness
8842,pengiriman banget kurirnya gagal pickup lumayan berat packingnya tipiss bublewrap strikanya jg menurutku ga panas jd setrikanya,Fear
8843,beli kemasan kirim kemasan bintang kon tl,Anger
8844,asli samsung pelayanan,Love
8845,selesaikan kompleks internet,Anger
8846,payah pesen beda warna tp warna keterangan,Anger
8847,toko terbodoh packing ancur packing barang busuk pesanan sesuai tujuan membeli toko bodoh membeli usb mini fan anggaran dasar barang ready toko ready hasilnya sero sampe rumah selipin uang refund usb mini fan klk barang kentut cancel aja tolol harap customer berpikir berkali kali belanja toko tolol kecewa membeli nya terimakasih,Anger
8848,mantap sesuai deskripsi gambar,Love
8849,expd nya exp kesel aja uda beli yg mahal dr toko dapet expd,Anger
